Název,Adresa / umístění,Adresa_GPS,Popis_zdroje,Zdroj,Kontakt_mapy,Kontakt,Kraj,Poznámky_mapy,Poznámky,Příští plánovaná kontrola,Poslední proběhlá kontrola,Dní do kontroly,Stav pro mapu,Barva bodu,GPS_lat,GPS_lon,GPS_status,GPS_nalezeno_jako,GPS_poznámka,Klíč_adresy,Poslední_kontrola,Příští_kontrola,Dní_do_kontroly,Stav_kontroly,Barva_bodu,Všechny_termíny,Zdrojový_soubor,Zdrojový_řádek,Rok výroby,Serviska,Hlídáme sami termín,Hlavní kontakt,Jaký zdroj,Umístění,DŮLEŽITÁ POZNÁMKA,Měsíc_1,Měsíc_2,Měsíc_3,Měsíc_4,Měsíc_5,Měsíc_6,Měsíc_7,Měsíc_8,Měsíc_9,Měsíc_10,Měsíc_11,Měsíc_12,Sloupec_21,Cena FZ,Faktura na,Protokol s fakturou na,Smlouva ano/ne,Sloupec_27,Sloupec_28,Sloupec_29,Sloupec_30,Sloupec_31,Sloupec_32,Sloupec_33,Sloupec_34,Sloupec_35,Sloupec_36,Sloupec_37,Sloupec_38,Sloupec_39,Sloupec_40,Sloupec_41,Sloupec_42,Sloupec_43,Sloupec_44,Sloupec_45,Sloupec_46,Sloupec_47,Sloupec_48,Sloupec_49,Sloupec_50,Sloupec_51,Sloupec_52,Sloupec_53,Sloupec_54,Sloupec_55,Sloupec_56,Sloupec_57,Sloupec_58,Sloupec_59,Sloupec_60,Sloupec_61,Sloupec_62,Sloupec_63,Sloupec_64,Sloupec_65,Sloupec_66,Sloupec_67,Sloupec_68,Sloupec_69,Sloupec_70,Sloupec_71,Sloupec_72,Sloupec_73,Sloupec_74,Sloupec_75,Sloupec_76,Sloupec_77,Sloupec_78,Sloupec_79,Sloupec_80,Sloupec_81,Sloupec_82,Sloupec_83,Sloupec_84,Sloupec_85,Sloupec_86,Sloupec_87,Sloupec_88,Sloupec_89,Sloupec_90,Sloupec_91,Sloupec_92,Sloupec_93,Sloupec_94,Počet_termínů,Umístění zdroje,Sloupec_8,Cena FZ v Kč,Protokol na,Adresa_GPS_původní,Adresa_GPS_puvodni_pred_zjednodusenim
"Adamov u Brna, Svitavská 3, BD","Adamov u Brna, Svitavská 3, BD","BD, Svitavská 3, Adamov u Brna, Česká republika",ASTIP PS 100kVA/20kVA/3F - 45 minut,ASTIP PS 100kVA/20kVA/3F - 45 minut,Watzke 774 087 046,Watzke 774 087 046,Jihomoravský,,,,,,Bez termínu,šedá,50.19127,15.84298,upraveno - znovu geokódovat,,Adresa automaticky upravena pro Mapy.com; spusť znovu geokodér.,"adamov u brna, svitavská 3, bd, česká republika",,,,Bez termínu,šedá,,"Kalendář FZ - 12 měsíců, 2023.xlsx",3,2021,,,,ASTIP PS 100kVA/20kVA/3F - 45 minut,,,,,,,,,,,,2026-03-01 00:00:00,,,,,,,,,,,,,,,,,,,,,,,,,,,,,,,,,,,,,,,,,,,,,,,,,,,,,,,,,,,,,,,,,,,,,,,,,,,,0,"Adamov u Brna, Svitavská 3, BD",,,,"Adamov u Brna, Svitavská 3, BD, Česká republika","BD, Svitavská 3, Adamov u Brna, Česká republika"
"Adamov, Náměstí práce, EDEN","Adamov, Náměstí práce, EDEN","Adamov, Náměstí práce, EDEN, Česká republika",ASTIP STRONG 3 000VA/3F -3C/1H,ASTIP STRONG 3 000VA/3F -3C/1H,David Trojtler 724 186 341,David Trojtler 724 186 341,Jihomoravský,15.10.2021 STOP STAV,15.10.2021 STOP STAV,2026-11-14,,194.0,Více než 60 dnů,zelená,49.30246,16.65101,OK Mapy.com,,čeká na přesné geokódování,"adamov, náměstí práce, eden, česká republika",,2026-11-14,194.0,Více než 60 dnů,zelená,2026-11-14 (plánovaná),"Kalendář FZ - 12 měsíců, 2023.xlsx",4,2018,,,,ASTIP STRONG 3 000VA/3F -3C/1H,,,,,,,,,,,,,14/26,,,,,,,,,,,,,,,,,,,,,,,,,,,,,,,,,,,,,,,,,,,,,,,,,,,,,,,,,,,,,,,,,,,,,,,,,,,1,"Adamov, Náměstí práce, EDEN",,,,"Adamov, Náměstí práce, EDEN, Česká republika","Adamov, Náměstí práce, EDEN, Česká republika"
"Albrechtice, Nemocniční 492_4, LDN","Albrechtice, Nemocniční 492_4, LDN","LDN, Nemocniční 492/4, Albrechtice, Česká republika","ASTIP STRONG 68kVA/7,5kVA/3F-30 minut/EI45","ASTIP STRONG 68kVA/7,5kVA/3F-30 minut/EI45","Varecha David, 603 557 218","Varecha David, 603 557 218",Moravskoslezský,"vytopený zdroj, nabídka na nový, objednali","vytopený zdroj, nabídka na nový, objednali",2026-01-24,2025-07-24,-100.0,Po termínu,červená,50.1611,17.57442,upraveno - znovu geokódovat,,Adresa automaticky upravena pro Mapy.com; spusť znovu geokodér.,"albrechtice, nemocniční 492/4, ldn, česká republika",2025-07-24,2026-01-24,-100.0,Po termínu,červená,2025-07-24 (proběhlá); 2026-01-24 (plánovaná),Kalendář FZ - 6 měsíců.xlsx,3,"2023, nově 2025",,,"Varecha David, 603 557 218","ASTIP STRONG 68kVA/7,5kVA/3F-30 minut/EI45","Albrechtice, Nemocniční 492_4, LDN",,24/26,,,,,,24/25,,,,,,,,,,,,,,,,,,,,,,,,,,,,,,,,,,,,,,,,,,,,,,,,,,,,,,,,,,,,,,,,,,,,,,,,,,,,,,,2,,,,,"Albrechtice, Nemocniční 492/4, LDN, Česká republika","LDN, Nemocniční 492/4, Albrechtice, Česká republika"
"Aš, Kostelní 43","Aš, Kostelní 43","Aš, Kostelní 43, Česká republika","PS 1000/3f, 7 minut","PS 1000/3f, 7 minut",,,Karlovarský,"2024 -není složka, ani kontakt - mrtvá věc STOP STAV","2024 -není složka, ani kontakt - mrtvá věc STOP STAV",,,,Bez termínu,šedá,50.22634,12.18674,OK Mapy.com,,čeká na přesné geokódování,"aš, kostelní 43, česká republika",,,,Bez termínu,šedá,,Kalendář FZ - 6 měsíců.xlsx,4,,,,,"PS 1000/3f, 7 minut","Aš, Kostelní 43",,,,,,,,,,,,,,,,,,,,,,,,,,,,,,,,,,,,,,,,,,,,,,,,,,,,,,,,,,,,,,,,,,,,,,,,,,,,,,,,,,,,,,,0,,,,,"Aš, Kostelní 43, Česká republika","Aš, Kostelní 43, Česká republika"
"Aš, Nemocniční 52, Carvac","Aš, Nemocniční 52, Carvac","Aš, Nemocniční 52, Carvac, Česká republika",PS 4000/3f-45 minut,PS 4000/3f-45 minut,pan Dvořák 607 974 879,pan Dvořák 607 974 879,Karlovarský,,,2026-07-14,2026-01-14,71.0,Více než 60 dnů,zelená,50.22357,12.20282,OK Mapy.com,,čeká na přesné geokódování,"aš, nemocniční 52, carvac, česká republika",2026-01-14,2026-07-14,71.0,Více než 60 dnů,zelená,2026-01-14 (proběhlá); 2026-07-14 (plánovaná),Kalendář FZ - 6 měsíců.xlsx,5,2014,ano,,pan Dvořák 607 974 879,  PS 4000/3f-45 minut,"Aš, Nemocniční 52, Carvac",,14/26,,,,,,14/26,,,,,,,,,,,,,,,,,,,,,,,,,,,,,,,,,,,,,,,,,,,,,,,,,,,,,,,,,,,,,,,,,,,,,,,,,,,,,,,2,,,,,"Aš, Nemocniční 52, Carvac, Česká republika","Aš, Nemocniční 52, Carvac, Česká republika"
"Bechyně, Novodvorská 301, Alšova jihočeská galerie","Bechyně, Novodvorská 301, Alšova jihočeská galerie","Bechyně, Novodvorská 301, Alšova jihočeská galerie, Česká republika",ASTIP PS LIFTBACK 7 500/3F -sjezd,ASTIP PS LIFTBACK 7 500/3F -sjezd,Seifert 777 239 959,Seifert 777 239 959,Jihomoravský,"chybí signál S-OK, výtah nerozpozná režim sjezd","chybí signál S-OK, výtah nerozpozná režim sjezd",2027-03-10,,310.0,Více než 60 dnů,zelená,49.29839,14.46904,OK Mapy.com,,čeká na přesné geokódování,"bechyně, novodvorská 301, alšova jihočeská galerie, česká republika",,2027-03-10,310.0,Více než 60 dnů,zelená,2027-03-10 (plánovaná),"Kalendář FZ - 12 měsíců, 2023.xlsx",5,2020,ano,poznámka,,ASTIP PS LIFTBACK 7 500/3F -sjezd,,,,,10/27,,,,,,,,,,,,,,,,,,,,,,,,,,,,,,,,,,,,,,,,,,,,,,,,,,,,,,,,,,,,,,,,,,,,,,,,,,,,,,,,,,,1,"Bechyně, Novodvorská 301, Alšova jihočeská galerie",,,,"Bechyně, Novodvorská 301, Alšova jihočeská galerie, Česká republika","Bechyně, Novodvorská 301, Alšova jihočeská galerie, Česká republika"
"Bedřichov 290, hotel","Bedřichov 290, hotel","Bedřichov 290, hotel, Česká republika",PS 7500/3F -30 minut + RPO,PS 7500/3F -30 minut + RPO,Březina  725 511 293,Březina  725 511 293,Liberecký,,,2025-10-24,2025-04-24,-192.0,Po termínu,červená,50.78426,15.15979,OK Mapy.com,,čeká na přesné geokódování,"bedřichov 290, hotel, česká republika",2025-04-24,2025-10-24,-192.0,Po termínu,červená,2025-04-24 (proběhlá); 2025-10-24 (plánovaná),Kalendář FZ - 6 měsíců.xlsx,6,2018,ano,ano,Březina  725 511 293,PS 7500/3F -30 minut + RPO,"Bedřichov 290, hotel",,,,,24/25,,,,,,24/25,,,,,,,,,,,,,,,,,,,,,,,,,,,,,,,,,,,,,,,,,,,,,,,,,,,,,,,,,,,,,,,,,,,,,,,,,,,,2,,,,,"Bedřichov 290, hotel, Česká republika","Bedřichov 290, hotel, Česká republika"
"Benešov, Máchova 400, Nemocnice Rudolfa a Stefanie","Benešov, Máchova 400, Nemocnice Rudolfa a Stefanie","Benešov, Máchova 400, Nemocnice Rudolfa a Stefanie, Česká republika",ASTIP STRONG LIFTBACK 75kVA/3F-45 minut,ASTIP STRONG LIFTBACK 75kVA/3F-45 minut,Ježek 724 754 287,Ježek 724 754 287,Středočeský,,,2026-10-08,2026-04-08,157.0,Více než 60 dnů,zelená,49.78721,14.68029,OK Mapy.com,,čeká na přesné geokódování,"benešov, máchova 400, nemocnice rudolfa a stefanie, česká republika",2026-04-08,2026-10-08,157.0,Více než 60 dnů,zelená,2026-04-08 (proběhlá); 2026-10-08 (plánovaná),Kalendář FZ - 6 měsíců.xlsx,7,2024,ano,ano,Ježek 724 754 287,ASTIP STRONG LIFTBACK 75kVA/3F-45 minut,"Benešov, Máchova 400, Nemocnice Rudolfa a Stefanie",,,,,8/26,,,,,,8/26,,,,,,,,,,,,,,,,,,,,,,,,,,,,,,,,,,,,,,,,,,,,,,,,,,,,,,,,,,,,,,,,,,,,,,,,,,,,2,,,,,"Benešov, Máchova 400, Nemocnice Rudolfa a Stefanie, Česká republika","Benešov, Máchova 400, Nemocnice Rudolfa a Stefanie, Česká republika"
"Bohumín, BONATRANS","Bohumín, BONATRANS","Bohumín, BONATRANS, Česká republika",2 x ASTIP STRONG 2 kVA/3F -17 minut,2 x ASTIP STRONG 2 kVA/3F -17 minut,Zdařil 725 747 002,Zdařil 725 747 002,Moravskoslezský,,,2022-08-10,2022-02-10,-1363.0,Po termínu,červená,49.88854,18.35114,OK Mapy.com,,čeká na přesné geokódování,"bohumín, bonatrans, česká republika",2022-02-10,2022-08-10,-1363.0,Po termínu,červená,2022-02-10 (proběhlá); 2022-08-10 (plánovaná),Kalendář FZ - 6 měsíců.xlsx,10,2017,,,Zdařil 725 747 002,2 x ASTIP STRONG 2 kVA/3F -17 minut,"Bohumín, BONATRANS",,,10/22,,,,,,10/22,,,,,,,,,,,,,,,,,,,,,,,,,,,,,,,,,,,,,,,,,,,,,,,,,,,,,,,,,,,,,,,,,,,,,,,,,,,,,,2,,,,,"Bohumín, BONATRANS, Česká republika","Bohumín, BONATRANS, Česká republika"
"Bohumín - Pudlov, ŽDB Drátovna","Bohumín - Pudlov, ŽDB Drátovna","Bohumín, Pudlov, ŽDB Drátovna, Česká republika",4 x ASTIP PS 10 kVA/3f.,4 x ASTIP PS 10 kVA/3f.,Petr Růžanský -731 548 010,Petr Růžanský -731 548 010,Moravskoslezský,"pozor, tady je problém s Tiesem, Fojtáchem, viz info ve složce","pozor, tady je problém s Tiesem, Fojtáchem, viz info ve složce",2025-09-27,2025-03-27,-219.0,Po termínu,červená,49.89539,18.34652,OK Mapy.com,,čeká na přesné geokódování,"bohumín, pudlov, ždb drátovna, česká republika",2025-03-27,2025-09-27,-219.0,Po termínu,červená,2025-03-27 (proběhlá); 2025-09-27 (plánovaná),Kalendář FZ - 6 měsíců.xlsx,9,2019,,,Petr Růžanský -731 548 010,4 x ASTIP PS 10 kVA/3f.,"Bohumín - Pudlov, ŽDB Drátovna",,,,27/25,,,,,,27/25,,,,,,,,,,,,,,,,,,,,,,,,,,,,,,,,,,,,,,,,,,,,,,,,,,,,,,,,,,,,,,,,,,,,,,,,,,,,,2,,,,,"Bohumín, Pudlov, ŽDB Drátovna, Česká republika","Bohumín, Pudlov, ŽDB Drátovna, Česká republika"
"Bor u Tachova, CTP Park","Bor u Tachova, CTP Park","Bor u Tachova, CTP Park, Česká republika","PS 75 000/3F-30 minut, RPO","PS 75 000/3F-30 minut, RPO",Vacek 704 869 077,Vacek 704 869 077,Plzeňský,,,2027-02-17,,289.0,Více než 60 dnů,zelená,49.71407,12.7708,OK Mapy.com,,čeká na přesné geokódování,"bor u tachova, ctp park, česká republika",,2027-02-17,289.0,Více než 60 dnů,zelená,2027-02-17 (plánovaná),"Kalendář FZ - 12 měsíců, 2023.xlsx",7,2017,,,,"PS 75 000/3F-30 minut, RPO",,,,17/27,,,,,,,,,,,,,,,,,,,,,,,,,,,,,,,,,,,,,,,,,,,,,,,,,,,,,,,,,,,,,,,,,,,,,,,,,,,,,,,,,,,,1,"Bor u Tachova, CTP Park",,,,"Bor u Tachova, CTP Park, Česká republika","Bor u Tachova, CTP Park, Česká republika"
Bor u Tachova,Bor u Tachova,"Bor u Tachova, Česká republika",Astip PS 1200/3f – 7 minut,Astip PS 1200/3f – 7 minut,,,Plzeňský,,,2017-11-15,2017-11-15,-3092.0,Po termínu,červená,49.7116,12.77516,OK Mapy.com,,čeká na přesné geokódování,"bor u tachova, česká republika",2017-11-15,2017-11-15,-3092.0,Po termínu,červená,2017-11-15 (plánovaná),"Kalendář FZ - 12 měsíců, 2023.xlsx",6,2015,,,,Astip PS 1200/3f – 7 minut,,,,,,,,,,,,,15/17,,,,,,,,,,,,,,,,,,,,,,,,,,,,,,,,,,,,,,,,,,,,,,,,,,,,,,,,,,,,,,,,,,,,,,,,,,,1,Bor u Tachova,,,,"Bor u Tachova, Česká republika","Bor u Tachova, Česká republika"
"Borek u Rokycan, policie","Borek u Rokycan, policie","Borek u Rokycan, policie, Česká republika",ASTIP STRONG 4000VA/3F- 30 minut,ASTIP STRONG 4000VA/3F- 30 minut,Robert Sventek 734 267 039,Robert Sventek 734 267 039,Plzeňský,"09/2025 -nový pajšl do zdroje, máme hlídat kontroly sami","09/2025 -nový pajšl do zdroje, máme hlídat kontroly sami",2026-09-18,,137.0,Více než 60 dnů,zelená,49.71053,13.64862,OK Mapy.com,,čeká na přesné geokódování,"borek u rokycan, policie, česká republika",,2026-09-18,137.0,Více než 60 dnů,zelená,2026-09-18 (plánovaná),"Kalendář FZ - 12 měsíců, 2023.xlsx",8,2016,hlídat sami,ano,,ASTIP STRONG 4000VA/3F- 30 minut,,,,,,,,,,,18/26,,,,,,,,,,,,,,,,,,,,,,,,,,,,,,,,,,,,,,,,,,,,,,,,,,,,,,,,,,,,,,,,,,,,,,,,,,,,,1,"Borek u Rokycan, policie",,,,"Borek u Rokycan, policie, Česká republika","Borek u Rokycan, policie, Česká republika"
"Borotín, DPS - ZÁMEK Borotín č.p. 17, 71, 721, 893","Borotín, DPS - ZÁMEK Borotín č.p. 17, 71, 721, 893","DPS, ZÁMEK Borotín . 17, 71, Borotín, Česká republika",PS 30/10 kVA/8kW/3F - 45 MINUT,PS 30/10 kVA/8kW/3F - 45 MINUT,Duraj 734 235 926,Duraj 734 235 926,Jihomoravský,"2025-úprava vstupních svorek, byl volný modrý","2025-úprava vstupních svorek, byl volný modrý",2026-05-07,2025-11-07,3.0,Méně než 7 dnů,červená,50.02721,15.80333,upraveno - znovu geokódovat,,Adresa automaticky upravena pro Mapy.com; spusť znovu geokodér.,"borotín, dps, zámek borotín . 17, 71, 721, 893, česká republika",2025-11-07,2026-05-07,3.0,Méně než 7 dnů,červená,2025-11-07 (proběhlá); 2026-05-07 (plánovaná),Kalendář FZ - 6 měsíců.xlsx,11,2016,,,Duraj 734 235 926,PS 30/10 kVA/8kW/3F - 45 MINUT,"Borotín, DPS - ZÁMEK Borotín č.p. 17, 71, 721, 893",,,,,,7/26,,,,,,7/25,,,13500,Za Sluncem z.s.,"Borotín, p.Duraj",nepodepsaná,,,,,,,,,,,,,,,,,,,,,,,,,,,,,,,,,,,,,,,,,,,,,,,,,,,,,,,,,,,,,,,,,,,,,2,,,,,"Borotín, DPS, ZÁMEK Borotín . 17, 71, 721, 893, Česká republika","DPS, ZÁMEK Borotín . 17, 71, Borotín, Česká republika"
"Boskovice, Hybešova 2635, AH a DPS","Boskovice, Hybešova 2635, AH a DPS","AH a DPS, Hybešova 2635, Boskovice, Česká republika",ASTIP PS 40kVA/20kVA -3F -45 minut,ASTIP PS 40kVA/20kVA -3F -45 minut,pouze pan Holý 734 283 457,pouze pan Holý 734 283 457,Jihomoravský,,,2026-08-11,2026-02-11,99.0,Více než 60 dnů,zelená,49.48971,16.66742,upraveno - znovu geokódovat,,Adresa automaticky upravena pro Mapy.com; spusť znovu geokodér.,"boskovice, hybešova 2635, ah a dps, česká republika",2026-02-11,2026-08-11,99.0,Více než 60 dnů,zelená,2026-02-11 (proběhlá); 2026-08-11 (plánovaná),Kalendář FZ - 6 měsíců.xlsx,12,2022,,,pouze pan Holý 734 283 457,ASTIP PS 40kVA/20kVA -3F -45 minut,"Boskovice, Hybešova 2635, AH a DPS",,,11/26,,,,,,11/26,,,,,,,,,,,,,,,,,,,,,,,,,,,,,,,,,,,,,,,,,,,,,,,,,,,,,,,,,,,,,,,,,,,,,,,,,,,,,,2,,,,,"Boskovice, Hybešova 2635, AH a DPS, Česká republika","AH a DPS, Hybešova 2635, Boskovice, Česká republika"
"Boskovice, Otakara Kubína 8,10,12","Boskovice, Otakara Kubína 8,10,12","Boskovice, Otakara Kubína 8, 10, 12, Česká republika",3 x STRONG 2 000/3f -15 minut,3 x STRONG 2 000/3f -15 minut,"Jarmila Janků, tel. 704327337, pověřený správce bytových domů","Jarmila Janků, tel. 704327337, pověřený správce bytových domů",Jihomoravský,,,2026-04-23,2026-04-23,-11.0,Po termínu,červená,49.48968,16.64802,OK Mapy.com,,čeká na přesné geokódování,"boskovice, otakara kubína 8, 10, 12, česká republika",2026-04-23,2026-04-23,-11.0,Po termínu,červená,2026-02-26 (plánovaná); 2026-04-23 (plánovaná),"Kalendář FZ - 12 měsíců, 2023.xlsx",9,2021,,,,3 x STRONG 2 000/3f -15 minut,,,,26/26-25 1 x stop stav,,23/26-1x,,,,,,,,,,,,,,,,,,,,,,,,,,,,,,,,,,,,,,,,,,,,,,,,,,,,,,,,,,,,,,,,,,,,,,,,,,,,,,,,,,2,"Boskovice, Otakara Kubína 8,10,12",,,,"Boskovice, Otakara Kubína 8, 10, 12, Česká republika","Boskovice, Otakara Kubína 8, 10, 12, Česká republika"
"Brandýs nad Labem, Palachova 337_1, sportovní hala","Brandýs nad Labem, Palachova 337_1, sportovní hala","Brandýs nad Labem, Palachova 337/1, sportovní hala, Česká republika",ASTIP STRONG 140/75kVA/3F-15 minut,ASTIP STRONG 140/75kVA/3F-15 minut,"Jakub Ševčík sevcik@ezh-as.cz / +420 776 060 715, školník Cestr 737 780 060","Jakub Ševčík sevcik@ezh-as.cz / +420 776 060 715, školník Cestr 737 780 060",,,,2026-04-29,2026-04-29,-5.0,Po termínu,červená,50.18497,14.664,OK Mapy.com,,čeká na přesné geokódování,"brandýs nad labem, palachova 337/1, sportovní hala, česká republika",2026-04-29,2026-04-29,-5.0,Po termínu,červená,2026-04-29 (plánovaná),Kalendář FZ - 6 měsíců.xlsx,13,2024,,,"Jakub Ševčík sevcik@ezh-as.cz / +420 776 060 715, školník Cestr 737 780 060",ASTIP STRONG 140/75kVA/3F-15 minut,"Brandýs nad Labem, Palachova 337_1, sportovní hala",,,,,29/26,,,,,,,,,,,,,,,,,,,,,,,,,,,,,,,,,,,,,,,,,,,,,,,,,,,,,,,,,,,,,,,,,,,,,,,,,,,,,,,,,,1,,,,,"Brandýs nad Labem, Palachova 337/1, sportovní hala, Česká republika","Brandýs nad Labem, Palachova 337/1, sportovní hala, Česká republika"
"Bratislava, Františka Kubu 2,3,5,6 -Rinok Rača","Bratislava, Františka Kubu 2,3,5,6 -Rinok Rača","Bratislava, Františka Kubu 2, 3, 5, 6 -Rinok Rača, Slovensko","15kVA, 7,5kVA, 15kVA, 3kVA","15kVA, 7,5kVA, 15kVA, 3kVA",Kuzár +421 908 967 271,Kuzár +421 908 967 271,Slovensko,,,2026-07-24,,81.0,Více než 60 dnů,zelená,48.20753,17.14838,OK Mapy.com,,čeká na přesné geokódování,"bratislava, františka kubu 2, 3, 5, 6 -rinok rača, slovensko",,2026-07-24,81.0,Více než 60 dnů,zelená,2026-07-24 (plánovaná),"Kalendář FZ - 12 měsíců, 2023.xlsx",10,2022,ano,ano,,"15kVA, 7,5kVA, 15kVA, 3kVA",,,,,,,,,24/26,,,,,,,,,,,,,,,,,,,,,,,,,,,,,,,,,,,,,,,,,,,,,,,,,,,,,,,,,,,,,,,,,,,,,,,,,,,,,,,1,"Bratislava, Františka Kubu 2,3,5,6 -Rinok Rača",,,,"Bratislava, Františka Kubu 2, 3, 5, 6 -Rinok Rača, Slovensko","Bratislava, Františka Kubu 2, 3, 5, 6 -Rinok Rača, Slovensko"
"Bratislava, Hradná ulice 1, potraviny Děvín","Bratislava, Hradná ulice 1, potraviny Děvín","Bratislava, Hradná ulice 1, potraviny Děvín, Slovensko",STRONG 1000VA/1F-20 min,STRONG 1000VA/1F-20 min,Klein +421 917 222 758,Klein +421 917 222 758,Slovensko,,,2026-12-16,,226.0,Více než 60 dnů,zelená,48.17379,16.98534,OK Mapy.com,,čeká na přesné geokódování,"bratislava, hradná ulice 1, potraviny děvín, slovensko",,2026-12-16,226.0,Více než 60 dnů,zelená,2026-12-16 (plánovaná),"Kalendář FZ - 12 měsíců, 2023.xlsx",11,2021,,,,STRONG 1000VA/1F-20 min,,,,,,,,,,,,,,16/26,,,,,,,,,,,,,,,,,,,,,,,,,,,,,,,,,,,,,,,,,,,,,,,,,,,,,,,,,,,,,,,,,,,,,,,,,,1,"Bratislava, Hradná ulice 1, potraviny Děvín",,,,"Bratislava, Hradná ulice 1, potraviny Děvín, Slovensko","Bratislava, Hradná ulice 1, potraviny Děvín, Slovensko"
"Bratislava, Ivánská cesta 32 A-F, Ovocné sady","Bratislava, Ivánská cesta 32 A-F, Ovocné sady","Bratislava, Ivánská cesta 32 A-F, Ovocné sady, Slovensko",6 x STRONG 30 kVA/3F-45 minut,6 x STRONG 30 kVA/3F-45 minut,Štefánek +421 904 956 394,Štefánek +421 904 956 394,Slovensko,,,2026-07-03,,60.0,Více než 60 dnů,zelená,48.17487,17.19262,OK Mapy.com,,čeká na přesné geokódování,"bratislava, ivánská cesta 32 a-f, ovocné sady, slovensko",,2026-07-03,60.0,Více než 60 dnů,zelená,2026-07-03 (plánovaná),"Kalendář FZ - 12 měsíců, 2023.xlsx",12,,,,,6 x STRONG 30 kVA/3F-45 minut,,,,,,,,,3/26,,,,,,,,,,,,,,,,,,,,,,,,,,,,,,,,,,,,,,,,,,,,,,,,,,,,,,,,,,,,,,,,,,,,,,,,,,,,,,,1,"Bratislava, Ivánská cesta 32 A-F, Ovocné sady",,,,"Bratislava, Ivánská cesta 32 A-F, Ovocné sady, Slovensko","Bratislava, Ivánská cesta 32 A-F, Ovocné sady, Slovensko"
"Bratislava, Ivánská cesta 32 G, Ovocné sady","Bratislava, Ivánská cesta 32 G, Ovocné sady","Bratislava, Ivánská cesta 32 G, Ovocné sady, Slovensko",ASTIP STRONG LiftBack 55kVA/30kVA/3F- 45M,ASTIP STRONG LiftBack 55kVA/30kVA/3F- 45M,Štefánek +421 904 956 394,Štefánek +421 904 956 394,Slovensko,,,2026-07-03,,60.0,Více než 60 dnů,zelená,48.17487,17.19262,OK Mapy.com,,čeká na přesné geokódování,"bratislava, ivánská cesta 32 g, ovocné sady, slovensko",,2026-07-03,60.0,Více než 60 dnů,zelená,2026-07-03 (plánovaná),"Kalendář FZ - 12 měsíců, 2023.xlsx",13,2023,,,,ASTIP STRONG LiftBack 55kVA/30kVA/3F- 45M,,,,,,,,,3/26,,,,,,,,,,,,,,,,,,,,,,,,,,,,,,,,,,,,,,,,,,,,,,,,,,,,,,,,,,,,,,,,,,,,,,,,,,,,,,,1,"Bratislava, Ivánská cesta 32 G, Ovocné sady",,,,"Bratislava, Ivánská cesta 32 G, Ovocné sady, Slovensko","Bratislava, Ivánská cesta 32 G, Ovocné sady, Slovensko"
"Bratislava, Ivánská cesta 32 H, Ovocné sady","Bratislava, Ivánská cesta 32 H, Ovocné sady","Bratislava, Ivánská cesta 32 H, Ovocné sady, Slovensko",ASTIP STRONG LiftBack 55kVA/30kVA/3F- 45M,ASTIP STRONG LiftBack 55kVA/30kVA/3F- 45M,Štefánek +421 904 956 394,Štefánek +421 904 956 394,Slovensko,,,2026-07-03,,60.0,Více než 60 dnů,zelená,48.1732,17.19374,OK Mapy.com,,čeká na přesné geokódování,"bratislava, ivánská cesta 32 h, ovocné sady, slovensko",,2026-07-03,60.0,Více než 60 dnů,zelená,2026-07-03 (plánovaná),"Kalendář FZ - 12 měsíců, 2023.xlsx",14,2024,,,,ASTIP STRONG LiftBack 55kVA/30kVA/3F- 45M,,,,,,,,,3/26,,,,,,,,,,,,,,,,,,,,,,,,,,,,,,,,,,,,,,,,,,,,,,,,,,,,,,,,,,,,,,,,,,,,,,,,,,,,,,,1,"Bratislava, Ivánská cesta 32 H, Ovocné sady",,,,"Bratislava, Ivánská cesta 32 H, Ovocné sady, Slovensko","Bratislava, Ivánská cesta 32 H, Ovocné sady, Slovensko"
"Bratislava, Ivánská cesta 32 I, Ovocné sady","Bratislava, Ivánská cesta 32 I, Ovocné sady","Bratislava, Ivánská cesta 32 I, Ovocné sady, Slovensko",ASTIP STRONG Liftback 30kVA/3F-45 minut,ASTIP STRONG Liftback 30kVA/3F-45 minut,Behúň Elimer +421 918 514 360,Behúň Elimer +421 918 514 360,Slovensko,"19.6.2024 -reklamace bateriíí a, vystavujeme protokol za 0Kč, pak další platit !!!","19.6.2024 -reklamace bateriíí a, vystavujeme protokol za 0Kč, pak další platit !!!",2025-06-19,2025-06-19,-319.0,Po termínu,červená,48.1732,17.19374,OK Mapy.com,,čeká na přesné geokódování,"bratislava, ivánská cesta 32 i, ovocné sady, slovensko",2025-06-19,2025-06-19,-319.0,Po termínu,červená,2025-06-19 (plánovaná),"Kalendář FZ - 12 měsíců, 2023.xlsx",15,2023,,,,ASTIP STRONG Liftback 30kVA/3F-45 minut,,,,,,,,19/25,,,,,,,,,,,,,,,,,,,,,,,,,,,,,,,,,,,,,,,,,,,,,,,,,,,,,,,,,,,,,,,,,,,,,,,,,,,,,,,,1,"Bratislava, Ivánská cesta 32 I, Ovocné sady",,,,"Bratislava, Ivánská cesta 32 I, Ovocné sady, Slovensko","Bratislava, Ivánská cesta 32 I, Ovocné sady, Slovensko"
"Bratislava, Ivánská cesta 32 J+K","Bratislava, Ivánská cesta 32 J+K","Bratislava, Ivánská cesta 32 J+K, Slovensko",ASTIP STRONG Liftback 30kVA/3F-45 minut,ASTIP STRONG Liftback 30kVA/3F-45 minut,Štefánek +421 904 956 394,Štefánek +421 904 956 394,Slovensko,,,2026-07-03,,60.0,Více než 60 dnů,zelená,48.17078,17.18644,OK Mapy.com,,čeká na přesné geokódování,"bratislava, ivánská cesta 32 j+k, slovensko",,2026-07-03,60.0,Více než 60 dnů,zelená,2026-07-03 (plánovaná),"Kalendář FZ - 12 měsíců, 2023.xlsx",16,2023 + 2024,,,,ASTIP STRONG Liftback 30kVA/3F-45 minut,,,,,,,,,3/26,,,,,,,,,,,,,,,,,,,,,,,,,,,,,,,,,,,,,,,,,,,,,,,,,,,,,,,,,,,,,,,,,,,,,,,,,,,,,,,1,"Bratislava, Ivánská cesta 32 J+K",,,,"Bratislava, Ivánská cesta 32 J+K, Slovensko","Bratislava, Ivánská cesta 32 J+K, Slovensko"
"Bratislava, Kadnárova 103, 105, 107 + Košická 54","Bratislava, Kadnárova 103, 105, 107 + Košická 54","Kadnárova 103, Bratislava, Slovensko","3 x STRONG 7500/3f -30 minut, 2kva/1f-10minut","3 x STRONG 7500/3f -30 minut, 2kva/1f-10minut",Andris -+421 918 706 973,Andris -+421 918 706 973,Slovensko,,,2026-11-11,,191.0,Více než 60 dnů,zelená,48.20542,17.1477,upraveno - znovu geokódovat,,Adresa automaticky upravena pro Mapy.com; spusť znovu geokodér.,"bratislava, kadnárova 103, 105, 107 + košická 54, slovensko",,2026-11-11,191.0,Více než 60 dnů,zelená,2026-11-11 (plánovaná); 2027-01-13 (plánovaná); 2027-03-17 (plánovaná); 2027-04-09 (plánovaná),"Kalendář FZ - 12 měsíců, 2023.xlsx",18,2018,ano,,,"3 x STRONG 7500/3f -30 minut, 2kva/1f-10minut",,,13/27-Košická 54,,17/27-103,9/27-107,,,,,,,11/26-1x stop stav 2025,,,,,,ano,,,,,,,,,,,,,,,,,,,,,,,,,,,,,,,,,,,,,,,,,,,,,,,,,,,,,,,,,,,,,,,,,,,,,4,"Bratislava, Kadnárova 103, 105, 107 + Košická 54",,600 Euro,,"Bratislava, Kadnárova 103, 105, 107 + Košická 54, Slovensko","Kadnárova 103, Bratislava, Slovensko"
"Bratislava, Kominárská 4, Při Mýtě 1","Bratislava, Kominárská 4, Při Mýtě 1","Kominárská 4, Bratislava, Slovensko",PS 40kVA/3f-45 minut,PS 40kVA/3f-45 minut,Folvarčík - +421 917 810 130,Folvarčík - +421 917 810 130,Slovensko,2025 - posílám znovu dotaz - 20.6.2024 - poslíám aktualizace CN - 19.6.2024 -dotazováno mailem pana Folvarčíka,2025 - posílám znovu dotaz - 20.6.2024 - poslíám aktualizace CN - 19.6.2024 -dotazováno mailem pana Folvarčíka,2023-10-24,2023-10-24,-923.0,Po termínu,červená,48.15923,17.12398,upraveno - znovu geokódovat,,Adresa automaticky upravena pro Mapy.com; spusť znovu geokodér.,"bratislava, kominárská 4, při mýtě 1, slovensko",2023-10-24,2023-10-24,-923.0,Po termínu,červená,2023-10-24 (plánovaná),"Kalendář FZ - 12 měsíců, 2023.xlsx",19,2016,,,,PS 40kVA/3f-45 minut,,,,,,,,,,,,24/23,,,,,Nectel,,není,,,,,,,,,,,,,,,,,,,,,,,,,,,,,,,,,,,,,,,,,,,,,,,,,,,,,,,,,,,,,,,,,,,,,1,"Bratislava, Kominárská 4, Při Mýtě 1",,690 Euro,Nectel,"Bratislava, Kominárská 4, Při Mýtě 1, Slovensko","Kominárská 4, Bratislava, Slovensko"
"Bratislava, Muchovo náměstí 5,6","Bratislava, Muchovo náměstí 5,6","Bratislava, Muchovo náměstí 5, 6, Slovensko",ASTIP STRONG 48kVA/10kVA/3F-30 minut,ASTIP STRONG 48kVA/10kVA/3F-30 minut,Bc. Benko Jakub +421 904 613 660,Bc. Benko Jakub +421 904 613 660,Slovensko,,,2026-03-17,2026-03-17,-48.0,Po termínu,červená,48.12922,17.11438,OK Mapy.com,,čeká na přesné geokódování,"bratislava, muchovo náměstí 5, 6, slovensko",2026-03-17,2026-03-17,-48.0,Po termínu,červená,2026-03-17 (plánovaná),"Kalendář FZ - 12 měsíců, 2023.xlsx",20,2025,,,,ASTIP STRONG 48kVA/10kVA/3F-30 minut,,,,,17/26,,,,,,,,,,,,,,,,,,,,,,,,,,,,,,,,,,,,,,,,,,,,,,,,,,,,,,,,,,,,,,,,,,,,,,,,,,,,,,,,,,,1,"Bratislava, Muchovo náměstí 5,6",,,,"Bratislava, Muchovo náměstí 5, 6, Slovensko","Bratislava, Muchovo náměstí 5, 6, Slovensko"
"Bratislava, Námestie při sypke 6","Bratislava, Námestie při sypke 6","Bratislava, Námestie při sypke 6, Slovensko",ASTIP STRONG 3000VA/3F/24H/1C,ASTIP STRONG 3000VA/3F/24H/1C,Lenka Vysinska 421 918 666 620,Lenka Vysinska 421 918 666 620,Slovensko,,,2026-07-22,,79.0,Více než 60 dnů,zelená,48.07011,17.11782,OK Mapy.com,,čeká na přesné geokódování,"bratislava, námestie při sypke 6, slovensko",,2026-07-22,79.0,Více než 60 dnů,zelená,2026-07-22 (plánovaná),"Kalendář FZ - 12 měsíců, 2023.xlsx",17,2023,,,,ASTIP STRONG 3000VA/3F/24H/1C,,,,,,,,,22/26,,,,,,,,,,,,,,,,,,,,,,,,,,,,,,,,,,,,,,,,,,,,,,,,,,,,,,,,,,,,,,,,,,,,,,,,,,,,,,,1,"Bratislava, Námestie při sypke 6",,,,"Bratislava, Námestie při sypke 6, Slovensko","Bratislava, Námestie při sypke 6, Slovensko"
"Bratislava, Pražská 7, ministerstvo","Bratislava, Pražská 7, ministerstvo","Bratislava, Pražská 7, ministerstvo, Slovensko",PS 15kVA/3f-1 hodina,PS 15kVA/3f-1 hodina,"Barborik, +421918660075","Barborik, +421918660075",Slovensko,Objednatel viz. Info,Objednatel viz. Info,2027-04-09,,340.0,Více než 60 dnů,zelená,48.15609,17.10516,OK Mapy.com,,čeká na přesné geokódování,"bratislava, pražská 7, ministerstvo, slovensko",,2027-04-09,340.0,Více než 60 dnů,zelená,2027-04-09 (plánovaná),"Kalendář FZ - 12 měsíců, 2023.xlsx",21,2015,,,,PS 15kVA/3f-1 hodina,,,,,,9/27,,,,,,,,,,,,,,,,,,,,,,,,,,,,,,,,,,,,,,,,,,,,,,,,,,,,,,,,,,,,,,,,,,,,,,,,,,,,,,,,,,1,"Bratislava, Pražská 7, ministerstvo",,,,"Bratislava, Pražská 7, ministerstvo, Slovensko","Bratislava, Pražská 7, ministerstvo, Slovensko"
"Bratislava, Račianska 26G, Urban Residnce","Bratislava, Račianska 26G, Urban Residnce","Bratislava, Račianska 26G, Urban Residnce, Slovensko",ASTIP STRONG 40kVA/3F-45 minut,ASTIP STRONG 40kVA/3F-45 minut,"Gežíková, +421 901 771 796","Gežíková, +421 901 771 796",Slovensko,,,2026-05-04,2026-05-04,0.0,Méně než 7 dnů,červená,48.16233,17.12451,OK Mapy.com,,čeká na přesné geokódování,"bratislava, račianska 26g, urban residnce, slovensko",2026-05-04,2026-05-04,0.0,Méně než 7 dnů,červená,2026-05-04 (plánovaná),"Kalendář FZ - 12 měsíců, 2023.xlsx",22,2021,,,,ASTIP STRONG 40kVA/3F-45 minut,,,,,,,4/26,,,,,,,,,,,,,,,,,,,,,,,,,,,,,,,,,,,,,,,,,,,,,,,,,,,,,,,,,,,,,,,,,,,,,,,,,,,,,,,,,1,"Bratislava, Račianska 26G, Urban Residnce",,,,"Bratislava, Račianska 26G, Urban Residnce, Slovensko","Bratislava, Račianska 26G, Urban Residnce, Slovensko"
"Bratislava, Tomášikova - Trnavská, PO NIDO 2, objekt A+B, C, D","Bratislava, Tomášikova - Trnavská, PO NIDO 2, objekt A+B, C, D","Tomášikova, Trnavská, PO NIDO 2, Bratislava, Slovensko","Astip Liftback 100kVA/3F -30, 45,60 min. + 2 x ELSTON DUO Exclusive","Astip Liftback 100kVA/3F -30, 45,60 min. + 2 x ELSTON DUO Exclusive","Tibor Šranko 0917 640 921
IURIS INVEST spol.s r.o.","Tibor Šranko 0917 640 921
IURIS INVEST spol.s r.o.",Slovensko,,,2026-04-21,2025-10-21,-13.0,Po termínu,červená,48.16422,17.15205,upraveno - znovu geokódovat,,Adresa automaticky upravena pro Mapy.com; spusť znovu geokodér.,"bratislava, tomášikova, trnavská, po nido 2, objekt a+b, c, d, slovensko",2025-10-21,2026-04-21,-13.0,Po termínu,červená,2025-10-21 (proběhlá); 2026-04-21 (plánovaná),Kalendář FZ - 6 měsíců.xlsx,14,2022,ano,,"Tibor Šranko 0917 640 921
IURIS INVEST spol.s r.o.","Astip Liftback 100kVA/3F -30, 45,60 min. + 2 x ELSTON DUO Exclusive","Bratislava, Tomášikova - Trnavská, PO NIDO 2, objekt A+B, C, D",,,,,21/26,,,,,,21/25,,,,,,,,,,,,,,,,,,,,,,,,,,,,,,,,,,,,,,,,,,,,,,,,,,,,,,,,,,,,,,,,,,,,,,,,,,,,2,,,,,"Bratislava, Tomášikova, Trnavská, PO NIDO 2, objekt A+B, C, D, Slovensko","Tomášikova, Trnavská, PO NIDO 2, Bratislava, Slovensko"
"Bratislava, Trnavská cesta 8a, 6b, 19123 - Nová Cvernovka","Bratislava, Trnavská cesta 8a, 6b, 19123 - Nová Cvernovka","Nová Cvernovka, Trnavská cesta 8a, Bratislava, Slovensko","2 x STRONG 15kVA, 1x STRONG 20kVA","2 x STRONG 15kVA, 1x STRONG 20kVA",Kyjevský 0940 624 461,Kyjevský 0940 624 461,Slovensko,,,2026-07-24,,81.0,Více než 60 dnů,zelená,48.15838,17.13478,upraveno - znovu geokódovat,,Adresa automaticky upravena pro Mapy.com; spusť znovu geokodér.,"bratislava, trnavská cesta 8a, 6b, 19123, nová cvernovka, slovensko",,2026-07-24,81.0,Více než 60 dnů,zelená,2026-07-24 (plánovaná),"Kalendář FZ - 12 měsíců, 2023.xlsx",23,2022,ano,ano,,"2 x STRONG 15kVA, 1x STRONG 20kVA",,,,,,,,,24/26,,,,,,,,,,,,,,,,,,,,,,,,,,,,,,,,,,,,,,,,,,,,,,,,,,,,,,,,,,,,,,,,,,,,,,,,,,,,,,,1,"Bratislava, Trnavská cesta 8a, 6b, 19123 - Nová Cvernovka",,,,"Bratislava, Trnavská cesta 8a, 6b, 19123, Nová Cvernovka, Slovensko","Nová Cvernovka, Trnavská cesta 8a, Bratislava, Slovensko"
"Bratislava, Trnavské mýto 1, Optimal TFM","Bratislava, Trnavské mýto 1, Optimal TFM","Bratislava, Trnavské mýto 1, Optimal TFM, Slovensko","PS 40 kVA/3f, 45 min.","PS 40 kVA/3f, 45 min.","SBS +421 910 501 834, Petr Bzdúch, +421901701902","SBS +421 910 501 834, Petr Bzdúch, +421901701902",Slovensko,domluvená cena 480 Eur vs. 510 Eur ohledně objednání dalších FZ,domluvená cena 480 Eur vs. 510 Eur ohledně objednání dalších FZ,2026-04-22,2026-04-22,-12.0,Po termínu,červená,48.15918,17.12749,OK Mapy.com,,čeká na přesné geokódování,"bratislava, trnavské mýto 1, optimal tfm, slovensko",2026-04-22,2026-04-22,-12.0,Po termínu,červená,2026-04-22 (plánovaná),"Kalendář FZ - 12 měsíců, 2023.xlsx",24,2018,,,,"PS 40 kVA/3f, 45 min.",,,,,,22/26,,,,,,,,,,,,,,,,,,,,,,,,,,,,,,,,,,,,,,,,,,,,,,,,,,,,,,,,,,,,,,,,,,,,,,,,,,,,,,,,,,1,"Bratislava, Trnavské mýto 1, Optimal TFM",,,,"Bratislava, Trnavské mýto 1, Optimal TFM, Slovensko","Bratislava, Trnavské mýto 1, Optimal TFM, Slovensko"
"Bratislava, Vlčie Hrdlo  70, NOVAGASTRADE","Bratislava, Vlčie Hrdlo  70, NOVAGASTRADE","Bratislava, Vlčie Hrdlo 70, NOVAGASTRADE, Slovensko",ASTIP STRONG 1000VA/3F/4C/1H,ASTIP STRONG 1000VA/3F/4C/1H,Izák Miloš +421 907 719 377,Izák Miloš +421 907 719 377,Slovensko,,,2025-05-28,2025-05-28,-341.0,Po termínu,červená,48.10935,17.16529,OK Mapy.com,,čeká na přesné geokódování,"bratislava, vlčie hrdlo 70, novagastrade, slovensko",2025-05-28,2025-05-28,-341.0,Po termínu,červená,2025-05-28 (plánovaná),"Kalendář FZ - 12 měsíců, 2023.xlsx",25,2016,,,,ASTIP STRONG 1000VA/3F/4C/1H,,,,,,,28/25,,,,,,,,,,,,,,,,,,,,,,,,,,,,,,,,,,,,,,,,,,,,,,,,,,,,,,,,,,,,,,,,,,,,,,,,,,,,,,,,,1,"Bratislava, Vlčie Hrdlo  70, NOVAGASTRADE",,,,"Bratislava, Vlčie Hrdlo 70, NOVAGASTRADE, Slovensko","Bratislava, Vlčie Hrdlo 70, NOVAGASTRADE, Slovensko"
"Bratislava, Volvo, Lamač-Bory","Bratislava, Volvo, Lamač-Bory","Volvo, Lamač-Bory, Bratislava, Slovensko","Strong 3000/3f, 30 min.","Strong 3000/3f, 30 min.","Nectel, Folvarčík +421917810130","Nectel, Folvarčík +421917810130",Slovensko,Objednatel viz. Info,Objednatel viz. Info,2026-10-14,,163.0,Více než 60 dnů,zelená,51.04724,16.97135,upraveno - znovu geokódovat,,Adresa automaticky upravena pro Mapy.com; spusť znovu geokodér.,"bratislava, volvo, lamač-bory, slovensko",,2026-10-14,163.0,Více než 60 dnů,zelená,2026-10-14 (plánovaná),"Kalendář FZ - 12 měsíců, 2023.xlsx",26,2017,,ano,,"Strong 3000/3f, 30 min.",,,,,,,,,,,,14/26,,,,,,,,,,,,,,,,,,,,,,,,,,,,,,,,,,,,,,,,,,,,,,,,,,,,,,,,,,,,,,,,,,,,,,,,,,,,1,"Bratislava, Volvo, Lamač-Bory",,,,"Bratislava, Volvo, Lamač-Bory, Slovensko","Volvo, Lamač-Bory, Bratislava, Slovensko"
"Brno, Antonína Procházky 590/2b","Brno, Antonína Procházky 590/2b","Brno, Antonína Procházky 590/2b, Česká republika",ASTIP STRONG 1000VA/1F-10 minut/EI45,ASTIP STRONG 1000VA/1F-10 minut/EI45,Mestická 604 211 462,Mestická 604 211 462,Jihomoravský,,,2027-02-23,,295.0,Více než 60 dnů,zelená,49.19321,16.56354,OK Mapy.com,,čeká na přesné geokódování,"brno, antonína procházky 590/2b, česká republika",,2027-02-23,295.0,Více než 60 dnů,zelená,2027-02-23 (plánovaná),"Kalendář FZ - 12 měsíců, 2023.xlsx",28,2024,,,,ASTIP STRONG 1000VA/1F-10 minut/EI45,,,,23/27,,,,,,,,,,,,,,,,,,,,,,,,,,,,,,,,,,,,,,,,,,,,,,,,,,,,,,,,,,,,,,,,,,,,,,,,,,,,,,,,,,,,1,"Brno, Antonína Procházky 590/2b",,,,"Brno, Antonína Procházky 590/2b, Česká republika","Brno, Antonína Procházky 590/2b, Česká republika"
"Brno, Blatnická 12, bytový dům","Brno, Blatnická 12, bytový dům","Brno, Blatnická 12, bytový dům, Česká republika",ASTIP STRONG Liftback 20kVA/10kVA/3F-45 minut,ASTIP STRONG Liftback 20kVA/10kVA/3F-45 minut,Ledina 774 614 536,Ledina 774 614 536,Jihomoravský,,,2027-03-30,,330.0,Více než 60 dnů,zelená,49.20938,16.66091,OK Mapy.com,,čeká na přesné geokódování,"brno, blatnická 12, bytový dům, česká republika",,2027-03-30,330.0,Více než 60 dnů,zelená,2027-03-30 (plánovaná),"Kalendář FZ - 12 měsíců, 2023.xlsx",30,2022,,,,ASTIP STRONG Liftback 20kVA/10kVA/3F-45 minut,,,,,30/27,,,,,,,,,,,,,,,,,,,,,,,,,,,,,,,,,,,,,,,,,,,,,,,,,,,,,,,,,,,,,,,,,,,,,,,,,,,,,,,,,,,1,"Brno, Blatnická 12, bytový dům",,,,"Brno, Blatnická 12, bytový dům, Česká republika","Brno, Blatnická 12, bytový dům, Česká republika"
"Brno, Bohunická, ABT Park","Brno, Bohunická, ABT Park","Brno, Bohunická, ABT Park, Česká republika",ASTIP STRONG 10kVA/3F-45 minut,ASTIP STRONG 10kVA/3F-45 minut,Grošek 604 387 623,Grošek 604 387 623,Jihomoravský,,,2026-08-19,,107.0,Více než 60 dnů,zelená,49.16329,16.59995,OK Mapy.com,,čeká na přesné geokódování,"brno, bohunická, abt park, česká republika",,2026-08-19,107.0,Více než 60 dnů,zelená,2026-08-19 (plánovaná),"Kalendář FZ - 12 měsíců, 2023.xlsx",31,2024,,,,ASTIP STRONG 10kVA/3F-45 minut,,,,,,,,,,19/26,,,,,,,,,,,,,,,,,,,,,,,,,,,,,,,,,,,,,,,,,,,,,,,,,,,,,,,,,,,,,,,,,,,,,,,,,,,,,,1,"Brno, Bohunická, ABT Park",,,,"Brno, Bohunická, ABT Park, Česká republika","Brno, Bohunická, ABT Park, Česká republika"
"Brno, Bořetická 3","Brno, Bořetická 3","Brno, Bořetická 3, Česká republika",LiftBack 15kVA/3f-45 minut,LiftBack 15kVA/3f-45 minut,Svoboda - 724 228 365,Svoboda - 724 228 365,Jihomoravský,,,2022-06-07,2022-06-07,-1427.0,Po termínu,červená,49.20312,16.65674,OK Mapy.com,,čeká na přesné geokódování,"brno, bořetická 3, česká republika",2022-06-07,2022-06-07,-1427.0,Po termínu,červená,2022-06-07 (plánovaná),"Kalendář FZ - 12 měsíců, 2023.xlsx",32,2016,,,,LiftBack 15kVA/3f-45 minut,,,,,,,,7/22,,,,,,,,,,,,,,,,,,,,,,,,,,,,,,,,,,,,,,,,,,,,,,,,,,,,,,,,,,,,,,,,,,,,,,,,,,,,,,,,1,"Brno, Bořetická 3",,,,"Brno, Bořetická 3, Česká republika","Brno, Bořetická 3, Česká republika"
"Brno, Božetěchova 102b","Brno, Božetěchova 102b","Brno, Božetěchova 102b, Česká republika",PS 20 000VA/3f,PS 20 000VA/3f,Peloušek 608 436 281,Peloušek 608 436 281,Jihomoravský,,,2026-03-04,2026-03-04,-61.0,Po termínu,červená,49.2339,16.5915,OK Mapy.com,,čeká na přesné geokódování,"brno, božetěchova 102b, česká republika",2026-03-04,2026-03-04,-61.0,Po termínu,červená,2026-03-04 (plánovaná),"Kalendář FZ - 12 měsíců, 2023.xlsx",33,2017,ano,,,PS 20 000VA/3f,,,,,4/26,,,,,,,,,,,,,,,,,,,,,,,,,,,,,,,,,,,,,,,,,,,,,,,,,,,,,,,,,,,,,,,,,,,,,,,,,,,,,,,,,,,1,"Brno, Božetěchova 102b",,,,"Brno, Božetěchova 102b, Česká republika","Brno, Božetěchova 102b, Česká republika"
"Brno, Bratislavská 24, LIVIX","Brno, Bratislavská 24, LIVIX","Brno, Bratislavská 24, LIVIX, Česká republika",ASTIP STRONG 100kVA/3F -45 minut,ASTIP STRONG 100kVA/3F -45 minut,Burian 733 554 353,Burian 733 554 353,Jihomoravský,,,2026-11-21,,201.0,Více než 60 dnů,zelená,49.1989,16.61728,OK Mapy.com,,čeká na přesné geokódování,"brno, bratislavská 24, livix, česká republika",,2026-11-21,201.0,Více než 60 dnů,zelená,2026-11-21 (plánovaná),"Kalendář FZ - 12 měsíců, 2023.xlsx",34,2017,,,,ASTIP STRONG 100kVA/3F -45 minut,,,,,,,,,,,,,21/26,,,,,,,,,,,,,,,,,,,,,,,,,,,,,,,,,,,,,,,,,,,,,,,,,,,,,,,,,,,,,,,,,,,,,,,,,,,1,"Brno, Bratislavská 24, LIVIX",,,,"Brno, Bratislavská 24, LIVIX, Česká republika","Brno, Bratislavská 24, LIVIX, Česká republika"
"Brno, Bratislavská 52, efiPalace","Brno, Bratislavská 52, efiPalace","Brno, Bratislavská 52, efiPalace, Česká republika",STRONG 50 000/3f-60 minut,STRONG 50 000/3f-60 minut,"Tereza Marková, 720 976 702","Tereza Marková, 720 976 702",Jihomoravský,,,2026-02-04,2026-02-04,-89.0,Po termínu,červená,49.19963,16.62041,OK Mapy.com,,čeká na přesné geokódování,"brno, bratislavská 52, efipalace, česká republika",2026-02-04,2026-02-04,-89.0,Po termínu,červená,2026-02-04 (plánovaná),Kalendář FZ - 6 měsíců.xlsx,17,2013,,,"Tereza Marková, 720 976 702",  STRONG 50 000/3f-60 minut,"Brno, Bratislavská 52, efiPalace",,,4/26,,,,,,,,,,,,,,,,,,,,,,,,,,,,,,,,,,,,,,,,,,,,,,,,,,,,,,,,,,,,,,,,,,,,,,,,,,,,,,,,,,,,1,,,,,"Brno, Bratislavská 52, efiPalace, Česká republika","Brno, Bratislavská 52, efiPalace, Česká republika"
"Brno, Bulínova 1, Moravská zemská knihovna","Brno, Bulínova 1, Moravská zemská knihovna","Moravská zemská knihovna, Bulínova 1, Brno, Česká republika",ASTIP STRONG 34kVA/5kVA/3F-45 minut,ASTIP STRONG 34kVA/5kVA/3F-45 minut,Daněk 771 278 805,Daněk 771 278 805,Jihomoravský,,,2026-06-15,2025-12-15,42.0,30–60 dnů,žlutá,49.20897,16.59216,upraveno - znovu geokódovat,,Adresa automaticky upravena pro Mapy.com; spusť znovu geokodér.,"brno, bulínova 1, moravská zemská knihovna, česká republika",2025-12-15,2026-06-15,42.0,30–60 dnů,žlutá,2025-12-15 (proběhlá); 2026-06-15 (plánovaná),Kalendář FZ - 6 měsíců.xlsx,30,2022,ano,,Daněk 771 278 805,ASTIP STRONG 34kVA/5kVA/3F-45 minut,"Brno, Bulínova 1, Moravská zemská knihovna",,,,,,,15/26,,,,,,15/25,,,,,,,,,,,,,,,,,,,,,,,,,,,,,,,,,,,,,,,,,,,,,,,,,,,,,,,,,,,,,,,,,,,,,,,,,,2,,,,,"Brno, Bulínova 1, Moravská zemská knihovna, Česká republika","Moravská zemská knihovna, Bulínova 1, Brno, Česká republika"
"Brno, Bzenecká 13, 15, 17","Brno, Bzenecká 13, 15, 17","Brno, Bzenecká 13, 15, 17, Česká republika",3x PS 20kVA/3f-45 minut,3x PS 20kVA/3f-45 minut,"Pavel Hrouzek - 734 238 045, 515511246","Pavel Hrouzek - 734 238 045, 515511246",Jihomoravský,,,2027-04-02,,333.0,Více než 60 dnů,zelená,49.20684,16.65916,OK Mapy.com,,čeká na přesné geokódování,"brno, bzenecká 13, 15, 17, česká republika",,2027-04-02,333.0,Více než 60 dnů,zelená,2027-04-02 (plánovaná),"Kalendář FZ - 12 měsíců, 2023.xlsx",36,2014,,,,3x PS 20kVA/3f-45 minut,,,,,,"2/27-13,17 15-STOP STAV",,,,,,,,,,,,,,,,,,,,,,,,,,,,,,,,,,,,,,,,,,,,,,,,,,,,,,,,,,,,,,,,,,,,,,,,,,,,,,,,,,1,"Brno, Bzenecká 13, 15, 17",,,,"Brno, Bzenecká 13, 15, 17, Česká republika","Brno, Bzenecká 13, 15, 17, Česká republika"
"Brno, Bzenecká 18","Brno, Bzenecká 18","Brno, Bzenecká 18, Česká republika",ASTIP PS Liftback 10 000/3F - 45 minut,ASTIP PS Liftback 10 000/3F - 45 minut,"Jan Staněk - OTIS, 724 228 365","Jan Staněk - OTIS, 724 228 365",Jihomoravský,"2025 -posílám znovu ...19.6.2024 -poslán dotaz panu Staňkovi, 7.6.2021 -stop stav, Tamča dělá nabídku na nový zdroj","2025 -posílám znovu ...19.6.2024 -poslán dotaz panu Staňkovi, 7.6.2021 -stop stav, Tamča dělá nabídku na nový zdroj",2021-06-07,2021-06-07,-1792.0,Po termínu,červená,49.20736,16.65796,OK Mapy.com,,čeká na přesné geokódování,"brno, bzenecká 18, česká republika",2021-06-07,2021-06-07,-1792.0,Po termínu,červená,2021-06-07 (plánovaná),"Kalendář FZ - 12 měsíců, 2023.xlsx",37,2018,,,,ASTIP PS Liftback 10 000/3F - 45 minut,,,,,,,,7/21,,,,,,,,,,,,,,,,,,,,,,,,,,,,,,,,,,,,,,,,,,,,,,,,,,,,,,,,,,,,,,,,,,,,,,,,,,,,,,,,1,"Brno, Bzenecká 18",,,,"Brno, Bzenecká 18, Česká republika","Brno, Bzenecká 18, Česká republika"
"Brno, Bzenecká 20","Brno, Bzenecká 20","Brno, Bzenecká 20, Česká republika","PS 10000/3f, 45 min","PS 10000/3f, 45 min","darina.jelinkova@cz.schindler.com, 605235325","darina.jelinkova@cz.schindler.com, 605235325",Jihomoravský,"teplota Tmax = 31,1°C, výtaháři upozorněni ústně a protokolem","teplota Tmax = 31,1°C, výtaháři upozorněni ústně a protokolem",2026-07-09,,66.0,Více než 60 dnů,zelená,49.20761,16.65812,OK Mapy.com,,čeká na přesné geokódování,"brno, bzenecká 20, česká republika",,2026-07-09,66.0,Více než 60 dnů,zelená,2026-07-09 (plánovaná),"Kalendář FZ - 12 měsíců, 2023.xlsx",38,2018,,,,"PS 10000/3f, 45 min",,,,,,,,,9/26,,,,,,,,,,,,,,,,,,,,,,,,,,,,,,,,,,,,,,,,,,,,,,,,,,,,,,,,,,,,,,,,,,,,,,,,,,,,,,,1,"Brno, Bzenecká 20",,,,"Brno, Bzenecká 20, Česká republika","Brno, Bzenecká 20, Česká republika"
"Brno, Bzenecká 8","Brno, Bzenecká 8","Brno, Bzenecká 8, Česká republika",15kVA/3f Rectifier,15kVA/3f Rectifier,Otis - 724 228 365,Otis - 724 228 365,Jihomoravský,"l2025 -leden, Honza řeší ….Miloš Vondra, 606 676 110, předseda SVJ","l2025 -leden, Honza řeší ….Miloš Vondra, 606 676 110, předseda SVJ",2024-12-05,2024-12-05,-515.0,Po termínu,červená,49.20774,16.66052,OK Mapy.com,,čeká na přesné geokódování,"brno, bzenecká 8, česká republika",2024-12-05,2024-12-05,-515.0,Po termínu,červená,2024-12-05 (plánovaná),"Kalendář FZ - 12 měsíců, 2023.xlsx",39,2016,,,,  15kVA/3f Rectifier,,,,,,,,,,,,,,5/24,,,,,,,,,,,,,,,,,,,,,,,,,,,,,,,,,,,,,,,,,,,,,,,,,,,,,,,,,,,,,,,,,,,,,,,,,,1,"Brno, Bzenecká 8",,7200,,"Brno, Bzenecká 8, Česká republika","Brno, Bzenecká 8, Česká republika"
"Brno, Cejl 75,77, DPS","Brno, Cejl 75,77, DPS","DPS, Cejl 75, Brno, Česká republika",ASTIP STRONG 15kVA/3F -45 minut,ASTIP STRONG 15kVA/3F -45 minut,pan Večeřa 702 209 323,pan Večeřa 702 209 323,Jihomoravský,,,2026-05-24,2025-11-24,20.0,7–30 dnů,oranžová,49.19925,16.62387,upraveno - znovu geokódovat,,Adresa automaticky upravena pro Mapy.com; spusť znovu geokodér.,"brno, cejl 75, 77, dps, česká republika",2025-11-24,2026-05-24,20.0,7–30 dnů,oranžová,2025-11-24 (proběhlá); 2026-05-24 (plánovaná),Kalendář FZ - 6 měsíců.xlsx,18,2020,,,pan Večeřa 702 209 323,ASTIP STRONG 15kVA/3F -45 minut,"Brno, Cejl 75,77, DPS",,,,,,24/26,,,,,,24/25,,,,,,,,,,,,,,,,,,,,,,,,,,,,,,,,,,,,,,,,,,,,,,,,,,,,,,,,,,,,,,,,,,,,,,,,,,,2,,,,,"Brno, Cejl 75, 77, DPS, Česká republika","DPS, Cejl 75, Brno, Česká republika"
"Brno, Cejl 79","Brno, Cejl 79","Brno, Cejl 79, Česká republika",ASTIP STRONG 30kVA/3F-45 minut,ASTIP STRONG 30kVA/3F-45 minut,Hauf 724 828 994,Hauf 724 828 994,Jihomoravský,,,2026-08-27,,115.0,Více než 60 dnů,zelená,49.1993,16.62407,OK Mapy.com,,čeká na přesné geokódování,"brno, cejl 79, česká republika",,2026-08-27,115.0,Více než 60 dnů,zelená,2026-08-27 (plánovaná),"Kalendář FZ - 12 měsíců, 2023.xlsx",40,2024,,,,ASTIP STRONG 30kVA/3F-45 minut,,,,,,,,,,27/26,,,,,,,,,,,,,,,,,,,,,,,,,,,,,,,,,,,,,,,,,,,,,,,,,,,,,,,,,,,,,,,,,,,,,,,,,,,,,,1,"Brno, Cejl 79",,,,"Brno, Cejl 79, Česká republika","Brno, Cejl 79, Česká republika"
"Brno, Chaloupkova 7, Tyflocentrum","Brno, Chaloupkova 7, Tyflocentrum","Brno, Chaloupkova 7, Tyflocentrum, Česká republika",STRONG 4 000/3F - 30 minut + RPO,STRONG 4 000/3F - 30 minut + RPO,pan Strnad  724 027 482,pan Strnad  724 027 482,Jihomoravský,pan Strnad trvá na revizi 1 x ročně…mělo by být 2x,pan Strnad trvá na revizi 1 x ročně…mělo by být 2x,2026-05-23,,19.0,7–30 dnů,oranžová,49.22375,16.5989,OK Mapy.com,,čeká na přesné geokódování,"brno, chaloupkova 7, tyflocentrum, česká republika",,2026-05-23,19.0,7–30 dnů,oranžová,2026-05-23 (plánovaná),"Kalendář FZ - 12 měsíců, 2023.xlsx",49,2020,,,,STRONG 4 000/3F - 30 minut + RPO,,,,,,,23/26,,,,,,,,,,,,,,,,,,,,,,,,,,,,,,,,,,,,,,,,,,,,,,,,,,,,,,,,,,,,,,,,,,,,,,,,,,,,,,,,,1,"Brno, Chaloupkova 7, Tyflocentrum",,,,"Brno, Chaloupkova 7, Tyflocentrum, Česká republika","Brno, Chaloupkova 7, Tyflocentrum, Česká republika"
"Brno, FN, Netroufalky 1 - budova J2","Brno, FN, Netroufalky 1 - budova J2","Netroufalky 1, Brno, Česká republika",PS 20kVA/3f - 45 minut,PS 20kVA/3f - 45 minut,Horňák 724 563 207,Horňák 724 563 207,Jihomoravský,2024 objednaná oprava,2024 objednaná oprava,2026-08-13,2026-02-13,101.0,Více než 60 dnů,zelená,49.17956,16.57032,OK final,,"Dotaz zjednodušen na ulici/číslo + město + ČR/SR, bez názvů objektů.","brno, fn, netroufalky 1, budova j2, česká republika",2026-02-13,2026-08-13,101.0,Více než 60 dnů,zelená,2026-02-13 (proběhlá); 2026-08-13 (plánovaná),Kalendář FZ - 6 měsíců.xlsx,21,2017,,,Horňák 724 563 207,PS 20kVA/3f - 45 minut,"Brno, FN, Netroufalky 1 - budova J2",,,13/26,,,,,,13/26,,,,,,,,,,,,,,,,,,,,,,,,,,,,,,,,,,,,,,,,,,,,,,,,,,,,,,,,,,,,,,,,,,,,,,,,,,,,,,2,,,,,"Brno, FN, Netroufalky 1, budova J2, Česká republika","Fakultní nemocnice Brno, Netroufalky 1, Brno, Česká republika"
"Brno, Gajdošova 24 a 30","Brno, Gajdošova 24 a 30","Brno, Gajdošova 24 a 30, Česká republika",PS 500/1F -45 minut,PS 500/1F -45 minut,Kesidisová 605215278,Kesidisová 605215278,Jihomoravský,"ještě by měl být na Gajdošově 30 (500VA, 20061711)","ještě by měl být na Gajdošově 30 (500VA, 20061711)",2027-01-20,,261.0,Více než 60 dnů,zelená,49.20071,16.64383,OK Mapy.com,,čeká na přesné geokódování,"brno, gajdošova 24 a 30, česká republika",,2027-01-20,261.0,Více než 60 dnů,zelená,2027-01-20 (plánovaná),"Kalendář FZ - 12 měsíců, 2023.xlsx",42,2018,,,,PS 500/1F -45 minut,,,20/27,,,,,,,,,,,,,,,,,,,,,,,,,,,,,,,,,,,,,,,,,,,,,,,,,,,,,,,,,,,,,,,,,,,,,,,,,,,,,,,,,,,,,1,"Brno, Gajdošova 24 a 30",,,,"Brno, Gajdošova 24 a 30, Česká republika","Brno, Gajdošova 24 a 30, Česká republika"
"Brno, Gajdošova 26","Brno, Gajdošova 26","Brno, Gajdošova 26, Česká republika",PS 5000/3F -10 minut,PS 5000/3F -10 minut,"Jana MELOŠOVÁ
Telefon: +420 517 333 777","Jana MELOŠOVÁ
Telefon: +420 517 333 777",Jihomoravský,2024-komplet nový pajšl a výrobní číslo 24091001,2024-komplet nový pajšl a výrobní číslo 24091001,2026-09-17,,136.0,Více než 60 dnů,zelená,49.20059,16.64394,OK Mapy.com,,čeká na přesné geokódování,"brno, gajdošova 26, česká republika",,2026-09-17,136.0,Více než 60 dnů,zelená,2026-09-17 (plánovaná),"Kalendář FZ - 12 měsíců, 2023.xlsx",43,2014/nově 2024,,,,PS 5000/3F -10 minut,,,,,,,,,,,17/26,,,,,,,,,,,,,,,,,,,,,,,,,,,,,,,,,,,,,,,,,,,,,,,,,,,,,,,,,,,,,,,,,,,,,,,,,,,,,1,"Brno, Gajdošova 26",,,,"Brno, Gajdošova 26, Česká republika","Brno, Gajdošova 26, Česká republika"
"Brno, Hlinky 995_70, polyfunkční dům, IT Administrativa","Brno, Hlinky 995_70, polyfunkční dům, IT Administrativa","IT Administrativa, Hlinky 995/70, Brno, Česká republika",ASTIP PS 1500/3F-10 minut,ASTIP PS 1500/3F-10 minut,Nešpůrek 777 021 797,Nešpůrek 777 021 797,Jihomoravský,2022 - nový zdroj,2022 - nový zdroj,2026-02-04,2026-02-04,-89.0,Po termínu,červená,49.18987,16.58479,upraveno - znovu geokódovat,,Adresa automaticky upravena pro Mapy.com; spusť znovu geokodér.,"brno, hlinky 995/70, polyfunkční dům, it administrativa, česká republika",2026-02-04,2026-02-04,-89.0,Po termínu,červená,2026-02-04 (plánovaná),Kalendář FZ - 6 měsíců.xlsx,22,2022,,,Nešpůrek 777 021 797,ASTIP PS 1500/3F-10 minut,"Brno, Hlinky 995_70, polyfunkční dům, IT Administrativa",,,4/26,,,,,,,,,,,,,,,,,,,,,,,,,,,,,,,,,,,,,,,,,,,,,,,,,,,,,,,,,,,,,,,,,,,,,,,,,,,,,,,,,,,,1,,,,,"Brno, Hlinky 995/70, polyfunkční dům, IT Administrativa, Česká republika","IT Administrativa, Hlinky 995/70, Brno, Česká republika"
"Brno, Houbalova 6A, 6B + 10","Brno, Houbalova 6A, 6B + 10","Brno, Houbalova 6A, 6B + 10, Česká republika","2 x PS 3600/3F -7Min, STRONG 2000/3F/4C/1H","2 x PS 3600/3F -7Min, STRONG 2000/3F/4C/1H",,,Jihomoravský,,,2026-09-01,,120.0,Více než 60 dnů,zelená,49.20582,16.67265,OK Mapy.com,,čeká na přesné geokódování,"brno, houbalova 6a, 6b + 10, česká republika",,2026-09-01,120.0,Více než 60 dnů,zelená,2026-09-01 (plánovaná),"Kalendář FZ - 12 měsíců, 2023.xlsx",44,"2014, 2017",,,,"2 x PS 3600/3F -7Min, STRONG 2000/3F/4C/1H",,,,,,,,,,,1/26,,,,,,,,,,,,,,,,,,,,,,,,,,,,,,,,,,,,,,,,,,,,,,,,,,,,,,,,,,,,,,,,,,,,,,,,,,,,,1,"Brno, Houbalova 6A, 6B + 10",B ,,,"Brno, Houbalova 6A, 6B + 10, Česká republika","Brno, Houbalova 6A, 6B + 10, Česká republika"
"Brno, Houbalova 8","Brno, Houbalova 8","Brno, Houbalova 8, Česká republika","ASTIP STRONG 2000VA/3F -16,24 hodin","ASTIP STRONG 2000VA/3F -16,24 hodin",Čejková 603 712 673,Čejková 603 712 673,Jihomoravský,"2023 -zdroj dodávalo TRIDO, ještě jsou tam 3 k vratům, uvidíme, zda si budou objednávat revize","2023 -zdroj dodávalo TRIDO, ještě jsou tam 3 k vratům, uvidíme, zda si budou objednávat revize",2026-09-01,,120.0,Více než 60 dnů,zelená,49.20496,16.67311,OK Mapy.com,,čeká na přesné geokódování,"brno, houbalova 8, česká republika",,2026-09-01,120.0,Více než 60 dnů,zelená,2026-09-01 (plánovaná),"Kalendář FZ - 12 měsíců, 2023.xlsx",45,2018,,,,"ASTIP STRONG 2000VA/3F -16,24 hodin",,,,,,,,,,,1/26,,,,,,,,,,,,,,,,,,,,,,,,,,,,,,,,,,,,,,,,,,,,,,,,,,,,,,,,,,,,,,,,,,,,,,,,,,,,,1,"Brno, Houbalova 8",,,,"Brno, Houbalova 8, Česká republika","Brno, Houbalova 8, Česká republika"
"Brno, Hrázní 1","Brno, Hrázní 1","Brno, Hrázní 1, Česká republika",ASTIP STRONG 50kVA/10kVA/3F-45 minut,ASTIP STRONG 50kVA/10kVA/3F-45 minut,"Martin Pluhař
technický pracovník
+420 607 994 104
martin.pluhar@pcr.cz
www.policie.cz","Martin Pluhař
technický pracovník
+420 607 994 104
martin.pluhar@pcr.cz
www.policie.cz",Jihomoravský,,,2026-10-08,,157.0,Více než 60 dnů,zelená,49.2354,16.51849,OK Mapy.com,,čeká na přesné geokódování,"brno, hrázní 1, česká republika",,2026-10-08,157.0,Více než 60 dnů,zelená,2026-10-08 (plánovaná),"Kalendář FZ - 12 měsíců, 2023.xlsx",46,2023,,ano,,ASTIP STRONG 50kVA/10kVA/3F-45 minut,,,,,,,,,,,,8/26,,,,,,,,,,,,,,,,,,,,,,,,,,,,,,,,,,,,,,,,,,,,,,,,,,,,,,,,,,,,,,,,,,,,,,,,,,,,1,"Brno, Hrázní 1",,,,"Brno, Hrázní 1, Česká republika","Brno, Hrázní 1, Česká republika"
"Brno, Husova ulice, kryt","Brno, Husova ulice, kryt","Brno, Husova ulice, kryt, Česká republika",ASTIP STRONG 1000/1F-10 minut,ASTIP STRONG 1000/1F-10 minut,pan Paleček 776 210 868,pan Paleček 776 210 868,Jihomoravský,"30.4.2025 -Lubovi řečeno, že zdroj už není…","30.4.2025 -Lubovi řečeno, že zdroj už není…",,2022-04-13,,Bez termínu,šedá,49.19401,16.60434,OK Mapy.com,,čeká na přesné geokódování,"brno, husova ulice, kryt, česká republika",2022-04-13,,,Bez termínu,šedá,2022-04-13 (proběhlá); 2022-10-13 (nezjištěno),Kalendář FZ - 6 měsíců.xlsx,24,2020,,,pan Paleček 776 210 868,ASTIP STRONG 1000/1F-10 minut,"Brno, Husova ulice, kryt",,,,,13/22,,,,,,13/22,,,,,,,,,,,,,,,,,,,,,,,,,,,,,,,,,,,,,,,,,,,,,,,,,,,,,,,,,,,,,,,,,,,,,,,,,,,,2,,,,,"Brno, Husova ulice, kryt, Česká republika","Brno, Husova ulice, kryt, Česká republika"
"Brno, Hviezdoslavova, DPmB vozovna Slatina","Brno, Hviezdoslavova, DPmB vozovna Slatina","Brno, Hviezdoslavova, DPmB vozovna Slatina, Česká republika",PS 40kVA + PS 50kVA,PS 40kVA + PS 50kVA,Poledník 602 111 395,Poledník 602 111 395,Jihomoravský,,,2026-03-16,2026-03-16,-49.0,Po termínu,červená,49.18256,16.68006,OK Mapy.com,,čeká na přesné geokódování,"brno, hviezdoslavova, dpmb vozovna slatina, česká republika",2026-03-16,2026-03-16,-49.0,Po termínu,červená,2026-03-16 (plánovaná),Kalendář FZ - 6 měsíců.xlsx,23,2017,,,Poledník 602 111 395,PS 40kVA + PS 50kVA,"Brno, Hviezdoslavova, DPmB vozovna Slatina",,,,16/26,,,,,,,,,,,,,,,,,,,,,,,,,,,,,,,,,,,,,,,,,,,,,,,,,,,,,,,,,,,,,,,,,,,,,,,,,,,,,,,,,,,1,,,,,"Brno, Hviezdoslavova, DPmB vozovna Slatina, Česká republika","Brno, Hviezdoslavova, DPmB vozovna Slatina, Česká republika"
"Brno, Hybešova 49","Brno, Hybešova 49","Brno, Hybešova 49, Česká republika",STRONG 5000/3f – 10 minut,STRONG 5000/3f – 10 minut,,,Jihomoravský,2027 -nutno vyměnit pomocku  -12Ah,2027 -nutno vyměnit pomocku  -12Ah,2027-03-11,,311.0,Více než 60 dnů,zelená,49.18935,16.60063,OK Mapy.com,,čeká na přesné geokódování,"brno, hybešova 49, česká republika",,2027-03-11,311.0,Více než 60 dnů,zelená,2027-03-11 (plánovaná),"Kalendář FZ - 12 měsíců, 2023.xlsx",47,"2018, new 2022",,poznámka,,STRONG 5000/3f – 10 minut,,,,,11/27,,,,,,,,,,,,,,,,,,,,,,,,,,,,,,,,,,,,,,,,,,,,,,,,,,,,,,,,,,,,,,,,,,,,,,,,,,,,,,,,,,,1,"Brno, Hybešova 49",,,,"Brno, Hybešova 49, Česká republika","Brno, Hybešova 49, Česká republika"
"Brno, Hybešova 63, oční studio Žejdl","Brno, Hybešova 63, oční studio Žejdl","Brno, Hybešova 63, oční studio Žejdl, Česká republika","Strong 2000/3f, 45 min","Strong 2000/3f, 45 min","Michal Hryciow, 727 909 288","Michal Hryciow, 727 909 288",Jihomoravský,nový zdroj 2024,nový zdroj 2024,2025-09-19,2025-09-19,-227.0,Po termínu,červená,49.1887,16.59931,OK Mapy.com,,čeká na přesné geokódování,"brno, hybešova 63, oční studio žejdl, česká republika",2025-09-19,2025-09-19,-227.0,Po termínu,červená,2025-09-19 (plánovaná),"Kalendář FZ - 12 měsíců, 2023.xlsx",48,"2018, nově 2024",ano,,,"Strong 2000/3f, 45 min",,,,,,,,,,,19/25,,,,,,,,,,,,,,,,,,,,,,,,,,,,,,,,,,,,,,,,,,,,,,,,,,,,,,,,,,,,,,,,,,,,,,,,,,,,,1,"Brno, Hybešova 63, oční studio Žejdl",,5500,,"Brno, Hybešova 63, oční studio Žejdl, Česká republika","Brno, Hybešova 63, oční studio Žejdl, Česká republika"
"Brno, Jakubská 126,11,  kostel sv Jakuba","Brno, Jakubská 126,11,  kostel sv Jakuba","Brno, Jakubská 126, 11, kostel sv Jakuba, Česká republika","ASTIP STRONG 4000VA/3F-45, 60 minut/EI60,","ASTIP STRONG 4000VA/3F-45, 60 minut/EI60,",Haičman 739 828 733,Haičman 739 828 733,Jihomoravský,,,2026-06-03,2025-12-03,30.0,30–60 dnů,žlutá,49.19661,16.60738,OK Mapy.com,,čeká na přesné geokódování,"brno, jakubská 126, 11, kostel sv jakuba, česká republika",2025-12-03,2026-06-03,30.0,30–60 dnů,žlutá,2025-12-03 (proběhlá); 2026-06-03 (plánovaná),Kalendář FZ - 6 měsíců.xlsx,31,2024,ano,ano,Haičman 739 828 733,"ASTIP STRONG 4000VA/3F-45, 60 minut/EI60,","Brno, Jakubská 126,11,  kostel sv Jakuba",,,,,,,3/26,,,,,,3/25,,,,,,,,,,,,,,,,,,,,,,,,,,,,,,,,,,,,,,,,,,,,,,,,,,,,,,,,,,,,,,,,,,,,,,,,,,2,,,,,"Brno, Jakubská 126, 11, kostel sv Jakuba, Česká republika","Brno, Jakubská 126, 11, kostel sv Jakuba, Česká republika"
"Brno, Jarmily Kurandové 8","Brno, Jarmily Kurandové 8","Brno, Jarmily Kurandové 8, Česká republika",PBZ 1000/1f - 45 min,PBZ 1000/1f - 45 min,Šusterová - 608 081 158,Šusterová - 608 081 158,Jihomoravský,,,2023-04-19,2023-04-19,-1111.0,Po termínu,červená,49.23054,16.60661,OK Mapy.com,,čeká na přesné geokódování,"brno, jarmily kurandové 8, česká republika",2023-04-19,2023-04-19,-1111.0,Po termínu,červená,2023-04-19 (plánovaná),"Kalendář FZ - 12 měsíců, 2023.xlsx",50,2017,,,,PBZ 1000/1f - 45 min,,,,,,19/23,,,,,,,,,,,,,,,,,,,,,,,,,,,,,,,,,,,,,,,,,,,,,,,,,,,,,,,,,,,,,,,,,,,,,,,,,,,,,,,,,,1,"Brno, Jarmily Kurandové 8",,,,"Brno, Jarmily Kurandové 8, Česká republika","Brno, Jarmily Kurandové 8, Česká republika"
"Brno, Jedovnická 8A, ubytovna","Brno, Jedovnická 8A, ubytovna","ubytovna, Jedovnická 8A, Brno, Česká republika",ASTIP PS 37KVA/15kVA/3F - 45 minut,ASTIP PS 37KVA/15kVA/3F - 45 minut,pan Antonov 544 135 145/604212601,pan Antonov 544 135 145/604212601,Jihomoravský,,,2027-02-25,,297.0,Více než 60 dnů,zelená,49.19897,16.66642,upraveno - znovu geokódovat,,Adresa automaticky upravena pro Mapy.com; spusť znovu geokodér.,"brno, jedovnická 8a, ubytovna, česká republika",,2027-02-25,297.0,Více než 60 dnů,zelená,2027-02-25 (plánovaná),"Kalendář FZ - 12 měsíců, 2023.xlsx",51,2021,,,,ASTIP PS 37KVA/15kVA/3F - 45 minut,,,,25/27,,,,,,,,,,,,,,,,,,,,,,,,,,,,,,,,,,,,,,,,,,,,,,,,,,,,,,,,,,,,,,,,,,,,,,,,,,,,,,,,,,,,1,"Brno, Jedovnická 8A, ubytovna",,,,"Brno, Jedovnická 8A, ubytovna, Česká republika","ubytovna, Jedovnická 8A, Brno, Česká republika"
"Brno, Jinačovice 512e, Hoxter s.r.o","Brno, Jinačovice 512e, Hoxter s.r.o","Brno, Jinačovice 512e, Hoxter s.r.o, Česká republika",PS 3000/3f -10 minut,PS 3000/3f -10 minut,"Popelka 703 149 138, Makovec 774 233 519","Popelka 703 149 138, Makovec 774 233 519",Jihomoravský,,,2026-07-13,2026-01-13,70.0,Více než 60 dnů,zelená,49.26128,16.52544,OK Mapy.com,,čeká na přesné geokódování,"brno, jinačovice 512e, hoxter s.r.o, česká republika",2026-01-13,2026-07-13,70.0,Více než 60 dnů,zelená,2026-01-13 (proběhlá); 2026-07-13 (plánovaná),Kalendář FZ - 6 měsíců.xlsx,25,2017,ano,,"Popelka 703 149 138, Makovec 774 233 519",PS 3000/3f -10 minut,"Brno, Jinačovice 512e, Hoxter s.r.o",,13/26,,,,,,13/26,,,,,,,6200,,,,,,,,,,,,,,,,,,,,,,,,,,,,,,,,,,,,,,,,,,,,,,,,,,,,,,,,,,,,,,,,,,,,,,,,2,,,,,"Brno, Jinačovice 512e, Hoxter s.r.o, Česká republika","Brno, Jinačovice 512e, Hoxter s.r.o, Česká republika"
"Brno, Kabátníkova 2, BD","Brno, Kabátníkova 2, BD","BD, Kabátníkova 2, Brno, Česká republika",ASTIP STRONG 3 000VA/3F -45 minut,ASTIP STRONG 3 000VA/3F -45 minut,Zatloukalová 724 354 330,Zatloukalová 724 354 330,Jihomoravský,,,2026-09-16,,135.0,Více než 60 dnů,zelená,49.21128,16.60179,upraveno - znovu geokódovat,,Adresa automaticky upravena pro Mapy.com; spusť znovu geokodér.,"brno, kabátníkova 2, bd, česká republika",,2026-09-16,135.0,Více než 60 dnů,zelená,2026-09-16 (plánovaná),"Kalendář FZ - 12 měsíců, 2023.xlsx",52,2021,ano,ano,,ASTIP STRONG 3 000VA/3F -45 minut,,,,,,,,,,,16/26,,,,,,,,,,,,,,,,,,,,,,,,,,,,,,,,,,,,,,,,,,,,,,,,,,,,,,,,,,,,,,,,,,,,,,,,,,,,,1,"Brno, Kabátníkova 2, BD",,,,"Brno, Kabátníkova 2, BD, Česká republika","BD, Kabátníkova 2, Brno, Česká republika"
"Brno, Kamenomlýnská 2, SŠ ,MŠ, ZŠ pro znevýhodněné","Brno, Kamenomlýnská 2, SŠ ,MŠ, ZŠ pro znevýhodněné","Brno, Kamenomlýnská 2, SŠ, MŠ, ZŠ pro znevýhodněné, Česká republika",STRONG 41kVA/15kVA/3F-10 minut,STRONG 41kVA/15kVA/3F-10 minut,pan Loula 778 457 877,pan Loula 778 457 877,Jihomoravský,,,2026-06-03,2025-12-03,30.0,30–60 dnů,žlutá,49.19553,16.57116,OK Mapy.com,,čeká na přesné geokódování,"brno, kamenomlýnská 2, sš, mš, zš pro znevýhodněné, česká republika",2025-12-03,2026-06-03,30.0,30–60 dnů,žlutá,2025-12-03 (proběhlá); 2026-06-03 (plánovaná),Kalendář FZ - 6 měsíců.xlsx,26,2023,ano,,pan Loula 778 457 877,STRONG 41kVA/15kVA/3F-10 minut,"Brno, Kamenomlýnská 2, SŠ ,MŠ, ZŠ pro znevýhodněné ",,,,,,,3/26,,,,,,3/25,,,,,,,,,,,,,,,,,,,,,,,,,,,,,,,,,,,,,,,,,,,,,,,,,,,,,,,,,,,,,,,,,,,,,,,,,,2,,,,,"Brno, Kamenomlýnská 2, SŠ, MŠ, ZŠ pro znevýhodněné, Česká republika","Brno, Kamenomlýnská 2, SŠ, MŠ, ZŠ pro znevýhodněné, Česká republika"
"Brno, Kamínky 3","Brno, Kamínky 3","Brno, Kamínky 3, Česká republika","PS 30kVA/22kW, 15 min","PS 30kVA/22kW, 15 min",Penčík - 608 700 676 údržba,Penčík - 608 700 676 údržba,Jihomoravský,,,2027-03-04,,304.0,Více než 60 dnů,zelená,49.17689,16.5595,OK Mapy.com,,čeká na přesné geokódování,"brno, kamínky 3, česká republika",,2027-03-04,304.0,Více než 60 dnů,zelená,2027-03-04 (plánovaná),"Kalendář FZ - 12 měsíců, 2023.xlsx",53,2016,,,,"PS 30kVA/22kW, 15 min",,,,,4/27,,,,,,,,,,,,,,,,,,,,,,,,,,,,,,,,,,,,,,,,,,,,,,,,,,,,,,,,,,,,,,,,,,,,,,,,,,,,,,,,,,,1,"Brno, Kamínky 3",,8750,,"Brno, Kamínky 3, Česká republika","Brno, Kamínky 3, Česká republika"
"Brno, Karásek 2219/1d, Lachema","Brno, Karásek 2219/1d, Lachema","Brno, Karásek 2219/1d, Lachema, Česká republika",ASTIP STRONG 4kVA + 2kVA,ASTIP STRONG 4kVA + 2kVA,Hudec 770 164 679,Hudec 770 164 679,Jihomoravský,,,2026-06-25,,52.0,30–60 dnů,žlutá,49.25327,16.59191,OK Mapy.com,,čeká na přesné geokódování,"brno, karásek 2219/1d, lachema, česká republika",,2026-06-25,52.0,30–60 dnů,žlutá,2026-06-25 (plánovaná),"Kalendář FZ - 12 měsíců, 2023.xlsx",54,2024,,,,ASTIP STRONG 4kVA + 2kVA,,,,,,,,25/26,,,,,,,,,,,,,,,,,,,,,,,,,,,,,,,,,,,,,,,,,,,,,,,,,,,,,,,,,,,,,,,,,,,,,,,,,,,,,,,,1,"Brno, Karásek 2219/1d, Lachema",,,,"Brno, Karásek 2219/1d, Lachema, Česká republika","Brno, Karásek 2219/1d, Lachema, Česká republika"
"Brno, Kigginsova 2, Bruno family park","Brno, Kigginsova 2, Bruno family park","Brno, Kigginsova 2, Bruno family park, Česká republika","1x 7500/3f, 1x 4000/3f-45 minut","1x 7500/3f, 1x 4000/3f-45 minut","prcik@imosfacility.cz, 606 758 569","prcik@imosfacility.cz, 606 758 569",Jihomoravský,"23.9.2024- 4kVA- KO, nabídka na komplet pajšl, vyměněno ...06/2023 -nový zdroj 7,5kVA                 7,5 kVA - 7.12.2020 - měnily se baterky","23.9.2024- 4kVA- KO, nabídka na komplet pajšl, vyměněno ...06/2023 -nový zdroj 7,5kVA                 7,5 kVA - 7.12.2020 - měnily se baterky",2026-05-12,2025-11-12,8.0,7–30 dnů,oranžová,49.18123,16.66818,OK Mapy.com,,čeká na přesné geokódování,"brno, kigginsova 2, bruno family park, česká republika",2025-11-12,2026-05-12,8.0,7–30 dnů,oranžová,2025-11-12 (proběhlá); 2026-05-12 (plánovaná),Kalendář FZ - 6 měsíců.xlsx,27,"2015, nově 2023",,,"prcik@imosfacility.cz, 606 758 569","1x 7500/3f, 1x 4000/3f-45 minut","Brno, Kigginsova 2, Bruno family park",,,,,,12/26,,,,,,12/25,,,,,,,,,,,,,,,,,,,,,,,,,,,,,,,,,,,,,,,,,,,,,,,,,,,,,,,,,,,,,,,,,,,,,,,,,,,2,,,,,"Brno, Kigginsova 2, Bruno family park, Česká republika","Brno, Kigginsova 2, Bruno family park, Česká republika"
"Brno, Kigginsova 4, 6, 8","Brno, Kigginsova 4, 6, 8","Brno, Kigginsova 4, 6, 8, Česká republika",STRONG 7500/3f - 15 min.,STRONG 7500/3f - 15 min.,"Milan Svoboda 724261460, 533432514, IMOS","Milan Svoboda 724261460, 533432514, IMOS",Jihomoravský,,,2026-06-25,,52.0,30–60 dnů,žlutá,49.18107,16.66919,OK Mapy.com,,čeká na přesné geokódování,"brno, kigginsova 4, 6, 8, česká republika",,2026-06-25,52.0,30–60 dnů,žlutá,2026-06-25 (plánovaná); 2026-07-15 (plánovaná); 2026-12-03 (plánovaná),"Kalendář FZ - 12 měsíců, 2023.xlsx",55,2017.2016,,,,STRONG 7500/3f - 15 min.,,,,,,,,25/26-4,15/26-8,,,,,3/26-6,,,,,,,,,,,,,,,,,,,,,,,,,,,,,,,,,,,,,,,,,,,,,,,,,,,,,,,,,,,,,,,,,,,,,,,,,,3,"Brno, Kigginsova 4, 6, 8",,,,"Brno, Kigginsova 4, 6, 8, Česká republika","Brno, Kigginsova 4, 6, 8, Česká republika"
"Brno, Koniklecova 2","Brno, Koniklecova 2","Brno, Koniklecova 2, Česká republika",ASTIP STRONG 62kVA/30kVA/3F-45 minut,ASTIP STRONG 62kVA/30kVA/3F-45 minut,Machan Výtahy Brno -608 266 701,Machan Výtahy Brno -608 266 701,Jihomoravský,,,2026-02-24,2026-02-24,-69.0,Po termínu,červená,49.1781,16.55554,OK Mapy.com,,čeká na přesné geokódování,"brno, koniklecova 2, česká republika",2026-02-24,2026-02-24,-69.0,Po termínu,červená,2026-02-24 (plánovaná),"Kalendář FZ - 12 měsíců, 2023.xlsx",56,2022,,,,ASTIP STRONG 62kVA/30kVA/3F-45 minut,,,,24/26,,,,,,,,,,,,,,,,,,,,,,,,,,,,,,,,,,,,,,,,,,,,,,,,,,,,,,,,,,,,,,,,,,,,,,,,,,,,,,,,,,,,1,"Brno, Koniklecova 2",,,,"Brno, Koniklecova 2, Česká republika","Brno, Koniklecova 2, Česká republika"
"Brno, Koperníkova 1, BD","Brno, Koperníkova 1, BD","BD, Koperníkova 1, Brno, Česká republika",ASTIP STRONG 40kVA/3F -60 minut,ASTIP STRONG 40kVA/3F -60 minut,Čejková 603 712673,Čejková 603 712673,Jihomoravský,,,2026-05-26,2025-11-26,22.0,7–30 dnů,oranžová,49.20175,16.63788,upraveno - znovu geokódovat,,Adresa automaticky upravena pro Mapy.com; spusť znovu geokodér.,"brno, koperníkova 1, bd, česká republika",2025-11-26,2026-05-26,22.0,7–30 dnů,oranžová,2025-11-26 (proběhlá); 2026-05-26 (plánovaná),Kalendář FZ - 6 měsíců.xlsx,28,2020,ano,,Čejková 603 712673,ASTIP STRONG 40kVA/3F -60 minut,"Brno, Koperníkova 1, BD",,,,,,26/26,,,,,,26/25,,,,,,,,,,,,,,,,,,,,,,,,,,,,,,,,,,,,,,,,,,,,,,,,,,,,,,,,,,,,,,,,,,,,,,,,,,,2,,,,,"Brno, Koperníkova 1, BD, Česká republika","BD, Koperníkova 1, Brno, Česká republika"
"Brno, Kopečná 17, Jircháře 2","Brno, Kopečná 17, Jircháře 2","Brno, Kopečná 17, Jircháře 2, Česká republika","Strong 15kVA/3f, 30 min","Strong 15kVA/3f, 30 min",otevírací paní 775 636 635,otevírací paní 775 636 635,Jihomoravský,"info od Libora - 04/2021 - dokud nebude vše narovnáno, nejezdit a nedělat FZ, pí. Bronislava Lorencová, 731 620 361 - správce Avrio invest s.r.o. SVJ to nechce dělat","info od Libora - 04/2021 - dokud nebude vše narovnáno, nejezdit a nedělat FZ, pí. Bronislava Lorencová, 731 620 361 - správce Avrio invest s.r.o. SVJ to nechce dělat",2021-08-11,2021-05-11,-1727.0,Po termínu,červená,49.1903,16.60386,OK Mapy.com,,čeká na přesné geokódování,"brno, kopečná 17, jircháře 2, česká republika",2021-05-11,2021-08-11,-1727.0,Po termínu,červená,2021-05-11 (proběhlá); 2021-08-11 (plánovaná),"Kalendář FZ - 12 měsíců, 2023.xlsx",58,2016,,,,"Strong 15kVA/3f, 30 min",,,,,,,11/21,,,11/21,,,,,,,,,,,,,,,,,,,,,,,,,,,,,,,,,,,,,,,,,,,,,,,,,,,,,,,,,,,,,,,,,,,,,,,,,,,,,,2,"Brno, Kopečná 17, Jircháře 2",,7500,,"Brno, Kopečná 17, Jircháře 2, Česká republika","Brno, Kopečná 17, Jircháře 2, Česká republika"
"Brno, Kopečná 34, BD","Brno, Kopečná 34, BD","BD, Kopečná 34, Brno, Česká republika",ASTIP STRONG 1 000VA/1F -1H,ASTIP STRONG 1 000VA/1F -1H,Martin Vítek,Martin Vítek,Jihomoravský,,,2027-01-09,,250.0,Více než 60 dnů,zelená,49.19071,16.60445,upraveno - znovu geokódovat,,Adresa automaticky upravena pro Mapy.com; spusť znovu geokodér.,"brno, kopečná 34, bd, česká republika",,2027-01-09,250.0,Více než 60 dnů,zelená,2027-01-09 (plánovaná),"Kalendář FZ - 12 měsíců, 2023.xlsx",59,2018,,,,ASTIP STRONG 1 000VA/1F -1H,,,9/27,,,,,,,,,,,,,,,,,,,,,,,,,,,,,,,,,,,,,,,,,,,,,,,,,,,,,,,,,,,,,,,,,,,,,,,,,,,,,,,,,,,,,1,"Brno, Kopečná 34, BD",,,,"Brno, Kopečná 34, BD, Česká republika","BD, Kopečná 34, Brno, Česká republika"
"Brno, Kopečná","Brno, Kopečná","Brno, Kopečná, Česká republika",PS 20 000/3f-35 minut,PS 20 000/3f-35 minut,"Schrack, Cachová, Nejedlý","Schrack, Cachová, Nejedlý",Jihomoravský,parkovací dům,parkovací dům,2025-06-02,2025-06-02,-336.0,Po termínu,červená,49.19098,16.60401,OK Mapy.com,,čeká na přesné geokódování,"brno, kopečná, česká republika",2025-06-02,2025-06-02,-336.0,Po termínu,červená,2025-06-02 (plánovaná),"Kalendář FZ - 12 měsíců, 2023.xlsx",57,2014,,,,  PS 20 000/3f-35 minut,,,,,,,,2/25,,,,,,,,,,,,,,,,,,,,,,,,,,,,,,,,,,,,,,,,,,,,,,,,,,,,,,,,,,,,,,,,,,,,,,,,,,,,,,,,1,"Brno, Kopečná",,,,"Brno, Kopečná, Česká republika","Brno, Kopečná, Česká republika"
"Brno, Kotlářská 22, BD","Brno, Kotlářská 22, BD","BD, Kotlářská 22, Brno, Česká republika",ASTIP PS 3000VA/3F/1F-10 minut,ASTIP PS 3000VA/3F/1F-10 minut,Kejř 728 056 913,Kejř 728 056 913,jihomoravský,,,2026-01-28,2026-01-28,-96.0,Po termínu,červená,49.20676,16.60111,upraveno - znovu geokódovat,,Adresa automaticky upravena pro Mapy.com; spusť znovu geokodér.,"brno, kotlářská 22, bd, česká republika",2026-01-28,2026-01-28,-96.0,Po termínu,červená,2026-01-28 (plánovaná),"Kalendář FZ - 12 měsíců, 2023.xlsx",61,2015,,,,ASTIP PS 3000VA/3F/1F-10 minut,,,28/26,,,,,,,,,,,,,,,,,,,,,,,,,,,,,,,,,,,,,,,,,,,,,,,,,,,,,,,,,,,,,,,,,,,,,,,,,,,,,,,,,,,,,1,"Brno, Kotlářská 22, BD",,,,"Brno, Kotlářská 22, BD, Česká republika","BD, Kotlářská 22, Brno, Česká republika"
"Brno, Kotlářská 3, BD","Brno, Kotlářská 3, BD","BD, Kotlářská 3, Brno, Česká republika",ASTIP STRONG 15 kVA/3F -45 mint,ASTIP STRONG 15 kVA/3F -45 mint,Tomáš PITROCHA IMOS - 604 222 030,Tomáš PITROCHA IMOS - 604 222 030,Jihomoravský,,,2026-08-14,,102.0,Více než 60 dnů,zelená,49.20511,16.5957,upraveno - znovu geokódovat,,Adresa automaticky upravena pro Mapy.com; spusť znovu geokodér.,"brno, kotlářská 3, bd, česká republika",,2026-08-14,102.0,Více než 60 dnů,zelená,2026-08-14 (plánovaná),"Kalendář FZ - 12 měsíců, 2023.xlsx",60,2020,ano,ano,,ASTIP STRONG 15 kVA/3F -45 mint,,,,,,,,,,14/26,,,,,,,,,,,,,,,,,,,,,,,,,,,,,,,,,,,,,,,,,,,,,,,,,,,,,,,,,,,,,,,,,,,,,,,,,,,,,,1,"Brno, Kotlářská 3, BD",,,,"Brno, Kotlářská 3, BD, Česká republika","BD, Kotlářská 3, Brno, Česká republika"
"Brno, Košuličova 10, Dr. MAX","Brno, Košuličova 10, Dr. MAX","Dr. MAX, Košuličova 10, Brno, Česká republika",ASTIP STRONG 2 000VA/4C/1H,ASTIP STRONG 2 000VA/4C/1H,"Bořecký 735 159 670, 739 582 802","Bořecký 735 159 670, 739 582 802",Jihomoravský,,,2024-11-28,2024-05-28,-522.0,Po termínu,červená,49.16855,16.61179,upraveno - znovu geokódovat,,Adresa automaticky upravena pro Mapy.com; spusť znovu geokodér.,"brno, košuličova 10, dr. max, česká republika",2024-05-28,2024-11-28,-522.0,Po termínu,červená,2024-05-28 (proběhlá); 2024-11-28 (plánovaná),Kalendář FZ - 6 měsíců.xlsx,29,2019,,,"Bořecký 735 159 670, 739 582 802",ASTIP STRONG 2 000VA/4C/1H,"Brno, Košuličova 10, Dr. MAX",,,,,,28/24,,,,,,28/24,,,,,,,,,,,,,,,,,,,,,,,,,,,,,,,,,,,,,,,,,,,,,,,,,,,,,,,,,,,,,,,,,,,,,,,,,,,2,,,,,"Brno, Košuličova 10, Dr. MAX, Česká republika","Dr. MAX, Košuličova 10, Brno, Česká republika"
"Brno, Kraví Hora -Hvězdárna","Brno, Kraví Hora -Hvězdárna","Brno, Kraví Hora -Hvězdárna, Česká republika",ASTIP PS 3 000VA/3F -5 minut,ASTIP PS 3 000VA/3F -5 minut,Hladík 777 250 901,Hladík 777 250 901,Jihomoravský,"1.3.2021 - STOP STAV, zdroj z roku 2013, první revize ..30.5.2023 poslaná aktualizace CN, odezva - nechtějí","1.3.2021 - STOP STAV, zdroj z roku 2013, první revize ..30.5.2023 poslaná aktualizace CN, odezva - nechtějí",,2021-03-01,,Bez termínu,šedá,49.20416,16.58388,OK Mapy.com,,čeká na přesné geokódování,"brno, kraví hora -hvězdárna, česká republika",2021-03-01,,,Bez termínu,šedá,2021-03-01 (nezjištěno),Kalendář FZ - 6 měsíců.xlsx,32,2013,,,Hladík 777 250 901,ASTIP PS 3 000VA/3F -5 minut,"Brno, Kraví Hora -Hvězdárna",,,,1/21,,,,,,,,,,,,,,,,,,,,,,,,,,,,,,,,,,,,,,,,,,,,,,,,,,,,,,,,,,,,,,,,,,,,,,,,,,,,,,,,,,,1,,,,,"Brno, Kraví Hora -Hvězdárna, Česká republika","Brno, Kraví Hora -Hvězdárna, Česká republika"
"Brno, Kumpoštova 7,8,11","Brno, Kumpoštova 7,8,11","Brno, Kumpoštova 7, 8, 11, Česká republika","2xSchrack Strong 10kVA,1xStrong 20kVA","2xSchrack Strong 10kVA,1xStrong 20kVA","Pitrucha - 604 222 030
Kašpárek – 604 222 031","Pitrucha - 604 222 030
Kašpárek – 604 222 031",Jihomoravský,,,2026-06-26,,53.0,30–60 dnů,žlutá,49.23005,16.60557,OK Mapy.com,,čeká na přesné geokódování,"brno, kumpoštova 7, 8, 11, česká republika",,2026-06-26,53.0,30–60 dnů,žlutá,2026-06-26 (plánovaná); 2026-08-27 (plánovaná),"Kalendář FZ - 12 měsíců, 2023.xlsx",64,2017,,,,"2xSchrack Strong 10kVA,1xStrong 20kVA",,,,,,,,26/26,,27/26-8,,,,,,,,,,,,,,,,,,,,,,,,,,,,,,,,,,,,,,,,,,,,,,,,,,,,,,,,,,,,,,,,,,,,,,,,,,,,,,2,"Brno, Kumpoštova 7,8,11",,,,"Brno, Kumpoštova 7, 8, 11, Česká republika","Brno, Kumpoštova 7, 8, 11, Česká republika"
"Brno, Křepelčí, Žabí","Brno, Křepelčí, Žabí","Brno, Křepelčí, Žabí, Česká republika",2x Schrack PBZ 3000/3f-45 minut,2x Schrack PBZ 3000/3f-45 minut,Hnízdil - 770 778 081,Hnízdil - 770 778 081,Jihomoravský,,,2026-03-03,2026-03-03,-62.0,Po termínu,červená,49.2165,16.49716,OK Mapy.com,,čeká na přesné geokódování,"brno, křepelčí, žabí, česká republika",2026-03-03,2026-03-03,-62.0,Po termínu,červená,2026-03-03 (plánovaná),"Kalendář FZ - 12 měsíců, 2023.xlsx",62,2014,,,,2x Schrack PBZ 3000/3f-45 minut,,,,,3/26-žabí,,,,,,,,,,,,,,,,,,,,,,,,,,,,,,,,,,,,,,,,,,,,,,,,,,,,,,,,,,,,,,,,,,,,,,,,,,,,,,,,,,,1,"Brno, Křepelčí, Žabí",,,,"Brno, Křepelčí, Žabí, Česká republika","Brno, Křepelčí, Žabí, Česká republika"
"Brno, Kšírova 45","Brno, Kšírova 45","Brno, Kšírova 45, Česká republika",PS 4000VA/3f-35 minut,PS 4000VA/3f-35 minut,Ing. Pírek - 602 584 869,Ing. Pírek - 602 584 869,Jihomoravský,,,2018-10-05,2018-10-05,-2768.0,Po termínu,červená,49.17438,16.61709,OK Mapy.com,,čeká na přesné geokódování,"brno, kšírova 45, česká republika",2018-10-05,2018-10-05,-2768.0,Po termínu,červená,2018-10-05 (plánovaná),"Kalendář FZ - 12 měsíců, 2023.xlsx",63,2013,,,,  PS 4000VA/3f-35 minut,,,,,,,,,,,,5/18,,,,,,,,,,,,,,,,,,,,,,,,,,,,,,,,,,,,,,,,,,,,,,,,,,,,,,,,,,,,,,,,,,,,,,,,,,,,1,"Brno, Kšírova 45",,,,"Brno, Kšírova 45, Česká republika","Brno, Kšírova 45, Česká republika"
"Brno, Langrova 1227-1D","Brno, Langrova 1227-1D","Brno, Langrova 1227-1D, Česká republika",SCHRACK PS 7500VA/3F,SCHRACK PS 7500VA/3F,Jaroš 606 726 099,Jaroš 606 726 099,Jihomoravský,,,2026-05-21,,17.0,7–30 dnů,oranžová,49.17937,16.67953,OK Mapy.com,,čeká na přesné geokódování,"brno, langrova 1227-1d, česká republika",,2026-05-21,17.0,7–30 dnů,oranžová,2026-05-21 (plánovaná),"Kalendář FZ - 12 měsíců, 2023.xlsx",65,2014,,,,SCHRACK PS 7500VA/3F ,,,,,,,21/26,,,,,,,,,,,,,,,,,,,,,,,,,,,,,,,,,,,,,,,,,,,,,,,,,,,,,,,,,,,,,,,,,,,,,,,,,,,,,,,,,1,"Brno, Langrova 1227-1D",,,,"Brno, Langrova 1227-1D, Česká republika","Brno, Langrova 1227-1D, Česká republika"
"Brno - Lesná, Fillova, OBZOR","Brno - Lesná, Fillova, OBZOR","Lesná, Fillova, Brno, Česká republika","ASTIP PS 20 000/3F -45, 60 minut","ASTIP PS 20 000/3F -45, 60 minut","IMOS, pan Pejta 724 946 604","IMOS, pan Pejta 724 946 604",Jihomoravský,"2025 - stále v řešení, 18.6.2024 -řeší M. Ledvina","2025 - stále v řešení, 18.6.2024 -řeší M. Ledvina",2024-02-13,2024-02-13,-811.0,Po termínu,červená,49.51791,15.05756,upraveno - znovu geokódovat,,Adresa automaticky upravena pro Mapy.com; spusť znovu geokodér.,"brno, lesná, fillova, obzor, česká republika",2024-02-13,2024-02-13,-811.0,Po termínu,červená,2024-02-13 (plánovaná),"Kalendář FZ - 12 měsíců, 2023.xlsx",29,2019,,,,"ASTIP PS 20 000/3F -45, 60 minut",,,,13/24,,,,,,,,,,,,,,,,,,,,,,,,,,,,,,,,,,,,,,,,,,,,,,,,,,,,,,,,,,,,,,,,,,,,,,,,,,,,,,,,,,,,1,"Brno - Lesná, Fillova, OBZOR",,,,"Brno, Lesná, Fillova, OBZOR, Česká republika","Lesná, Fillova, Brno, Česká republika"
"Brno, Libušino údolí 511/58, BD","Brno, Libušino údolí 511/58, BD","BD, Libušino údolí 511/58, Brno, Česká republika",ASTIP STRONG 62kVA/20kVA/3F-45 minut,ASTIP STRONG 62kVA/20kVA/3F-45 minut,"Netoušek, tel. 797 996 546","Netoušek, tel. 797 996 546",Jihomoravský,,,2026-03-24,2026-03-24,-41.0,Po termínu,červená,49.19674,16.55347,upraveno - znovu geokódovat,,Adresa automaticky upravena pro Mapy.com; spusť znovu geokodér.,"brno, libušino údolí 511/58, bd, česká republika",2026-03-24,2026-03-24,-41.0,Po termínu,červená,2026-03-24 (plánovaná),"Kalendář FZ - 12 měsíců, 2023.xlsx",66,2021,,,,ASTIP STRONG 62kVA/20kVA/3F-45 minut,,,,,24/26,,,,,,,,,,,,,,,,,,,,,,,,,,,,,,,,,,,,,,,,,,,,,,,,,,,,,,,,,,,,,,,,,,,,,,,,,,,,,,,,,,,1,"Brno, Libušino údolí 511/58, BD",,,,"Brno, Libušino údolí 511/58, BD, Česká republika","BD, Libušino údolí 511/58, Brno, Česká republika"
"Brno, Lidická 31, Techlar","Brno, Lidická 31, Techlar","Brno, Lidická 31, Techlar, Česká republika",LiftBack 15kVA/3f-45min,LiftBack 15kVA/3f-45min,Imrich - 602 132 537,Imrich - 602 132 537,Jihomoravský,,,2026-04-30,2026-04-30,-4.0,Po termínu,červená,49.20261,16.60655,OK Mapy.com,,čeká na přesné geokódování,"brno, lidická 31, techlar, česká republika",2026-04-30,2026-04-30,-4.0,Po termínu,červená,2026-04-30 (plánovaná),"Kalendář FZ - 12 měsíců, 2023.xlsx",67,2016,,,,LiftBack 15kVA/3f-45min,,,,,,30/26,,,,,,,,,,,,,,,,,,,,,,,,,,,,,,,,,,,,,,,,,,,,,,,,,,,,,,,,,,,,,,,,,,,,,,,,,,,,,,,,,,1,"Brno, Lidická 31, Techlar",,,,"Brno, Lidická 31, Techlar, Česká republika","Brno, Lidická 31, Techlar, Česká republika"
"Brno, Lidická 63, Lužánky rezidence","Brno, Lidická 63, Lužánky rezidence","Lužánky rezidence, Lidická 63, Brno, Česká republika",STRONG 75kVA/3f-60 minut,STRONG 75kVA/3f-60 minut,Kazdová 728 248 520,Kazdová 728 248 520,Jihomoravský,,,2026-09-30,2026-03-30,149.0,Více než 60 dnů,zelená,49.20542,16.60541,upraveno - znovu geokódovat,,Adresa automaticky upravena pro Mapy.com; spusť znovu geokodér.,"brno, lidická 63, lužánky rezidence, česká republika",2026-03-30,2026-09-30,149.0,Více než 60 dnů,zelená,2026-03-30 (proběhlá); 2026-09-30 (plánovaná),Kalendář FZ - 6 měsíců.xlsx,33,"2015 KO, 2024",,,Kazdová 728 248 520,  STRONG 75kVA/3f-60 minut,"Brno, Lidická 63, Lužánky rezidence",,,,30/26,,,,,,30/26,,,,,,,,,,,,,,,,,,,,,,,,,,,,,,,,,,,,,,,,,,,,,,,,,,,,,,,,,,,,,,,,,,,,,,,,,,,,,2,,,,,"Brno, Lidická 63, Lužánky rezidence, Česká republika","Lužánky rezidence, Lidická 63, Brno, Česká republika"
"Brno, Lidická 71 + Lidická 71a","Brno, Lidická 71 + Lidická 71a","Brno, Lidická 71 + Lidická 71a, Česká republika","STRONG 1kVA/1F-45min, ELSTON 500","STRONG 1kVA/1F-45min, ELSTON 500",Jurák správce 608 548 611,Jurák správce 608 548 611,Jihomoravský,,,2026-10-29,,178.0,Více než 60 dnů,zelená,49.20631,16.60484,OK Mapy.com,,čeká na přesné geokódování,"brno, lidická 71 + lidická 71a, česká republika",,2026-10-29,178.0,Více než 60 dnů,zelená,2026-10-29 (plánovaná),"Kalendář FZ - 12 měsíců, 2023.xlsx",68,2020,,,,"STRONG 1kVA/1F-45min, ELSTON 500",,,,,,,,,,,,29/26,,,,,,,,,,,,,,,,,,,,,,,,,,,,,,,,,,,,,,,,,,,,,,,,,,,,,,,,,,,,,,,,,,,,,,,,,,,,1,"Brno, Lidická 71 + Lidická 71a",,,,"Brno, Lidická 71 + Lidická 71a, Česká republika","Brno, Lidická 71 + Lidická 71a, Česká republika"
"Brno, Lidl, Jakuba Obrovského","Brno, Lidl, Jakuba Obrovského","Brno, Lidl, Jakuba Obrovského, Česká republika","ASTIP PS 15kVA/3F -30 minut, R-SOZ","ASTIP PS 15kVA/3F -30 minut, R-SOZ",Bezruč - 724 610 251,Bezruč - 724 610 251,Jihomoravský,,,2027-03-20,,320.0,Více než 60 dnů,zelená,49.22596,16.53292,OK Mapy.com,,čeká na přesné geokódování,"brno, lidl, jakuba obrovského, česká republika",,2027-03-20,320.0,Více než 60 dnů,zelená,2027-03-20 (plánovaná),"Kalendář FZ - 12 měsíců, 2023.xlsx",69,2017,,,,"ASTIP PS 15kVA/3F -30 minut, R-SOZ",,,,,20/27,,,,,,,,,,,,,,,,,,,,,,,,,,,,,,,,,,,,,,,,,,,,,,,,,,,,,,,,,,,,,,,,,,,,,,,,,,,,,,,,,,,1,"Brno, Lidl, Jakuba Obrovského",,,,"Brno, Lidl, Jakuba Obrovského, Česká republika","Brno, Lidl, Jakuba Obrovského, Česká republika"
"Brno, Lipová 586/28a, BD","Brno, Lipová 586/28a, BD","BD, Lipová 586/28a, Brno, Česká republika",ASTIP STRONG 23/2kVA/3F -15 minut,ASTIP STRONG 23/2kVA/3F -15 minut,Skácel 775 938 185,Skácel 775 938 185,Jihomoravský,,,2026-10-08,,157.0,Více než 60 dnů,zelená,49.19265,16.57581,upraveno - znovu geokódovat,,Adresa automaticky upravena pro Mapy.com; spusť znovu geokodér.,"brno, lipová 586/28a, bd, česká republika",,2026-10-08,157.0,Více než 60 dnů,zelená,2026-10-08 (plánovaná),"Kalendář FZ - 12 měsíců, 2023.xlsx",70,2023,,,,ASTIP STRONG 23/2kVA/3F -15 minut,,,,,,,,,,,,8/26,,,,,,,,,,,,,,,,,,,,,,,,,,,,,,,,,,,,,,,,,,,,,,,,,,,,,,,,,,,,,,,,,,,,,,,,,,,,1,"Brno, Lipová 586/28a, BD",,,,"Brno, Lipová 586/28a, BD, Česká republika","BD, Lipová 586/28a, Brno, Česká republika"
"Brno, Markůvky, Panorama Bystrc","Brno, Markůvky, Panorama Bystrc","Brno, Markůvky, Panorama Bystrc, Česká republika","D, E, F, G, H, I - Mraky zdrojů střašný peklo","D, E, F, G, H, I - Mraky zdrojů střašný peklo",,,Jihomoravský,,,2026-11-07,2025-12-23,187.0,Více než 60 dnů,zelená,49.22243,16.51373,OK Mapy.com,,čeká na přesné geokódování,"brno, markůvky, panorama bystrc, česká republika",2025-12-23,2026-11-07,187.0,Více než 60 dnů,zelená,2025-12-23 (plánovaná); 2026-11-07 (plánovaná); 2027-01-26 (plánovaná); 2027-04-22 (plánovaná),"Kalendář FZ - 12 měsíců, 2023.xlsx",86,2016,,,,"D, E, F, G, H, I - Mraky zdrojů střašný peklo",,,26/27-D,,,22/27-F,,,,,,,7/26-H-13,23/25-I-Stop stav,,,,,,,,,,,,,,,,,,,,,,,,,,,,,,,,,,,,,,,,,,,,,,,,,,,,,,,,,,,,,,,,,,,,,,,,,,4,"Brno, Markůvky, Panorama Bystrc",,,,"Brno, Markůvky, Panorama Bystrc, Česká republika","Brno, Markůvky, Panorama Bystrc, Česká republika"
"Brno, Maříkova 1899_1, PORTASPES","Brno, Maříkova 1899_1, PORTASPES","Brno, Maříkova 1899/1, PORTASPES, Česká republika",STRONG 1500/3F - 45 minut,STRONG 1500/3F - 45 minut,Lev  604 227 107,Lev  604 227 107,Jihomoravský,,,2026-08-18,2026-02-18,106.0,Více než 60 dnů,zelená,49.25446,16.58772,OK Mapy.com,,čeká na přesné geokódování,"brno, maříkova 1899/1, portaspes, česká republika",2026-02-18,2026-08-18,106.0,Více než 60 dnů,zelená,2026-02-18 (proběhlá); 2026-08-18 (plánovaná),Kalendář FZ - 6 měsíců.xlsx,34,2019,ano,,Lev  604 227 107,STRONG 1500/3F - 45 minut,"Brno, Maříkova 1899_1, PORTASPES",,,18/26,,,,,,18/26,,,,,,,,,,,,,,,,,,,,,,,,,,,,,,,,,,,,,,,,,,,,,,,,,,,,,,,,,,,,,,,,,,,,,,,,,,,,,,2,,,,,"Brno, Maříkova 1899/1, PORTASPES, Česká republika","Brno, Maříkova 1899/1, PORTASPES, Česká republika"
"Brno, Menšíkova 1 a 3 ( 1 , 3.1 , 3.2 )","Brno, Menšíkova 1 a 3 ( 1 , 3.1 , 3.2 )","Menšíkova 1 a 3 ( 1, Brno, Česká republika",3x záložáky,3x záložáky,Dobešová - 604 354 620,Dobešová - 604 354 620,Jihomoravský,"19.6.2024 - domluvi se s klukama, co dál...4.12.2023 -Menšíkova 1+3 - STOP STAV","19.6.2024 - domluvi se s klukama, co dál...4.12.2023 -Menšíkova 1+3 - STOP STAV",2026-10-23,,172.0,Více než 60 dnů,zelená,50.1256,14.58206,upraveno - znovu geokódovat,,Adresa automaticky upravena pro Mapy.com; spusť znovu geokodér.,"brno, menšíkova 1 a 3 ( 1, 3.1, 3.2 ), česká republika",,2026-10-23,172.0,Více než 60 dnů,zelená,2026-10-23 (plánovaná),"Kalendář FZ - 12 měsíců, 2023.xlsx",71,"2017, 2018",,,,3x záložáky,,,,,,,,,,,,23/26,,,,,,,,,,,,,,,,,,,,,,,,,,,,,,,,,,,,,,,,,,,,,,,,,,,,,,,,,,,,,,,,,,,,,,,,,,,,1,"Brno, Menšíkova 1 a 3 ( 1 , 3.1 , 3.2 )",,,,"Brno, Menšíkova 1 a 3 ( 1, 3.1, 3.2 ), Česká republika","Menšíkova 1 a 3 ( 1, Brno, Česká republika"
"Brno, Metodějova 3120/6","Brno, Metodějova 3120/6","Brno, Metodějova 3120/6, Česká republika","PS 5500/3f, 45 min. + RPO","PS 5500/3f, 45 min. + RPO",Najvirt 736 484 717 info@simek.cz,Najvirt 736 484 717 info@simek.cz,Jihomoravský,j.matejka@simek.cz,j.matejka@simek.cz,2027-04-24,,355.0,Více než 60 dnů,zelená,49.22715,16.59417,OK Mapy.com,,čeká na přesné geokódování,"brno, metodějova 3120/6, česká republika",,2027-04-24,355.0,Více než 60 dnů,zelená,2027-04-24 (plánovaná),"Kalendář FZ - 12 měsíců, 2023.xlsx",72,2017,ano,ano,,"PS 5500/3f, 45 min. + RPO ",,,,,,24/27,,,,,,,,,,,,,,,,,,,,,,,,,,,,,,,,,,,,,,,,,,,,,,,,,,,,,,,,,,,,,,,,,,,,,,,,,,,,,,,,,,1,"Brno, Metodějova 3120/6",,5500,,"Brno, Metodějova 3120/6, Česká republika","Brno, Metodějova 3120/6, Česká republika"
"Brno, Mezírka 1, umělecká škola","Brno, Mezírka 1, umělecká škola","umělecká škola, Mezírka 1, Brno, Česká republika",PS 5000/3f-45 minut,PS 5000/3f-45 minut,Hana Stará - 722 946 078,Hana Stará - 722 946 078,Jihomoravský,,,2026-08-11,2026-02-11,99.0,Více než 60 dnů,zelená,49.20097,16.60408,upraveno - znovu geokódovat,,Adresa automaticky upravena pro Mapy.com; spusť znovu geokodér.,"brno, mezírka 1, umělecká škola, česká republika",2026-02-11,2026-08-11,99.0,Více než 60 dnů,zelená,2026-02-11 (proběhlá); 2026-08-11 (plánovaná),Kalendář FZ - 6 měsíců.xlsx,35,2016,,,Hana Stará - 722 946 078,PS 5000/3f-45 minut,"Brno, Mezírka 1, umělecká škola",,,11/26,,,,,,11/26,,,,,,,,,,,,,,,,,,,,,,,,,,,,,,,,,,,,,,,,,,,,,,,,,,,,,,,,,,,,,,,,,,,,,,,,,,,,,,2,,,,,"Brno, Mezírka 1, umělecká škola, Česká republika","umělecká škola, Mezírka 1, Brno, Česká republika"
"Brno, Mikulovská 9","Brno, Mikulovská 9","Brno, Mikulovská 9, Česká republika","PS 40 kVA/3F - 45, 60 minut","PS 40 kVA/3F - 45, 60 minut","Radka Bohanesová
Vedoucí Správy domů
602727598, 544231957","Radka Bohanesová
Vedoucí Správy domů
602727598, 544231957",Jihomoravský,,,2026-06-05,2025-12-05,32.0,30–60 dnů,žlutá,49.2056,16.66253,OK Mapy.com,,čeká na přesné geokódování,"brno, mikulovská 9, česká republika",2025-12-05,2026-06-05,32.0,30–60 dnů,žlutá,2025-12-05 (proběhlá); 2026-06-05 (plánovaná),Kalendář FZ - 6 měsíců.xlsx,38,2019,,,"Radka Bohanesová
Vedoucí Správy domů
602727598, 544231957","PS 40 kVA/3F - 45, 60 minut","Brno, Mikulovská 9",,,,,,,5/26,,,,,,5/25,,,,,,,,,,,,,,,,,,,,,,,,,,,,,,,,,,,,,,,,,,,,,,,,,,,,,,,,,,,,,,,,,,,,,,,,,,2,,,,,"Brno, Mikulovská 9, Česká republika","Brno, Mikulovská 9, Česká republika"
"Brno, Mikuláškovo náměstí 20, DPS","Brno, Mikuláškovo náměstí 20, DPS","Brno, Mikuláškovo náměstí 20, DPS, Česká republika",PS 15kVA/3F - 45minut,PS 15kVA/3F - 45minut,"Petra Doležalová, 734 310 869","Petra Doležalová, 734 310 869",Jihomoravský,,,2026-07-27,2026-01-27,84.0,Více než 60 dnů,zelená,49.17165,16.56547,OK Mapy.com,,čeká na přesné geokódování,"brno, mikuláškovo náměstí 20, dps, česká republika",2026-01-27,2026-07-27,84.0,Více než 60 dnů,zelená,2026-01-27 (proběhlá); 2026-07-27 (plánovaná),Kalendář FZ - 6 měsíců.xlsx,37,2017,,,"Petra Doležalová, 734 310 869",PS 15kVA/3F - 45minut,"Brno, Mikuláškovo náměstí 20, DPS",,27/26,,,,,,27/26,,,,,,,6200,,,,,,,,,,,,,,,,,,,,,,,,,,,,,,,,,,,,,,,,,,,,,,,,,,,,,,,,,,,,,,,,,,,,,,,,2,,,,,"Brno, Mikuláškovo náměstí 20, DPS, Česká republika","Brno, Mikuláškovo náměstí 20, DPS, Česká republika"
"Brno, Milady Horákové 25","Brno, Milady Horákové 25","Brno, Milady Horákové 25, Česká republika",PS 5000/3f-45 minut,PS 5000/3f-45 minut,Tykalová - 608 081 158,Tykalová - 608 081 158,Jihomoravský,,,2026-10-17,,166.0,Více než 60 dnů,zelená,49.20152,16.61504,OK Mapy.com,,čeká na přesné geokódování,"brno, milady horákové 25, česká republika",,2026-10-17,166.0,Více než 60 dnů,zelená,2026-10-17 (plánovaná),"Kalendář FZ - 12 měsíců, 2023.xlsx",73,2017,,,,PS 5000/3f-45 minut,,,,,,,,,,,,17/26,,,,,,,,,,,,,,,,,,,,,,,,,,,,,,,,,,,,,,,,,,,,,,,,,,,,,,,,,,,,,,,,,,,,,,,,,,,,1,"Brno, Milady Horákové 25",,,,"Brno, Milady Horákové 25, Česká republika","Brno, Milady Horákové 25, Česká republika"
"Brno, Mlýnská 69, BD","Brno, Mlýnská 69, BD","BD, Mlýnská 69, Brno, Česká republika",ASTIP STRONG 4 000/3F -45 minut,ASTIP STRONG 4 000/3F -45 minut,Jonáš 602 55 295,Jonáš 602 55 295,Jihomoravský,,,2026-01-14,2026-01-14,-110.0,Po termínu,červená,49.18947,16.62596,upraveno - znovu geokódovat,,Adresa automaticky upravena pro Mapy.com; spusť znovu geokodér.,"brno, mlýnská 69, bd, česká republika",2026-01-14,2026-01-14,-110.0,Po termínu,červená,2026-01-14 (plánovaná),"Kalendář FZ - 12 měsíců, 2023.xlsx",74,2018,,,,ASTIP STRONG 4 000/3F -45 minut,,,14/26,,,,,,,,,,,,,,,,,,,,,,,,,,,,,,,,,,,,,,,,,,,,,,,,,,,,,,,,,,,,,,,,,,,,,,,,,,,,,,,,,,,,,1,"Brno, Mlýnská 69, BD",,,,"Brno, Mlýnská 69, BD, Česká republika","BD, Mlýnská 69, Brno, Česká republika"
"Brno, Mostecká 10, DOZP","Brno, Mostecká 10, DOZP","Brno, Mostecká 10, DOZP, Česká republika",ASTIP STRONG 30kVA/3f-45 min,ASTIP STRONG 30kVA/3f-45 min,Seman 702 180 979,Seman 702 180 979,Jihomoravský,,,2026-02-02,2026-02-02,-91.0,Po termínu,červená,49.20687,16.62787,OK Mapy.com,,čeká na přesné geokódování,"brno, mostecká 10, dozp, česká republika",2026-02-02,2026-02-02,-91.0,Po termínu,červená,2026-02-02 (plánovaná),Kalendář FZ - 6 měsíců.xlsx,39,2021,,,Seman 702 180 979,ASTIP STRONG 30kVA/3f-45 min,"Brno, Mostecká 10, DOZP",,,2/26,,,,,,,,,,,,,,,,,,,,,,,,,,,,,,,,,,,,,,,,,,,,,,,,,,,,,,,,,,,,,,,,,,,,,,,,,,,,,,,,,,,,1,,,,,"Brno, Mostecká 10, DOZP, Česká republika","Brno, Mostecká 10, DOZP, Česká republika"
"Brno, Mostecká 12, BD","Brno, Mostecká 12, BD","BD, Mostecká 12, Brno, Česká republika",STRONG 5 000/3F-10 minut,STRONG 5 000/3F-10 minut,Ing. František Kessner 721 834 194,Ing. František Kessner 721 834 194,Jihomoravský,,,2026-01-30,2026-01-30,-94.0,Po termínu,červená,49.20683,16.62806,upraveno - znovu geokódovat,,Adresa automaticky upravena pro Mapy.com; spusť znovu geokodér.,"brno, mostecká 12, bd, česká republika",2026-01-30,2026-01-30,-94.0,Po termínu,červená,2026-01-30 (plánovaná),"Kalendář FZ - 12 měsíců, 2023.xlsx",75,2020,,,,STRONG 5 000/3F-10 minut,,,30/26,,,,,,,,,,,,,,,,,,,,,,,,,,,,,,,,,,,,,,,,,,,,,,,,,,,,,,,,,,,,,,,,,,,,,,,,,,,,,,,,,,,,,1,"Brno, Mostecká 12, BD",,,,"Brno, Mostecká 12, BD, Česká republika","BD, Mostecká 12, Brno, Česká republika"
"Brno, Měštanská, sportovní hala Tuřany","Brno, Měštanská, sportovní hala Tuřany","Brno, Měštanská, sportovní hala Tuřany, Česká republika","7,5kVA/3f-30minut","7,5kVA/3f-30minut",Roman Nesveda - 603 412 131,Roman Nesveda - 603 412 131,Jihomoravský,,,2026-08-25,2026-02-25,113.0,Více než 60 dnů,zelená,49.15156,16.66323,OK Mapy.com,,čeká na přesné geokódování,"brno, měštanská, sportovní hala tuřany, česká republika",2026-02-25,2026-08-25,113.0,Více než 60 dnů,zelená,2026-02-25 (proběhlá); 2026-08-25 (plánovaná),Kalendář FZ - 6 měsíců.xlsx,36,"2015, nově 2025",ano,,Roman Nesveda - 603 412 131,"  7,5kVA/3f-30minut","Brno, Měštanská, sportovní hala Tuřany",,,25/26,,,,,,25/26,,,,,,,,,,,,,,,,,,,,,,,,,,,,,,,,,,,,,,,,,,,,,,,,,,,,,,,,,,,,,,,,,,,,,,,,,,,,,,2,,,,,"Brno, Měštanská, sportovní hala Tuřany, Česká republika","Brno, Měštanská, sportovní hala Tuřany, Česká republika"
"Brno, Nad Přehradou 17","Brno, Nad Přehradou 17","Brno, Nad Přehradou 17, Česká republika",PS 40kVA/27kVA/3f - 30min.,PS 40kVA/27kVA/3f - 30min.,Charousová mob. 602 812 555,Charousová mob. 602 812 555,Jihomoravský,,,2027-04-07,,338.0,Více než 60 dnů,zelená,49.22324,16.51343,OK Mapy.com,,čeká na přesné geokódování,"brno, nad přehradou 17, česká republika",,2027-04-07,338.0,Více než 60 dnů,zelená,2027-04-07 (plánovaná),"Kalendář FZ - 12 měsíců, 2023.xlsx",76,2016,,,,PS 40kVA/27kVA/3f - 30min.,,,,,,7/27,,,,,,,,,,,,,,,,,,,,,,,,,,,,,,,,,,,,,,,,,,,,,,,,,,,,,,,,,,,,,,,,,,,,,,,,,,,,,,,,,,1,"Brno, Nad Přehradou 17",,,,"Brno, Nad Přehradou 17, Česká republika","Brno, Nad Přehradou 17, Česká republika"
"Brno, Netroufalky 6, Kampus","Brno, Netroufalky 6, Kampus","Brno, Netroufalky 6, Kampus, Česká republika","PS 30kVA 3f/1f, 60 min","PS 30kVA 3f/1f, 60 min",Hašek – 606 609 940,Hašek – 606 609 940,Jihomoravský,,,2027-02-11,,283.0,Více než 60 dnů,zelená,49.18098,16.56883,OK Mapy.com,,čeká na přesné geokódování,"brno, netroufalky 6, kampus, česká republika",,2027-02-11,283.0,Více než 60 dnů,zelená,2027-02-11 (plánovaná),"Kalendář FZ - 12 měsíců, 2023.xlsx",77,2016,,,,"PS 30kVA 3f/1f, 60 min",,,,11/27,,,,,,,,,,,,,,,,,,,,,,,,,,,,,,,,,,,,,,,,,,,,,,,,,,,,,,,,,,,,,,,,,,,,,,,,,,,,,,,,,,,,1,"Brno, Netroufalky 6, Kampus",,8500,,"Brno, Netroufalky 6, Kampus, Česká republika","Brno, Netroufalky 6, Kampus, Česká republika"
"Brno, Neumannova 17, BD","Brno, Neumannova 17, BD","BD, Neumannova 17, Brno, Česká republika","ASTIP STRONG 40kVA/3f -30,45 minut","ASTIP STRONG 40kVA/3f -30,45 minut",údržba - pan Vrzal 737 958 470,údržba - pan Vrzal 737 958 470,Jihomoravský,první kontrola 2021,první kontrola 2021,2026-09-25,,144.0,Více než 60 dnů,zelená,49.56357,15.94372,upraveno - znovu geokódovat,,Adresa automaticky upravena pro Mapy.com; spusť znovu geokodér.,"brno, neumannova 17, bd, česká republika",,2026-09-25,144.0,Více než 60 dnů,zelená,2026-09-25 (plánovaná),"Kalendář FZ - 12 měsíců, 2023.xlsx",78,2020,ano,,,"ASTIP STRONG 40kVA/3f -30,45 minut",,,,,,,,,,,25/26,,,,,,,,,,,,,,,,,,,,,,,,,,,,,,,,,,,,,,,,,,,,,,,,,,,,,,,,,,,,,,,,,,,,,,,,,,,,,1,"Brno, Neumannova 17, BD",,,,"Brno, Neumannova 17, BD, Česká republika","BD, Neumannova 17, Brno, Česká republika"
"Brno, Neužilova 4","Brno, Neužilova 4","Brno, Neužilova 4, Česká republika",Astip STRONG 15 000/3f - 45 min,Astip STRONG 15 000/3f - 45 min,Šindelář - 541 615 133,Šindelář - 541 615 133,Jihomoravský,je tam ještě 2 x recitfier 900W,je tam ještě 2 x recitfier 900W,2026-07-01,,58.0,30–60 dnů,žlutá,49.16924,16.57781,OK Mapy.com,,čeká na přesné geokódování,"brno, neužilova 4, česká republika",,2026-07-01,58.0,30–60 dnů,žlutá,2026-07-01 (plánovaná),"Kalendář FZ - 12 měsíců, 2023.xlsx",79,2018,ano,,,Astip STRONG 15 000/3f - 45 min,,,,,,,,,1/26,,,,,,,,,,ano,,,,,,,,,,,,,,,,,,,,,,,,,,,,,,,,,,,,,,,,,,,,,,,,,,,,,,,,,,,,,,,,,,,,,1,"Brno, Neužilova 4",,7500,,"Brno, Neužilova 4, Česká republika","Brno, Neužilova 4, Česká republika"
"Brno, Nopova 88","Brno, Nopova 88","Brno, Nopova 88, Česká republika",PS 20 000/3f-45 minut,PS 20 000/3f-45 minut,Němcová - 603 437 854,Němcová - 603 437 854,Jihomoravský,nahrazeno on-line UPS technology,nahrazeno on-line UPS technology,2018-10-05,2018-10-05,-2768.0,Po termínu,červená,49.19898,16.64709,OK Mapy.com,,čeká na přesné geokódování,"brno, nopova 88, česká republika",2018-10-05,2018-10-05,-2768.0,Po termínu,červená,2018-10-05 (plánovaná),Kalendář FZ - 6 měsíců.xlsx,40,2013,,,Němcová - 603 437 854,  PS 20 000/3f-45 minut,"Brno, Nopova 88",,,,,,,,,,,5/18,,,,,,,,,,,,,,,,,,,,,,,,,,,,,,,,,,,,,,,,,,,,,,,,,,,,,,,,,,,,,,,,,,,,,,,,,,,,1,,,,,"Brno, Nopova 88, Česká republika","Brno, Nopova 88, Česká republika"
"Brno, Nové Sady, IN SADY","Brno, Nové Sady, IN SADY","Brno, Nové Sady, IN SADY, Česká republika",ASTIP STRONG 100kVA/3F-45minut,ASTIP STRONG 100kVA/3F-45minut,"Bartoňková 770 159 120, Rosi 775 709 513","Bartoňková 770 159 120, Rosi 775 709 513",Jihomoravský,,,2026-09-12,2026-03-12,131.0,Více než 60 dnů,zelená,49.29369,16.19332,OK Mapy.com,,čeká na přesné geokódování,"brno, nové sady, in sady, česká republika",2026-03-12,2026-09-12,131.0,Více než 60 dnů,zelená,2026-03-12 (proběhlá); 2026-09-12 (plánovaná),Kalendář FZ - 6 měsíců.xlsx,41,2023,,,"Bartoňková 770 159 120, Rosi 775 709 513",ASTIP STRONG 100kVA/3F-45minut,"Brno, Nové Sady, IN SADY",,,,12/26,,,,,,12/26,,,,,,,,,,,,,,,,,,,,,,,,,,,,,,,,,,,,,,,,,,,,,,,,,,,,,,,,,,,,,,,,,,,,,,,,,,,,,2,,,,,"Brno, Nové Sady, IN SADY, Česká republika","Brno, Nové Sady, IN SADY, Česká republika"
"Brno, Oblá 33","Brno, Oblá 33","Brno, Oblá 33, Česká republika",PS 20 000VA/3f - 45 min.,PS 20 000VA/3f - 45 min.,Buranský - 606 744 404,Buranský - 606 744 404,Jihomoravský,,,2026-07-23,,80.0,Více než 60 dnů,zelená,49.1748,16.56013,OK Mapy.com,,čeká na přesné geokódování,"brno, oblá 33, česká republika",,2026-07-23,80.0,Více než 60 dnů,zelená,2026-07-23 (plánovaná),"Kalendář FZ - 12 měsíců, 2023.xlsx",80,2018,,,,PS 20 000VA/3f - 45 min.,,,,,,,,,23/26,,,,,,,,,,,,,,,,,,,,,,,,,,,,,,,,,,,,,,,,,,,,,,,,,,,,,,,,,,,,,,,,,,,,,,,,,,,,,,,1,"Brno, Oblá 33",,,,"Brno, Oblá 33, Česká republika","Brno, Oblá 33, Česká republika"
"Brno, Oblá 35","Brno, Oblá 35","Brno, Oblá 35, Česká republika",PS 20 000VA/3f - 45 min.,PS 20 000VA/3f - 45 min.,Buranský - 606 744 404,Buranský - 606 744 404,Jihomoravský,,,2027-01-08,,249.0,Více než 60 dnů,zelená,49.17452,16.56027,OK Mapy.com,,čeká na přesné geokódování,"brno, oblá 35, česká republika",,2027-01-08,249.0,Více než 60 dnů,zelená,2027-01-08 (plánovaná),"Kalendář FZ - 12 měsíců, 2023.xlsx",81,2019,,,,PS 20 000VA/3f - 45 min.,,,8/27,,,,,,,,,,,,,,,,,,,,,,,,,,,,,,,,,,,,,,,,,,,,,,,,,,,,,,,,,,,,,,,,,,,,,,,,,,,,,,,,,,,,,1,"Brno, Oblá 35",,,,"Brno, Oblá 35, Česká republika","Brno, Oblá 35, Česká republika"
"Brno, Oblá 79","Brno, Oblá 79","Brno, Oblá 79, Česká republika",Astip STRONG 15 000/3f - 45 min,Astip STRONG 15 000/3f - 45 min,Čikl - 602 741624,Čikl - 602 741624,Jihomoravský,,,2025-11-08,2025-11-08,-177.0,Po termínu,červená,49.17614,16.55208,OK Mapy.com,,čeká na přesné geokódování,"brno, oblá 79, česká republika",2025-11-08,2025-11-08,-177.0,Po termínu,červená,2025-11-08 (plánovaná),"Kalendář FZ - 12 měsíců, 2023.xlsx",82,2018,ano,ano,,Astip STRONG 15 000/3f - 45 min,,,,,,,,,,,,,8/25,,,,,,ano,,,,,,,,,,,,,,,,,,,,,,,,,,,,,,,,,,,,,,,,,,,,,,,,,,,,,,,,,,,,,,,,,,,,,1,"Brno, Oblá 79",,9200,,"Brno, Oblá 79, Česká republika","Brno, Oblá 79, Česká republika"
"Brno, Oblá 83","Brno, Oblá 83","Brno, Oblá 83, Česká republika",ASTIP STRONG 79kVA/30kVA/3F -45 minut,ASTIP STRONG 79kVA/30kVA/3F -45 minut,Sojka (HISO servis) Tel.: 777 715 918,Sojka (HISO servis) Tel.: 777 715 918,Jihomoravský,,,2026-09-25,,144.0,Více než 60 dnů,zelená,49.17674,16.5509,OK Mapy.com,,čeká na přesné geokódování,"brno, oblá 83, česká republika",,2026-09-25,144.0,Více než 60 dnů,zelená,2026-09-25 (plánovaná),"Kalendář FZ - 12 měsíců, 2023.xlsx",83,2023,,,,ASTIP STRONG 79kVA/30kVA/3F -45 minut,,,,,,,,,,,25/26,,,,,,,,,,,,,,,,,,,,,,,,,,,,,,,,,,,,,,,,,,,,,,,,,,,,,,,,,,,,,,,,,,,,,,,,,,,,,1,"Brno, Oblá 83",,,,"Brno, Oblá 83, Česká republika","Brno, Oblá 83, Česká republika"
"Brno, Olomoucká 61a, VINAMO","Brno, Olomoucká 61a, VINAMO","Brno, Olomoucká 61a, VINAMO, Česká republika",PS 10 000/3F -30 minut,PS 10 000/3F -30 minut,Xuan Hoa Do 602 296 788,Xuan Hoa Do 602 296 788,Jihomoravský,objednána výměna - další revize v pondělí pan Dolníček 733 513 611,objednána výměna - další revize v pondělí pan Dolníček 733 513 611,2026-01-27,2026-01-27,-97.0,Po termínu,červená,49.18734,16.65117,OK Mapy.com,,čeká na přesné geokódování,"brno, olomoucká 61a, vinamo, česká republika",2026-01-27,2026-01-27,-97.0,Po termínu,červená,2026-01-27 (plánovaná),Kalendář FZ - 6 měsíců.xlsx,42,2019,,,Xuan Hoa Do 602 296 788,PS 10 000/3F -30 minut,"Brno, Olomoucká 61a, VINAMO",,27/26,,,,,,,,,,,,,,,,,,,,,,,,,,,,,,,,,,,,,,,,,,,,,,,,,,,,,,,,,,,,,,,,,,,,,,,,,,,,,,,,,,,,,1,,,,,"Brno, Olomoucká 61a, VINAMO, Česká republika","Brno, Olomoucká 61a, VINAMO, Česká republika"
"Brno, Opuštěná 4, polyfunkční dům","Brno, Opuštěná 4, polyfunkční dům","Opuštěná 4, Brno, Česká republika",ASTIP STRONG 125kVA/50kVA/3F-60 min.,ASTIP STRONG 125kVA/50kVA/3F-60 min.,Štěpka 730 522 708,Štěpka 730 522 708,Jihomoravský ,,,2027-01-21,,262.0,Více než 60 dnů,zelená,49.18585,16.61294,upraveno - znovu geokódovat,,Adresa automaticky upravena pro Mapy.com; spusť znovu geokodér.,"brno, opuštěná 4, polyfunkční dům, česká republika",,2027-01-21,262.0,Více než 60 dnů,zelená,2027-01-21 (plánovaná),"Kalendář FZ - 12 měsíců, 2023.xlsx",119,2023,ano,,,ASTIP STRONG 125kVA/50kVA/3F-60 min.,,,21/27,,,,,,,,,,,,,,,,,,,,,,,,,,,,,,,,,,,,,,,,,,,,,,,,,,,,,,,,,,,,,,,,,,,,,,,,,,,,,,,,,,,,,1,"Brno, Opuštěná 4, polyfunkční dům",,,,"Brno, Opuštěná 4, polyfunkční dům, Česká republika","Opuštěná 4, Brno, Česká republika"
"Brno, Otiskova 7 a 9","Brno, Otiskova 7 a 9","Brno, Otiskova 7 a 9, Česká republika",STRONG 3kVA + STRONG 3kVA,STRONG 3kVA + STRONG 3kVA,Merta 777 970 302,Merta 777 970 302,Jihomoravský,,,2026-10-01,,150.0,Více než 60 dnů,zelená,49.20011,16.69651,OK Mapy.com,,čeká na přesné geokódování,"brno, otiskova 7 a 9, česká republika",,2026-10-01,150.0,Více než 60 dnů,zelená,2026-10-01 (plánovaná); 2027-01-28 (plánovaná),"Kalendář FZ - 12 měsíců, 2023.xlsx",84,2022,,,,STRONG 3kVA + STRONG 3kVA,,,28/27-otiskova 7,,,,,,,,,1/26 -1 x stop stav 7,,,,,,,,,,,,,,,,,,,,,,,,,,,,,,,,,,,,,,,,,,,,,,,,,,,,,,,,,,,,,,,,,,,,,,,,,,,,2,"Brno, Otiskova 7 a 9",,,,"Brno, Otiskova 7 a 9, Česká republika","Brno, Otiskova 7 a 9, Česká republika"
"Brno, Palackého třída 11","Brno, Palackého třída 11","Brno, Palackého třída 11, Česká republika",ASTIP STRONG 32kVA/3kVA/3F-10 minut,ASTIP STRONG 32kVA/3kVA/3F-10 minut,Ing. Michal Hryciow 727 909 288,Ing. Michal Hryciow 727 909 288,Jihomoravský,,,2027-02-04,,276.0,Více než 60 dnů,zelená,49.22053,16.5965,OK Mapy.com,,čeká na přesné geokódování,"brno, palackého třída 11, česká republika",,2027-02-04,276.0,Více než 60 dnů,zelená,2027-02-04 (plánovaná),"Kalendář FZ - 12 měsíců, 2023.xlsx",85,2023,,,,ASTIP STRONG 32kVA/3kVA/3F-10 minut,,,,4/27,,,,,,,,,,,,,,,,,,,,,,,,,,,,,,,,,,,,,,,,,,,,,,,,,,,,,,,,,,,,,,,,,,,,,,,,,,,,,,,,,,,,1,"Brno, Palackého třída 11",,,,"Brno, Palackého třída 11, Česká republika","Brno, Palackého třída 11, Česká republika"
"Brno, Pastviny 10, Meandr","Brno, Pastviny 10, Meandr","Brno, Pastviny 10, Meandr, Česká republika",PS 3000/1f-10 minut,PS 3000/1f-10 minut,Stanislav Jan - 775 554 621,Stanislav Jan - 775 554 621,Jihomoravský,předávají jiné firmě,předávají jiné firmě,,,,Bez termínu,šedá,49.21955,16.55973,OK Mapy.com,,čeká na přesné geokódování,"brno, pastviny 10, meandr, česká republika",,,,Bez termínu,šedá,,"Kalendář FZ - 12 měsíců, 2023.xlsx",87,2014,,,,  PS 3000/1f-10 minut,,,,,,,,,,,,,21,,,,,,,,,,,,,,,,,,,,,,,,,,,,,,,,,,,,,,,,,,,,,,,,,,,,,,,,,,,,,,,,,,,,,,,,,,,0,"Brno, Pastviny 10, Meandr",,,,"Brno, Pastviny 10, Meandr, Česká republika","Brno, Pastviny 10, Meandr, Česká republika"
"Brno, Plynárenská 8, BD","Brno, Plynárenská 8, BD","BD, Plynárenská 8, Brno, Česká republika",ASTIP PS 30kVA/15kVA/3F -45 minut,ASTIP PS 30kVA/15kVA/3F -45 minut,Monika Jakubíková 542 175 149 | E: jakubikova.monika@brno.cz,Monika Jakubíková 542 175 149 | E: jakubikova.monika@brno.cz,Jihomoravský,,,2025-09-09,2025-09-09,-237.0,Po termínu,červená,49.19674,16.62435,upraveno - znovu geokódovat,,Adresa automaticky upravena pro Mapy.com; spusť znovu geokodér.,"brno, plynárenská 8, bd, česká republika",2025-09-09,2025-09-09,-237.0,Po termínu,červená,2025-09-09 (plánovaná),"Kalendář FZ - 12 měsíců, 2023.xlsx",88,2021,,,,ASTIP PS 30kVA/15kVA/3F -45 minut,,,,,,,,,,,9/25,,,,,,,,,,,,,,,,,,,,,,,,,,,,,,,,,,,,,,,,,,,,,,,,,,,,,,,,,,,,,,,,,,,,,,,,,,,,,1,"Brno, Plynárenská 8, BD",,,,"Brno, Plynárenská 8, BD, Česká republika","BD, Plynárenská 8, Brno, Česká republika"
"Brno, Podveská 28, BD Triangl","Brno, Podveská 28, BD Triangl","BD Triangl, Podveská 28, Brno, Česká republika",ASTIP STRONG 9kVA/2kVA/1F-15 minut,ASTIP STRONG 9kVA/2kVA/1F-15 minut,Mgr. Petr Koutný 603 142 347,Mgr. Petr Koutný 603 142 347,Jihomoravský,,,2027-01-06,,247.0,Více než 60 dnů,zelená,49.21412,16.56347,upraveno - znovu geokódovat,,Adresa automaticky upravena pro Mapy.com; spusť znovu geokodér.,"brno, podveská 28, bd triangl, česká republika",,2027-01-06,247.0,Více než 60 dnů,zelená,2027-01-06 (plánovaná),"Kalendář FZ - 12 měsíců, 2023.xlsx",89,2022,,,,ASTIP STRONG 9kVA/2kVA/1F-15 minut,,,6/27,,,,,,,,,,,,,,,,,,,,,,,,,,,,,,,,,,,,,,,,,,,,,,,,,,,,,,,,,,,,,,,,,,,,,,,,,,,,,,,,,,,,,1,"Brno, Podveská 28, BD Triangl",,,,"Brno, Podveská 28, BD Triangl, Česká republika","BD Triangl, Podveská 28, Brno, Česká republika"
"Brno, Podveská 39,41,43","Brno, Podveská 39,41,43","Brno, Podveská 39, 41, 43, Česká republika",PS 5000/3f-30 minut,PS 5000/3f-30 minut,"Koutný – 603 142 347
Pěnčík - 608 700 676","Koutný – 603 142 347
Pěnčík - 608 700 676",Jihomoravský,,,2026-01-05,2026-01-05,-119.0,Po termínu,červená,49.21449,16.56396,OK Mapy.com,,čeká na přesné geokódování,"brno, podveská 39, 41, 43, česká republika",2026-01-05,2026-01-05,-119.0,Po termínu,červená,2026-01-05 (plánovaná),"Kalendář FZ - 12 měsíců, 2023.xlsx",90,2014,,,,  PS 5000/3f-30 minut,,,5/26,,,,,,,,,,,,,,,,,,,,,,,,,,,,,,,,,,,,,,,,,,,,,,,,,,,,,,,,,,,,,,,,,,,,,,,,,,,,,,,,,,,,,1,"Brno, Podveská 39,41,43",,,,"Brno, Podveská 39, 41, 43, Česká republika","Brno, Podveská 39, 41, 43, Česká republika"
"Brno, Popůvky, hotel VICTORY","Brno, Popůvky, hotel VICTORY","Brno, Popůvky, hotel VICTORY, Česká republika",ASTIP PS 40kVA/3F - 60minut,ASTIP PS 40kVA/3F - 60minut,"Fukan 731 150 902, valuty@valuty.cz","Fukan 731 150 902, valuty@valuty.cz",Jihomoravský,,,2025-08-24,2025-02-24,-253.0,Po termínu,červená,49.18402,16.47534,OK Mapy.com,,čeká na přesné geokódování,"brno, popůvky, hotel victory, česká republika",2025-02-24,2025-08-24,-253.0,Po termínu,červená,2025-02-24 (proběhlá); 2025-08-24 (plánovaná),Kalendář FZ - 6 měsíců.xlsx,15,2016,,,"Fukan 731 150 902, valuty@valuty.cz",ASTIP PS 40kVA/3F - 60minut,"Brno, Popůvky, hotel VICTORY",,,24/25,,,,,,24/25,,,,,,9600,,,,,,,,,,,,,,,,,,,,,,,,,,,,,,,,,,,,,,,,,,,,,,,,,,,,,,,,,,,,,,,,,,,,,,,,2,,,,,"Brno, Popůvky, hotel VICTORY, Česká republika","Brno, Popůvky, hotel VICTORY, Česká republika"
"Brno, Provazníkova 1655_82, Porta Resoluta","Brno, Provazníkova 1655_82, Porta Resoluta","Porta Resoluta, Provazníkova 1655/82, Brno, Česká republika","PS 15 000/3f - 45min., STRONG 25 000/3F-45 minut","PS 15 000/3f - 45min., STRONG 25 000/3F-45 minut",Tůma 724 652 737                        Kselík 605 503 939,Tůma 724 652 737                        Kselík 605 503 939,Jihomoravský,v řešení zajistit kontrolu celeho baraku,v řešení zajistit kontrolu celeho baraku,2027-01-29,2025-11-07,270.0,Více než 60 dnů,zelená,49.21467,16.62986,upraveno - znovu geokódovat,,Adresa automaticky upravena pro Mapy.com; spusť znovu geokodér.,"brno, provazníkova 1655/82, porta resoluta, česká republika",2025-11-07,2027-01-29,270.0,Více než 60 dnů,zelená,2025-11-07 (plánovaná); 2027-01-29 (plánovaná),"Kalendář FZ - 12 měsíců, 2023.xlsx",91,2018,,,,"PS 15 000/3f - 45min., STRONG 25 000/3F-45 minut",,,29/27,,,,,,,,,,7/25-25kVA,,,,,,,,,,,,,,,,,,,,,,,,,,,,,,,,,,,,,,,,,,,,,,,,,,,,,,,,,,,,,,,,,,,,,,,,,,,2,"Brno, Provazníkova 1655_82, Porta Resoluta",,,,"Brno, Provazníkova 1655/82, Porta Resoluta, Česká republika","Porta Resoluta, Provazníkova 1655/82, Brno, Česká republika"
"Brno, Prušánecká 6","Brno, Prušánecká 6","Brno, Prušánecká 6, Česká republika",PS 12 000/3f-45 minut,PS 12 000/3f-45 minut,"Bc. Miroslav Geršl – 602234511
Technik p. Gregor - 733697439","Bc. Miroslav Geršl – 602234511
Technik p. Gregor - 733697439",Jihomoravský,,,2024-07-03,2024-07-03,-670.0,Po termínu,červená,49.20863,16.6619,OK Mapy.com,,čeká na přesné geokódování,"brno, prušánecká 6, česká republika",2024-07-03,2024-07-03,-670.0,Po termínu,červená,2024-07-03 (plánovaná),"Kalendář FZ - 12 měsíců, 2023.xlsx",93,2014,,,,  PS 12 000/3f-45 minut,,,,,,,,,3/24,,,,,,,,,,,,,,,,,,,,,,,,,,,,,,,,,,,,,,,,,,,,,,,,,,,,,,,,,,,,,,,,,,,,,,,,,,,,,,,1,"Brno, Prušánecká 6",,,,"Brno, Prušánecká 6, Česká republika","Brno, Prušánecká 6, Česká republika"
"Brno, Průšanecká 14","Brno, Průšanecká 14","Brno, Průšanecká 14, Česká republika",PS 12000/3f – 10 min,PS 12000/3f – 10 min,Dvořáček - 732 652 667,Dvořáček - 732 652 667,Jihomoravský,"19.6.2024 -mají nový zdroj, ne náš...3.5.2021 -stop stav, nabídka na nový zdroj, Fakturu na Konekta Výtahy","19.6.2024 -mají nový zdroj, ne náš...3.5.2021 -stop stav, nabídka na nový zdroj, Fakturu na Konekta Výtahy",,2021-05-03,,Bez termínu,šedá,49.20864,16.65915,OK Mapy.com,,čeká na přesné geokódování,"brno, průšanecká 14, česká republika",2021-05-03,,,Bez termínu,šedá,2021-05-03 (nezjištěno),"Kalendář FZ - 12 měsíců, 2023.xlsx",92,2011,,,,PS 12000/3f – 10 min,,,,,,,3/21,,,,,,,,,,,,,,,,,,,,,,,,,,,,,,,,,,,,,,,,,,,,,,,,,,,,,,,,,,,,,,,,,,,,,,,,,,,,,,,,,1,"Brno, Průšanecká 14",,,,"Brno, Průšanecká 14, Česká republika","Brno, Průšanecká 14, Česká republika"
"Brno, Purkyňova 99, REDHAT","Brno, Purkyňova 99, REDHAT","Brno, Purkyňova 99, REDHAT, Česká republika",RPO,RPO,Corradini 724 230 992,Corradini 724 230 992,Jihomoravský,,,2024-05-17,2024-05-17,-717.0,Po termínu,červená,49.22612,16.58161,OK Mapy.com,,čeká na přesné geokódování,"brno, purkyňova 99, redhat, česká republika",2024-05-17,2024-05-17,-717.0,Po termínu,červená,2024-05-17 (plánovaná),"Kalendář FZ - 12 měsíců, 2023.xlsx",96,2017,,,,RPO,,,,,,,17/24,,,,,,,,,,,,,,,,,,,,,,,,,,,,,,,,,,,,,,,,,,,,,,,,,,,,,,,,,,,,,,,,,,,,,,,,,,,,,,,,,1,"Brno, Purkyňova 99, REDHAT",,,,"Brno, Purkyňova 99, REDHAT, Česká republika","Brno, Purkyňova 99, REDHAT, Česká republika"
"Brno, Přadlácká 628/12, BD","Brno, Přadlácká 628/12, BD","BD, Přadlácká 628/12, Brno, Česká republika",ASTIP STRONG 1 500VA/1F -10 min. + RPO,ASTIP STRONG 1 500VA/1F -10 min. + RPO,"Ing. Tomáš Grísa, Ph.D,  602 734 638","Ing. Tomáš Grísa, Ph.D,  602 734 638",Jihomoravský,,,2026-11-18,,198.0,Více než 60 dnů,zelená,49.2019,16.62512,upraveno - znovu geokódovat,,Adresa automaticky upravena pro Mapy.com; spusť znovu geokodér.,"brno, přadlácká 628/12, bd, česká republika",,2026-11-18,198.0,Více než 60 dnů,zelená,2026-11-18 (plánovaná),"Kalendář FZ - 12 měsíců, 2023.xlsx",94,2019,,,,ASTIP STRONG 1 500VA/1F -10 min. + RPO,,,,,,,,,,,,,18/26,,,,,,,,,,,,,,,,,,,,,,,,,,,,,,,,,,,,,,,,,,,,,,,,,,,,,,,,,,,,,,,,,,,,,,,,,,,1,"Brno, Přadlácká 628/12, BD",,,,"Brno, Přadlácká 628/12, BD, Česká republika","BD, Přadlácká 628/12, Brno, Česká republika"
"Brno, Přízova 16, BD firmy GM electronic","Brno, Přízova 16, BD firmy GM electronic","BD firmy GM electronic, Přízova 16, Brno, Česká republika",STRONG 3000/3F-15minut,STRONG 3000/3F-15minut,"Jozef Križovenský
Vedoucí pobočky Brno, 735 036 222","Jozef Križovenský
Vedoucí pobočky Brno, 735 036 222",Jihomoravský,,,2027-03-17,,317.0,Více než 60 dnů,zelená,49.1891,16.61584,upraveno - znovu geokódovat,,Adresa automaticky upravena pro Mapy.com; spusť znovu geokodér.,"brno, přízova 16, bd firmy gm electronic, česká republika",,2027-03-17,317.0,Více než 60 dnů,zelená,2027-03-17 (plánovaná),"Kalendář FZ - 12 měsíců, 2023.xlsx",95,2020,,,,STRONG 3000/3F-15minut,,,,,17/27,,,,,,,,,,,,,,,,,,,,,,,,,,,,,,,,,,,,,,,,,,,,,,,,,,,,,,,,,,,,,,,,,,,,,,,,,,,,,,,,,,,1,"Brno, Přízova 16, BD firmy GM electronic",,,,"Brno, Přízova 16, BD firmy GM electronic, Česká republika","BD firmy GM electronic, Přízova 16, Brno, Česká republika"
"Brno, Přízova 285-3-Bochner Vlněná","Brno, Přízova 285-3-Bochner Vlněná","Brno, Přízova 285-3-Bochner Vlněná, Česká republika",STRONG 2000/3F -60 minut + RPO,STRONG 2000/3F -60 minut + RPO,Martin Dufek 703 426 998/ 24-7 -servis 735 7219 510,Martin Dufek 703 426 998/ 24-7 -servis 735 7219 510,Jihomoravský,,,2026-04-17,2025-10-17,-17.0,Po termínu,červená,49.19019,16.61654,OK Mapy.com,,čeká na přesné geokódování,"brno, přízova 285-3-bochner vlněná, česká republika",2025-10-17,2026-04-17,-17.0,Po termínu,červená,2025-10-17 (proběhlá); 2026-04-17 (plánovaná),Kalendář FZ - 6 měsíců.xlsx,43,2019,,,Martin Dufek 703 426 998/ 24-7 -servis 735 7219 510,STRONG 2000/3F -60 minut + RPO,"Brno, Přízova 285-3-Bochner Vlněná",,,,,17/26,,,,,,17/25,,,,,,,,,,,,,,,,,,,,,,,,,,,,,,,,,,,,,,,,,,,,,,,,,,,,,,,,,,,,,,,,,,,,,,,,,,,,2,,,,,"Brno, Přízova 285-3-Bochner Vlněná, Česká republika","Brno, Přízova 285-3-Bochner Vlněná, Česká republika"
"Brno, Reissigova č.p. 620-15, BD","Brno, Reissigova č.p. 620-15, BD","BD, Reissigova . 620-15, Brno, Česká republika","ASTIP PS 75kVA/3F-45 minut, RPO","ASTIP PS 75kVA/3F-45 minut, RPO","Ondřej Doležel, IMOS , 737 995 967","Ondřej Doležel, IMOS , 737 995 967",Jihomoravský,,,2026-11-20,,200.0,Více než 60 dnů,zelená,49.21664,16.60316,upraveno - znovu geokódovat,,Adresa automaticky upravena pro Mapy.com; spusť znovu geokodér.,"brno, reissigova . 620-15, bd, česká republika",,2026-11-20,200.0,Více než 60 dnů,zelená,2026-11-20 (plánovaná),"Kalendář FZ - 12 měsíců, 2023.xlsx",97,2020,,,,"ASTIP PS 75kVA/3F-45 minut, RPO",,,,,,,,,,,,,20/26,,,,,,,,,,,,,,,,,,,,,,,,,,,,,,,,,,,,,,,,,,,,,,,,,,,,,,,,,,,,,,,,,,,,,,,,,,,1,"Brno, Reissigova č.p. 620-15, BD",,,,"Brno, Reissigova . 620-15, BD, Česká republika","BD, Reissigova . 620-15, Brno, Česká republika"
"Brno, Rolnická 1, BD","Brno, Rolnická 1, BD","BD, Rolnická 1, Brno, Česká republika",PS 20kVA/3f-45 minut,PS 20kVA/3f-45 minut,"Křížová Evgenija - 776 098 508
           evgenya@seznam.cz","Křížová Evgenija - 776 098 508
           evgenya@seznam.cz",Jihomoravský,,,2027-01-28,,269.0,Více než 60 dnů,zelená,49.16616,16.57829,upraveno - znovu geokódovat,,Adresa automaticky upravena pro Mapy.com; spusť znovu geokodér.,"brno, rolnická 1, bd, česká republika",,2027-01-28,269.0,Více než 60 dnů,zelená,2027-01-28 (plánovaná),"Kalendář FZ - 12 měsíců, 2023.xlsx",35,2019,,,,  PS 20kVA/3f-45 minut,,,28/27,,,,,,,,,,,,,,,,,,,,,,,,,,,,,,,,,,,,,,,,,,,,,,,,,,,,,,,,,,,,,,,,,,,,,,,,,,,,,,,,,,,,,1,"Brno, Rolnická 1, BD",,4000,,"Brno, Rolnická 1, BD, Česká republika","BD, Rolnická 1, Brno, Česká republika"
"Brno, Rolnická 5, BD","Brno, Rolnická 5, BD","BD, Rolnická 5, Brno, Česká republika",ASTIP STRONG 30kVA/3F-45 minut,ASTIP STRONG 30kVA/3F-45 minut,"HISO, Sojka 777 715 918","HISO, Sojka 777 715 918",Jihomoravský,,,2026-10-20,,169.0,Více než 60 dnů,zelená,49.16654,16.57807,upraveno - znovu geokódovat,,Adresa automaticky upravena pro Mapy.com; spusť znovu geokodér.,"brno, rolnická 5, bd, česká republika",,2026-10-20,169.0,Více než 60 dnů,zelená,2026-10-20 (plánovaná),"Kalendář FZ - 12 měsíců, 2023.xlsx",98,2023,,,,ASTIP STRONG 30kVA/3F-45 minut,,,,,,,,,,,,20/26,,,,,,,,,,,,,,,,,,,,,,,,,,,,,,,,,,,,,,,,,,,,,,,,,,,,,,,,,,,,,,,,,,,,,,,,,,,,1,"Brno, Rolnická 5, BD",,,,"Brno, Rolnická 5, BD, Česká republika","BD, Rolnická 5, Brno, Česká republika"
"Brno, Rooseveltova 16, Krajský soud","Brno, Rooseveltova 16, Krajský soud","Brno, Rooseveltova 16, Krajský soud, Česká republika",ASTIP PS 30kVA/3F-45 minut,ASTIP PS 30kVA/3F-45 minut,Fölkl 602 402 147,Fölkl 602 402 147,Jihomoravský,,,2025-12-17,2025-12-17,-138.0,Po termínu,červená,49.19666,16.61161,OK Mapy.com,,čeká na přesné geokódování,"brno, rooseveltova 16, krajský soud, česká republika",2025-12-17,2025-12-17,-138.0,Po termínu,červená,2025-12-17 (plánovaná),Kalendář FZ - 6 měsíců.xlsx,44,2021,,,Fölkl 602 402 147,ASTIP PS 30kVA/3F-45 minut,"Brno, Rooseveltova 16, Krajský soud",,,,,,,,,,,,,17/25,,,,,,,,,,,,,,,,,,,,,,,,,,,,,,,,,,,,,,,,,,,,,,,,,,,,,,,,,,,,,,,,,,,,,,,,,,1,,,,,"Brno, Rooseveltova 16, Krajský soud, Česká republika","Brno, Rooseveltova 16, Krajský soud, Česká republika"
"Brno, Rotalova 18","Brno, Rotalova 18","Brno, Rotalova 18, Česká republika",STRONG 500/1f - 1H,STRONG 500/1f - 1H,Cagášek - 605 705 386,Cagášek - 605 705 386,Jihomoravský,,,2020-10-22,2020-10-22,-2020.0,Po termínu,červená,49.20905,16.62709,OK Mapy.com,,čeká na přesné geokódování,"brno, rotalova 18, česká republika",2020-10-22,2020-10-22,-2020.0,Po termínu,červená,2020-10-22 (plánovaná),"Kalendář FZ - 12 měsíců, 2023.xlsx",99,2019,,,,STRONG 500/1f - 1H,,,,,,,,,,,,22/20,,,,,,,,,,,,,,,,,,,,,,,,,,,,,,,,,,,,,,,,,,,,,,,,,,,,,,,,,,,,,,,,,,,,,,,,,,,,1,"Brno, Rotalova 18",,,,"Brno, Rotalova 18, Česká republika","Brno, Rotalova 18, Česká republika"
"Brno, Rotalova 80,82,84, BD","Brno, Rotalova 80,82,84, BD","BD, Rotalova 80, Brno, Česká republika","80 - STRONG 2kVA/3F-45min, 82+84 -STRONG 3kVA/3F-45 minut","80 - STRONG 2kVA/3F-45min, 82+84 -STRONG 3kVA/3F-45 minut",733 737 929 - Ondřej Valouch,733 737 929 - Ondřej Valouch,Jihomoravský,"Info- 1. termín FZ prošvihli, první oprava byla zdarma, pozor na další, už jm účtovat","Info- 1. termín FZ prošvihli, první oprava byla zdarma, pozor na další, už jm účtovat",2026-05-15,,11.0,7–30 dnů,oranžová,49.21267,16.62892,upraveno - znovu geokódovat,,Adresa automaticky upravena pro Mapy.com; spusť znovu geokodér.,"brno, rotalova 80, 82, 84, bd, česká republika",,2026-05-15,11.0,7–30 dnů,oranžová,2026-05-15 (plánovaná); 2026-06-30 (plánovaná),"Kalendář FZ - 12 měsíců, 2023.xlsx",100,"2019, 2018",ano,ano,,"80 - STRONG 2kVA/3F-45min, 82+84 -STRONG 3kVA/3F-45 minut",,,,,,,15/26-1 x stop stav 2025,30/26-82,,,,,,,,,,,,,,,,,,,,,,,,,,,,,,,,,,,,,,,,,,,,,,,,,,,,,,,,,,,,,,,,,,,,,,,,,,,,,,,,2,"Brno, Rotalova 80,82,84, BD",,,,"Brno, Rotalova 80, 82, 84, BD, Česká republika","BD, Rotalova 80, Brno, Česká republika"
"Brno, Rybářská 5a","Brno, Rybářská 5a","Brno, Rybářská 5a, Česká republika","5kVA/3f, 1500/1f-45 minut","5kVA/3f, 1500/1f-45 minut",Ing. Karel Svoboda 723 158 581,Ing. Karel Svoboda 723 158 581,Jihomoravský,,,2026-02-18,2026-02-18,-75.0,Po termínu,červená,49.18756,16.58946,OK Mapy.com,,čeká na přesné geokódování,"brno, rybářská 5a, česká republika",2026-02-18,2026-02-18,-75.0,Po termínu,červená,2026-02-18 (plánovaná),"Kalendář FZ - 12 měsíců, 2023.xlsx",101,2016,ano,,,"5kVA/3f, 1500/1f-45 minut",,,,18/26-5kVA,,,,,,,,,,,,,,,,,,,,,,,,,,,,,,,,,,,,,,,,,,,,,,,,,,,,,,,,,,,,,,,,,,,,,,,,,,,,,,,,,,,,1,"Brno, Rybářská 5a",,,,"Brno, Rybářská 5a, Česká republika","Brno, Rybářská 5a, Česká republika"
"Brno, Sekaninova 3","Brno, Sekaninova 3","Brno, Sekaninova 3, Česká republika",ASTIP STRONG 15kVA/3F -45 minut,ASTIP STRONG 15kVA/3F -45 minut,Čuprová Adámková 775 980 776,Čuprová Adámková 775 980 776,Jihomoravský,,,2025-12-08,2025-12-08,-147.0,Po termínu,červená,49.20561,16.62988,OK Mapy.com,,čeká na přesné geokódování,"brno, sekaninova 3, česká republika",2025-12-08,2025-12-08,-147.0,Po termínu,červená,2025-12-08 (plánovaná),Kalendář FZ - 6 měsíců.xlsx,45,2020,,,Čuprová Adámková 775 980 776,ASTIP STRONG 15kVA/3F -45 minut,"Brno, Sekaninova 3",,,,,,,,,,,,,8/25,,,,,,,,,,,,,,,,,,,,,,,,,,,,,,,,,,,,,,,,,,,,,,,,,,,,,,,,,,,,,,,,,,,,,,,,,,1,,,,,"Brno, Sekaninova 3, Česká republika","Brno, Sekaninova 3, Česká republika"
"Brno, Selská 37","Brno, Selská 37","Brno, Selská 37, Česká republika",STRONG 2000/3F -10 minut + RPO,STRONG 2000/3F -10 minut + RPO,Huták 702 194 887,Huták 702 194 887,Jihomoravský,,,2026-08-19,,107.0,Více než 60 dnů,zelená,49.21688,16.6435,OK Mapy.com,,čeká na přesné geokódování,"brno, selská 37, česká republika",,2026-08-19,107.0,Více než 60 dnů,zelená,2026-08-19 (plánovaná),"Kalendář FZ - 12 měsíců, 2023.xlsx",104,2018,,,,STRONG 2000/3F -10 minut + RPO,,,,,,,,,,19/26,,,,,,,,,,,,,,,,,,,,,,,,,,,,,,,,,,,,,,,,,,,,,,,,,,,,,,,,,,,,,,,,,,,,,,,,,,,,,,1,"Brno, Selská 37",,,,"Brno, Selská 37, Česká republika","Brno, Selská 37, Česká republika"
"Brno, Skořepka 4","Brno, Skořepka 4","Brno, Skořepka 4, Česká republika",PS 3kVA/3f-20 min,PS 3kVA/3f-20 min,Butula - 724 438 604,Butula - 724 438 604,Jihomoravský,"fakturu + protokol poštou, viz složka","fakturu + protokol poštou, viz složka",2025-02-28,2025-02-28,-430.0,Po termínu,červená,49.1926,16.61612,OK Mapy.com,,čeká na přesné geokódování,"brno, skořepka 4, česká republika",2025-02-28,2025-02-28,-430.0,Po termínu,červená,2025-02-28 (plánovaná),"Kalendář FZ - 12 měsíců, 2023.xlsx",105,2017,,,,PS 3kVA/3f-20 min,,,,28/25,,,,,,,,,,,,,,,,,,,,,,,,,,,,,,,,,,,,,,,,,,,,,,,,,,,,,,,,,,,,,,,,,,,,,,,,,,,,,,,,,,,,1,"Brno, Skořepka 4",,,,"Brno, Skořepka 4, Česká republika","Brno, Skořepka 4, Česká republika"
"Brno, Sokolova 1e","Brno, Sokolova 1e","Brno, Sokolova 1e, Česká republika","STRONG 1500VA/3F-60 minut, EI","STRONG 1500VA/3F-60 minut, EI",Petr Kavalec 734 480 318,Petr Kavalec 734 480 318,Jihomoravský,,,2027-01-06,,247.0,Více než 60 dnů,zelená,49.16595,16.6195,OK Mapy.com,,čeká na přesné geokódování,"brno, sokolova 1e, česká republika",,2027-01-06,247.0,Více než 60 dnů,zelená,2027-01-06 (plánovaná),"Kalendář FZ - 12 měsíců, 2023.xlsx",106,2022,ano,ano,,"STRONG 1500VA/3F-60 minut, EI",,,6/27,,,,,,,,,,,,,,,,,,,,,,,,,,,,,,,,,,,,,,,,,,,,,,,,,,,,,,,,,,,,,,,,,,,,,,,,,,,,,,,,,,,,,1,"Brno, Sokolova 1e",,,,"Brno, Sokolova 1e, Česká republika","Brno, Sokolova 1e, Česká republika"
"Brno, Spolková 8a","Brno, Spolková 8a","Brno, Spolková 8a, Česká republika",PS 4000/3f -10 minut,PS 4000/3f -10 minut,Ing. Tomáš  Weigner 734 182 774,Ing. Tomáš  Weigner 734 182 774,Jihomoravský,hlídat sami kontroly,hlídat sami kontroly,2025-07-02,2025-07-02,-306.0,Po termínu,červená,49.20115,16.62345,OK Mapy.com,,čeká na přesné geokódování,"brno, spolková 8a, česká republika",2025-07-02,2025-07-02,-306.0,Po termínu,červená,2025-07-02 (plánovaná),"Kalendář FZ - 12 měsíců, 2023.xlsx",107,2020,ano,ano,,PS 4000/3f -10 minut,,,,,,,,,2/25,,,,,,,,,,,,,,,,,,,,,,,,,,,,,,,,,,,,,,,,,,,,,,,,,,,,,,,,,,,,,,,,,,,,,,,,,,,,,,,1,"Brno, Spolková 8a",,,,"Brno, Spolková 8a, Česká republika","Brno, Spolková 8a, Česká republika"
"Brno, Spěšná 732/4, BD","Brno, Spěšná 732/4, BD","BD, Spěšná 732/4, Brno, Česká republika",STRONG 2000VA/3F-15 minut,STRONG 2000VA/3F-15 minut,Šramko 776 089 989,Šramko 776 089 989,Jihomoravský,27.2.2025 -poslán dotaz sramkovi i s cenovkou,27.2.2025 -poslán dotaz sramkovi i s cenovkou,2024-08-21,2024-08-21,-621.0,Po termínu,červená,49.18212,16.62075,upraveno - znovu geokódovat,,Adresa automaticky upravena pro Mapy.com; spusť znovu geokodér.,"brno, spěšná 732/4, bd, česká republika",2024-08-21,2024-08-21,-621.0,Po termínu,červená,2024-08-21 (plánovaná),"Kalendář FZ - 12 měsíců, 2023.xlsx",114,2015,,,,STRONG 2000VA/3F-15 minut,,,,,,,,,,21/24,,,,,,,,,,,,,,,,,,,,,,,,,,,,,,,,,,,,,,,,,,,,,,,,,,,,,,,,,,,,,,,,,,,,,,,,,,,,,,1,"Brno, Spěšná 732/4, BD",,,,"Brno, Spěšná 732/4, BD, Česká republika","BD, Spěšná 732/4, Brno, Česká republika"
"Brno, Srbská 68","Brno, Srbská 68","Brno, Srbská 68, Česká republika",STRONG 2000/3F -35 minut + RPO,STRONG 2000/3F -35 minut + RPO,Krulová 775 675 947,Krulová 775 675 947,Jihomoravský,19.6.2024 -mají nový zdroj od jiného dodavatele,19.6.2024 -mají nový zdroj od jiného dodavatele,,2022-09-05,,Bez termínu,šedá,49.22949,16.58633,OK Mapy.com,,čeká na přesné geokódování,"brno, srbská 68, česká republika",2022-09-05,,,Bez termínu,šedá,2022-09-05 (nezjištěno),"Kalendář FZ - 12 měsíců, 2023.xlsx",108,2018,,,,STRONG 2000/3F -35 minut + RPO,,,,,,,,,,,5/22,,,,,,,,,,,,,,,,,,,,,,,,,,,,,,,,,,,,,,,,,,,,,,,,,,,,,,,,,,,,,,,,,,,,,,,,,,,,,1,"Brno, Srbská 68",,,,"Brno, Srbská 68, Česká republika","Brno, Srbská 68, Česká republika"
"Brno, Starobrněnská 10, Hotel Royal Ricc","Brno, Starobrněnská 10, Hotel Royal Ricc","Brno, Starobrněnská 10, Hotel Royal Ricc, Česká republika",ASTIP PS 15kVA/3F-45 minut,ASTIP PS 15kVA/3F-45 minut,Aubrechtová,Aubrechtová,Jihomoravský,,,2026-08-11,2026-02-11,99.0,Více než 60 dnů,zelená,49.19265,16.60714,OK Mapy.com,,čeká na přesné geokódování,"brno, starobrněnská 10, hotel royal ricc, česká republika",2026-02-11,2026-08-11,99.0,Více než 60 dnů,zelená,2026-02-11 (proběhlá); 2026-08-11 (plánovaná),Kalendář FZ - 6 měsíců.xlsx,46,2023,,,Aubrechtová ,ASTIP PS 15kVA/3F-45 minut,"Brno, Starobrněnská 10, Hotel Royal Ricc",,,11/26,,,,,,11/26,,,,,,,,,,,,,,,,,,,,,,,,,,,,,,,,,,,,,,,,,,,,,,,,,,,,,,,,,,,,,,,,,,,,,,,,,,,,,,2,,,,,"Brno, Starobrněnská 10, Hotel Royal Ricc, Česká republika","Brno, Starobrněnská 10, Hotel Royal Ricc, Česká republika"
"Brno, Starobrněnská 9","Brno, Starobrněnská 9","Brno, Starobrněnská 9, Česká republika",PS 10 000/3f-45 minut,PS 10 000/3f-45 minut,"Otto Rinchenbach, 603 428 221","Otto Rinchenbach, 603 428 221",Jihomoravský,,,2026-01-14,2026-01-14,-110.0,Po termínu,červená,49.19232,16.60684,OK Mapy.com,,čeká na přesné geokódování,"brno, starobrněnská 9, česká republika",2026-01-14,2026-01-14,-110.0,Po termínu,červená,2026-01-14 (plánovaná),"Kalendář FZ - 12 měsíců, 2023.xlsx",109,2013,ano,,,  PS 10 000/3f-45 minut,,,14/26,,,,,,,,,,,,,,,,,,,,,,,,,,,,,,,,,,,,,,,,,,,,,,,,,,,,,,,,,,,,,,,,,,,,,,,,,,,,,,,,,,,,,1,"Brno, Starobrněnská 9",,,,"Brno, Starobrněnská 9, Česká republika","Brno, Starobrněnská 9, Česká republika"
"Brno, Střední 65, Brno Ponavia residence III - BD","Brno, Střední 65, Brno Ponavia residence III - BD","Brno Ponavia residence III, BD, Střední 65, Brno, Česká republika",ASTIP STRONG 81kVA/15kVA/3f-45 minut,ASTIP STRONG 81kVA/15kVA/3f-45 minut,Fleischer 733 760 908,Fleischer 733 760 908,Jihomoravský,,,2027-03-09,,309.0,Více než 60 dnů,zelená,49.21513,16.60347,upraveno - znovu geokódovat,,Adresa automaticky upravena pro Mapy.com; spusť znovu geokodér.,"brno, střední 65, brno ponavia residence iii, bd, česká republika",,2027-03-09,309.0,Více než 60 dnů,zelená,2027-03-09 (plánovaná),"Kalendář FZ - 12 měsíců, 2023.xlsx",110,2023,ano,,,ASTIP STRONG 81kVA/15kVA/3f-45 minut,,,,,9/27,,,,,,,,,,,,,,,,,,,,,,,,,,,,,,,,,,,,,,,,,,,,,,,,,,,,,,,,,,,,,,,,,,,,,,,,,,,,,,,,,,,1,"Brno, Střední 65, Brno Ponavia residence III - BD",,,,"Brno, Střední 65, Brno Ponavia residence III, BD, Česká republika","Brno Ponavia residence III, BD, Střední 65, Brno, Česká republika"
"Brno, Svatopetrská 536/20","Brno, Svatopetrská 536/20","Brno, Svatopetrská 536/20, Česká republika",PS 20kVA/1f-12 hodin,PS 20kVA/1f-12 hodin,Vrbický - 608 115 544,Vrbický - 608 115 544,Jihomoravský,"prázdná budova, prodává se","prázdná budova, prodává se",,,,Bez termínu,šedá,49.18029,16.62148,OK Mapy.com,,čeká na přesné geokódování,"brno, svatopetrská 536/20, česká republika",,,,Bez termínu,šedá,,Kalendář FZ - 6 měsíců.xlsx,47,2017,,,Vrbický - 608 115 544,PS 20kVA/1f-12 hodin,"Brno, Svatopetrská 536/20",,,,,,,,,,,,,,,8200,,,,,,,,,,,,,,,,,,,,,,,,,,,,,,,,,,,,,,,,,,,,,,,,,,,,,,,,,,,,,,,,,,,,,,,,0,,,,,"Brno, Svatopetrská 536/20, Česká republika","Brno, Svatopetrská 536/20, Česká republika"
"Brno, Svážná 1","Brno, Svážná 1","Brno, Svážná 1, Česká republika",STRONG 15 kVA/3F - 45 minut,STRONG 15 kVA/3F - 45 minut,Vašourek - 603 709 653,Vašourek - 603 709 653,Jihomoravský,,,2027-04-23,,354.0,Více než 60 dnů,zelená,49.17433,16.55722,OK Mapy.com,,čeká na přesné geokódování,"brno, svážná 1, česká republika",,2027-04-23,354.0,Více než 60 dnů,zelená,2027-04-23 (plánovaná),"Kalendář FZ - 12 měsíců, 2023.xlsx",111,2017,,ano,,STRONG 15 kVA/3F - 45 minut,,,,,,23/27,,,,,,,,,,,,,,,,,,,,,,,,,,,,,,,,,,,,,,,,,,,,,,,,,,,,,,,,,,,,,,,,,,,,,,,,,,,,,,,,,,1,"Brno, Svážná 1",,,,"Brno, Svážná 1, Česká republika","Brno, Svážná 1, Česká republika"
"Brno, Svážná 7","Brno, Svážná 7","Brno, Svážná 7, Česká republika",ASTIP STRONG 62kVA/30kVA/3F-45 minut,ASTIP STRONG 62kVA/30kVA/3F-45 minut,Machan Výtahy Brno - 608 266 701,Machan Výtahy Brno - 608 266 701,Jihomoravský,,,2026-08-26,,114.0,Více než 60 dnů,zelená,49.17483,16.55532,OK Mapy.com,,čeká na přesné geokódování,"brno, svážná 7, česká republika",,2026-08-26,114.0,Více než 60 dnů,zelená,2026-08-26 (plánovaná),"Kalendář FZ - 12 měsíců, 2023.xlsx",112,2022,,,,ASTIP STRONG 62kVA/30kVA/3F-45 minut,,,,,,,,,,26/26,,,,,,,,,,,,,,,,,,,,,,,,,,,,,,,,,,,,,,,,,,,,,,,,,,,,,,,,,,,,,,,,,,,,,,,,,,,,,,1,"Brno, Svážná 7",,,,"Brno, Svážná 7, Česká republika","Brno, Svážná 7, Česká republika"
"Brno, Teyschlova 29, 31","Brno, Teyschlova 29, 31","Brno, Teyschlova 29, 31, Česká republika",ASTIP PS 40kVA/3F -45 minut,ASTIP PS 40kVA/3F -45 minut,Prokeš 737 739 234,Prokeš 737 739 234,Jihomoravský,,,2026-02-24,2026-02-24,-69.0,Po termínu,červená,49.21625,16.50207,OK Mapy.com,,čeká na přesné geokódování,"brno, teyschlova 29, 31, česká republika",2026-02-24,2026-02-24,-69.0,Po termínu,červená,2026-02-24 (plánovaná),"Kalendář FZ - 12 měsíců, 2023.xlsx",117,2020,,,,ASTIP PS 40kVA/3F -45 minut,,,,24/26,,,,,,,,,,,,,,,,,,,,,,,,,,,,,,,,,,,,,,,,,,,,,,,,,,,,,,,,,,,,,,,,,,,,,,,,,,,,,,,,,,,,1,"Brno, Teyschlova 29, 31",,,,"Brno, Teyschlova 29, 31, Česká republika","Brno, Teyschlova 29, 31, Česká republika"
"Brno, Trnková 117c, f.SVS FEM","Brno, Trnková 117c, f.SVS FEM","Brno, Trnková 117c, f.SVS FEM, Česká republika",ASTIP STRONG 2kVA/1F-15minut/EI45,ASTIP STRONG 2kVA/1F-15minut/EI45,kailerová recepce 737 138 481,kailerová recepce 737 138 481,Jihomoravský,,,2026-03-17,2026-03-17,-48.0,Po termínu,červená,49.19796,16.6711,OK Mapy.com,,čeká na přesné geokódování,"brno, trnková 117c, f.svs fem, česká republika",2026-03-17,2026-03-17,-48.0,Po termínu,červená,2026-03-17 (plánovaná),Kalendář FZ - 6 měsíců.xlsx,53,2019,ano,,kailerová recepce 737 138 481,ASTIP STRONG 2kVA/1F-15minut/EI45,"Brno, Trnková 117c, f.SVS FEM",,,,17/26,,,,,,,,,,,,,,,,,,,,,,,,,,,,,,,,,,,,,,,,,,,,,,,,,,,,,,,,,,,,,,,,,,,,,,,,,,,,,,,,,,,1,,,,,"Brno, Trnková 117c, f.SVS FEM, Česká republika","Brno, Trnková 117c, f.SVS FEM, Česká republika"
"Brno, Turgeněvova 9,11","Brno, Turgeněvova 9,11","Brno, Turgeněvova 9, 11, Česká republika",STRONG 1000/1F-10 minut,STRONG 1000/1F-10 minut,Čejková 603 712 673,Čejková 603 712 673,Jihomoravský,,,2026-02-25,2026-02-25,-68.0,Po termínu,červená,49.18963,16.64378,OK Mapy.com,,čeká na přesné geokódování,"brno, turgeněvova 9, 11, česká republika",2026-02-25,2026-02-25,-68.0,Po termínu,červená,2026-02-25 (plánovaná),"Kalendář FZ - 12 měsíců, 2023.xlsx",118,2018,,,,STRONG 1000/1F-10 minut,,,,25/26-9 +27/-11,,,,,,,,,,,,,,,,,,,,,,,,,,,,,,,,,,,,,,,,,,,,,,,,,,,,,,,,,,,,,,,,,,,,,,,,,,,,,,,,,,,,1,"Brno, Turgeněvova 9,11",,,,"Brno, Turgeněvova 9, 11, Česká republika","Brno, Turgeněvova 9, 11, Česká republika"
"Brno, Tábor 22, DPS","Brno, Tábor 22, DPS","Brno, Tábor 22, DPS, Česká republika",PS LiftBack7500/3f-45 minut,PS LiftBack7500/3f-45 minut,Slavík - správce - 724 787 146,Slavík - správce - 724 787 146,Jihomoravský,,,2026-08-11,2026-02-11,99.0,Více než 60 dnů,zelená,49.21218,16.58885,OK Mapy.com,,čeká na přesné geokódování,"brno, tábor 22, dps, česká republika",2026-02-11,2026-08-11,99.0,Více než 60 dnů,zelená,2026-02-11 (proběhlá); 2026-08-11 (plánovaná),Kalendář FZ - 6 měsíců.xlsx,52,2017,ano,,Slavík - správce - 724 787 146,PS LiftBack7500/3f-45 minut,"Brno, Tábor 22, DPS",,,11/26,,,,,,11/26,,,,,,6300,,,,,,,,,,,,,,,,,,,,,,,,,,,,,,,,,,,,,,,,,,,,,,,,,,,,,,,,,,,,,,,,,,,,,,,,2,,,,,"Brno, Tábor 22, DPS, Česká republika","Brno, Tábor 22, DPS, Česká republika"
"Brno, Tábor 28b, bytový dům","Brno, Tábor 28b, bytový dům","bytový dům, Tábor 28b, Brno, Česká republika",ASTIP STRONG 4kVA/750VA/1F-15 minut,ASTIP STRONG 4kVA/750VA/1F-15 minut,"pí Ben-Chenni, 737 157 805","pí Ben-Chenni, 737 157 805",Jihomoravský,,,2027-02-18,,290.0,Více než 60 dnů,zelená,49.21235,16.59028,upraveno - znovu geokódovat,,Adresa automaticky upravena pro Mapy.com; spusť znovu geokodér.,"brno, tábor 28b, bytový dům, česká republika",,2027-02-18,290.0,Více než 60 dnů,zelená,2027-02-18 (plánovaná),"Kalendář FZ - 12 měsíců, 2023.xlsx",115,2021,,,,ASTIP STRONG 4kVA/750VA/1F-15 minut,,,,18/27,,,,,,,,,,,,,,,,,,,,,,,,,,,,,,,,,,,,,,,,,,,,,,,,,,,,,,,,,,,,,,,,,,,,,,,,,,,,,,,,,,,,1,"Brno, Tábor 28b, bytový dům",,,,"Brno, Tábor 28b, bytový dům, Česká republika","bytový dům, Tábor 28b, Brno, Česká republika"
"Brno, Tábor 34a","Brno, Tábor 34a","Brno, Tábor 34a, Česká republika",POSLAT HASIČE,POSLAT HASIČE,,,Jihomoravský,,,,,,Bez termínu,šedá,49.21288,16.59142,OK Mapy.com,,čeká na přesné geokódování,"brno, tábor 34a, česká republika",,,,Bez termínu,šedá,,"Kalendář FZ - 12 měsíců, 2023.xlsx",116,2011,,,,POSLAT HASIČE,,,KO od 2013,,,,,,,,,,,,,,,,,,,,,,,,,,,,,,,,,,,,,,,,,,,,,,,,,,,,,,,,,,,,,,,,,,,,,,,,,,,,,,,,,,,,,0,"Brno, Tábor 34a",,,,"Brno, Tábor 34a, Česká republika","Brno, Tábor 34a, Česká republika"
"Brno, U Červeného mlýna 616-14, PONAVIA REZIDENCE II","Brno, U Červeného mlýna 616-14, PONAVIA REZIDENCE II","PONAVIA REZIDENCE II, U Červeného mlýna 616-14, Brno, Česká republika",STRONG 30kVA/3F - 45 minut,STRONG 30kVA/3F - 45 minut,správa 733 713 838,správa 733 713 838,Jihomoravský,,,2027-03-26,,326.0,Více než 60 dnů,zelená,49.21555,16.6029,upraveno - znovu geokódovat,,Adresa automaticky upravena pro Mapy.com; spusť znovu geokodér.,"brno, u červeného mlýna 616-14, ponavia rezidence ii, česká republika",,2027-03-26,326.0,Více než 60 dnů,zelená,2027-03-26 (plánovaná),"Kalendář FZ - 12 měsíců, 2023.xlsx",325,2019,ano,,,STRONG 30kVA/3F - 45 minut,,,,,26/27,,,,,,,,,,,,,,,,,,,,,,,,,,,,,,,,,,,,,,,,,,,,,,,,,,,,,,,,,,,,,,,,,,,,,,,,,,,,,,,,,,,1,"Brno, U Červeného mlýna 616-14, PONAVIA REZIDENCE II",,,,"Brno, U Červeného mlýna 616-14, PONAVIA REZIDENCE II, Česká republika","PONAVIA REZIDENCE II, U Červeného mlýna 616-14, Brno, Česká republika"
"Brno, Valtická 3","Brno, Valtická 3","Brno, Valtická 3, Česká republika","Astip PS 10000/3f, 45 min","Astip PS 10000/3f, 45 min","darina.jelinkova@cz.schindler.com, 605235325","darina.jelinkova@cz.schindler.com, 605235325",Jihomoravský,"18/4 2024, měnil se střídač, bez protokolu, tedy zaslaná jen fa. bez protokolu","18/4 2024, měnil se střídač, bez protokolu, tedy zaslaná jen fa. bez protokolu",2025-04-18,2025-04-18,-381.0,Po termínu,červená,49.20492,16.65674,OK Mapy.com,,čeká na přesné geokódování,"brno, valtická 3, česká republika",2025-04-18,2025-04-18,-381.0,Po termínu,červená,2025-04-18 (plánovaná),"Kalendář FZ - 12 měsíců, 2023.xlsx",120,2017,,,,"Astip PS 10000/3f, 45 min",,,,,,18/25???,,,,,,,,,,,,,,,,,,,,,,,,,,,,,,,,,,,,,,,,,,,,,,,,,,,,,,,,,,,,,,,,,,,,,,,,,,,,,,,,,,1,"Brno, Valtická 3",,,,"Brno, Valtická 3, Česká republika","Brno, Valtická 3, Česká republika"
"Brno, Velkopavlovická 12","Brno, Velkopavlovická 12","Brno, Velkopavlovická 12, Česká republika",PS 12 000/3f-45 minut,PS 12 000/3f-45 minut,Bc. Miroslav Geršl – 602 234 511,Bc. Miroslav Geršl – 602 234 511,Jihomoravský,"2025 -nový zdroj řeší Kuba Veselský, 24. +25.6.2024telefon neustále vypnutý, možná na dovči, zkusit příští týden","2025 -nový zdroj řeší Kuba Veselský, 24. +25.6.2024telefon neustále vypnutý, možná na dovči, zkusit příští týden",2023-08-16,2023-08-16,-992.0,Po termínu,červená,49.20493,16.66226,OK Mapy.com,,čeká na přesné geokódování,"brno, velkopavlovická 12, česká republika",2023-08-16,2023-08-16,-992.0,Po termínu,červená,2023-08-16 (plánovaná),"Kalendář FZ - 12 měsíců, 2023.xlsx",121,2013,,,,  PS 12 000/3f-45 minut,,,,,,,,,,16/23,,,,,,,,,,,,,,,,,,,,,,,,,,,,,,,,,,,,,,,,,,,,,,,,,,,,,,,,,,,,,,,,,,,,,,,,,,,,,,1,"Brno, Velkopavlovická 12",,,,"Brno, Velkopavlovická 12, Česká republika","Brno, Velkopavlovická 12, Česká republika"
"Brno, Velkopavlovická 7","Brno, Velkopavlovická 7","Brno, Velkopavlovická 7, Česká republika",PS 20kVA/3f,PS 20kVA/3f,"Pavel Hrouzek - 734 238 045, 515511246","Pavel Hrouzek - 734 238 045, 515511246",Jihomoravský,"zatím to visí na pojišťovně, 8.1.2020","zatím to visí na pojišťovně, 8.1.2020",,,,Bez termínu,šedá,49.20414,16.66325,OK Mapy.com,,čeká na přesné geokódování,"brno, velkopavlovická 7, česká republika",,,,Bez termínu,šedá,,"Kalendář FZ - 12 měsíců, 2023.xlsx",122,2014,,,,PS 20kVA/3f ,,,,,,,,,,,,,,13,,,,,,,,,,,,,,,,,,,,,,,,,,,,,,,,,,,,,,,,,,,,,,,,,,,,,,,,,,,,,,,,,,,,,,,,,,0,"Brno, Velkopavlovická 7",,,,"Brno, Velkopavlovická 7, Česká republika","Brno, Velkopavlovická 7, Česká republika"
"Brno, Vlastimila Pecha 2, S&K TOOLS spol. s r.o","Brno, Vlastimila Pecha 2, S&K TOOLS spol. s r.o","Brno, Vlastimila Pecha 2, S&K TOOLS spol. s r.o, Česká republika",ASTIP STRONG 750VA/1F/4C/1H,ASTIP STRONG 750VA/1F/4C/1H,Kalousek 724 131 283,Kalousek 724 131 283,Jihomoravský,,,2025-01-15,2025-01-15,-474.0,Po termínu,červená,49.21249,16.60803,OK Mapy.com,,čeká na přesné geokódování,"brno, vlastimila pecha 2, s&k tools spol. s r.o, česká republika",2025-01-15,2025-01-15,-474.0,Po termínu,červená,2025-01-15 (plánovaná),"Kalendář FZ - 12 měsíců, 2023.xlsx",127,"2018,2024 nový zdroj",,,,ASTIP STRONG 750VA/1F/4C/1H,,,15/25,,,,,,,,,,,,,,,,,,,,,,,,,,,,,,,,,,,,,,,,,,,,,,,,,,,,,,,,,,,,,,,,,,,,,,,,,,,,,,,,,,,,,1,"Brno, Vlastimila Pecha 2, S&K TOOLS spol. s r.o",,,,"Brno, Vlastimila Pecha 2, S&K TOOLS spol. s r.o, Česká republika","Brno, Vlastimila Pecha 2, S&K TOOLS spol. s r.o, Česká republika"
"Brno, Vlastimila Pecha 7, Phoenix","Brno, Vlastimila Pecha 7, Phoenix","Phoenix, Vlastimila Pecha 7, Brno, Česká republika",PS 100kVA/3f-15 minut,PS 100kVA/3f-15 minut,Horák - 724 610 263,Horák - 724 610 263,Jihomoravský,,,2026-05-22,,18.0,7–30 dnů,oranžová,49.181,16.66268,upraveno - znovu geokódovat,,Adresa automaticky upravena pro Mapy.com; spusť znovu geokodér.,"brno, vlastimila pecha 7, phoenix, česká republika",,2026-05-22,18.0,7–30 dnů,oranžová,2026-05-22 (plánovaná),"Kalendář FZ - 12 měsíců, 2023.xlsx",128,2017,,,,PS 100kVA/3f-15 minut,,,,,,,22/26,,,,,,,,,,COLT,,,,,,,,,,,,,,,,,,,,,,,,,,,,,,,,,,,,,,,,,,,,,,,,,,,,,,,,,,,,,,,,,,,,,,,1,"Brno, Vlastimila Pecha 7, Phoenix",,10800,PHOENIX,"Brno, Vlastimila Pecha 7, Phoenix, Česká republika","Phoenix, Vlastimila Pecha 7, Brno, Česká republika"
"Brno, Vranovská 3","Brno, Vranovská 3","Brno, Vranovská 3, Česká republika",2 x STRONG 4kVA/3F-15minut,2 x STRONG 4kVA/3F-15minut,Skřivánek 734 645 526,Skřivánek 734 645 526,Jihomoravský,,,2026-03-07,2026-03-07,-58.0,Po termínu,červená,49.20276,16.62582,OK Mapy.com,,čeká na přesné geokódování,"brno, vranovská 3, česká republika",2026-03-07,2026-03-07,-58.0,Po termínu,červená,2026-02-05 (plánovaná); 2026-03-07 (plánovaná),"Kalendář FZ - 12 měsíců, 2023.xlsx",129,2020,,,,2 x STRONG 4kVA/3F-15minut,,,,5/26,7/26-3,,,,,,,,,,,,,,,,,,,,,,,,,,,,,,,,,,,,,,,,,,,,,,,,,,,,,,,,,,,,,,,,,,,,,,,,,,,,,,,,,,,2,"Brno, Vranovská 3",,,,"Brno, Vranovská 3, Česká republika","Brno, Vranovská 3, Česká republika"
"Brno, Vranovská 5, Přadlácká 24c","Brno, Vranovská 5, Přadlácká 24c","Vranovská 5, Brno, Česká republika","2 x PS 3000/3f, 10 min","2 x PS 3000/3f, 10 min","V. Prax 777 707 755, M. Halouska 776 204 701","V. Prax 777 707 755, M. Halouska 776 204 701",Jihomoravský,"Balák - 602386877, prax@vrba.cz","Balák - 602386877, prax@vrba.cz",2026-05-05,,1.0,Méně než 7 dnů,červená,49.20293,16.62574,upraveno - znovu geokódovat,,Adresa automaticky upravena pro Mapy.com; spusť znovu geokodér.,"brno, vranovská 5, přadlácká 24c, česká republika",,2026-05-05,1.0,Méně než 7 dnů,červená,2026-05-05 (plánovaná),"Kalendář FZ - 12 měsíců, 2023.xlsx",130,2018,,,,"2 x PS 3000/3f, 10 min",,,,,,,5/26-Vran.2025-sop stav,,,,,,,,,,,,,,,,,,,,,,,,,,,,,,,,,,,,,,,,,,,,,,,,,,,,,,,,,,,,,,,,,,,,,,,,,,,,,,,,,1,"Brno, Vranovská 5, Přadlácká 24c",,,,"Brno, Vranovská 5, Přadlácká 24c, Česká republika","Vranovská 5, Brno, Česká republika"
"Brno, Vranovská 7","Brno, Vranovská 7","Brno, Vranovská 7, Česká republika",ASTIP STRONG 47kVA/20kVA/3F-45 minut,ASTIP STRONG 47kVA/20kVA/3F-45 minut,Ing. Just 606 733 151,Ing. Just 606 733 151,Jihomoravský,,,2026-10-03,,152.0,Více než 60 dnů,zelená,49.20308,16.62564,OK Mapy.com,,čeká na přesné geokódování,"brno, vranovská 7, česká republika",,2026-10-03,152.0,Více než 60 dnů,zelená,2026-10-03 (plánovaná),"Kalendář FZ - 12 měsíců, 2023.xlsx",131,2021,,,,ASTIP STRONG 47kVA/20kVA/3F-45 minut,,,,,,,,,,,,3/26,,,,,,,,,,,,,,,,,,,,,,,,,,,,,,,,,,,,,,,,,,,,,,,,,,,,,,,,,,,,,,,,,,,,,,,,,,,,1,"Brno, Vranovská 7",,,,"Brno, Vranovská 7, Česká republika","Brno, Vranovská 7, Česká republika"
"Brno, Vránova 172, poliklinika","Brno, Vránova 172, poliklinika","poliklinika, Vránova 172, Brno, Česká republika",ASTIP PS 20 kVA/3F -45 minut,ASTIP PS 20 kVA/3F -45 minut,"Švácha, výtahy Brno, 721 623 737","Švácha, výtahy Brno, 721 623 737",Jihomoravský,,,2025-08-07,2025-02-07,-270.0,Po termínu,červená,49.24735,16.58096,upraveno - znovu geokódovat,,Adresa automaticky upravena pro Mapy.com; spusť znovu geokodér.,"brno, vránova 172, poliklinika, česká republika",2025-02-07,2025-08-07,-270.0,Po termínu,červená,2025-02-07 (proběhlá); 2025-08-07 (plánovaná),Kalendář FZ - 6 měsíců.xlsx,54,2019,,,"Švácha, výtahy Brno, 721 623 737",ASTIP PS 20 kVA/3F -45 minut,"Brno, Vránova 172, poliklinika",,,7/25,,,,,,7/25,,,,,,,,,,,,,,,,,,,,,,,,,,,,,,,,,,,,,,,,,,,,,,,,,,,,,,,,,,,,,,,,,,,,,,,,,,,,,,2,,,,,"Brno, Vránova 172, poliklinika, Česká republika","poliklinika, Vránova 172, Brno, Česká republika"
"Brno, Vídeňská 16","Brno, Vídeňská 16","Brno, Vídeňská 16, Česká republika",STRONG 3 000/3F -45 minut,STRONG 3 000/3F -45 minut,Dobešová - 604 354 620,Dobešová - 604 354 620,Jihomoravský,,,2026-10-23,,172.0,Více než 60 dnů,zelená,49.18471,16.59494,OK Mapy.com,,čeká na přesné geokódování,"brno, vídeňská 16, česká republika",,2026-10-23,172.0,Více než 60 dnů,zelená,2026-10-23 (plánovaná),"Kalendář FZ - 12 měsíců, 2023.xlsx",123,2018,,,,STRONG 3 000/3F -45 minut,,,,,,,,,,,,23/26,,,,,,,,,,,,,,,,,,,,,,,,,,,,,,,,,,,,,,,,,,,,,,,,,,,,,,,,,,,,,,,,,,,,,,,,,,,,1,"Brno, Vídeňská 16",,,,"Brno, Vídeňská 16, Česká republika","Brno, Vídeňská 16, Česká republika"
"Brno, Vídeňská 18","Brno, Vídeňská 18","Brno, Vídeňská 18, Česká republika",2x PS 2000/3f-20 minut,2x PS 2000/3f-20 minut,Stuřák 608 081 158,Stuřák 608 081 158,Jihomoravský,,,2026-11-20,,200.0,Více než 60 dnů,zelená,49.18451,16.59493,OK Mapy.com,,čeká na přesné geokódování,"brno, vídeňská 18, česká republika",,2026-11-20,200.0,Více než 60 dnů,zelená,2026-11-20 (plánovaná); 2027-02-04 (plánovaná),"Kalendář FZ - 12 měsíců, 2023.xlsx",124,2015,,,,2x PS 2000/3f-20 minut,,,,4/27-1x,,,,,,,,,20/26-1x,,,,,,,,,,,,,,,,,,,,,,,,,,,,,,,,,,,,,,,,,,,,,,,,,,,,,,,,,,,,,,,,,,,,,,,,,,,2,"Brno, Vídeňská 18",,,,"Brno, Vídeňská 18, Česká republika","Brno, Vídeňská 18, Česká republika"
"Brno, Vídeňská 20,20a","Brno, Vídeňská 20,20a","Brno, Vídeňská 20, 20a, Česká republika",PS 3000/3f,PS 3000/3f,Šusterová - 608 081 158,Šusterová - 608 081 158,Jihomoravský,,,2026-03-10,2026-03-10,-55.0,Po termínu,červená,49.18397,16.59399,OK Mapy.com,,čeká na přesné geokódování,"brno, vídeňská 20, 20a, česká republika",2026-03-10,2026-03-10,-55.0,Po termínu,červená,2026-03-10 (plánovaná),"Kalendář FZ - 12 měsíců, 2023.xlsx",125,2018,,,,PS 3000/3f,,,,,10/26,,,,,,,,,,,,,,,,,,,,,,,,,,,,,,,,,,,,,,,,,,,,,,,,,,,,,,,,,,,,,,,,,,,,,,,,,,,,,,,,,,,1,"Brno, Vídeňská 20,20a",,,,"Brno, Vídeňská 20, 20a, Česká republika","Brno, Vídeňská 20, 20a, Česká republika"
"Brno, Vídeňská 6","Brno, Vídeňská 6","Brno, Vídeňská 6, Česká republika",PS 10kVA/3f -45 minut,PS 10kVA/3f -45 minut,Večeřa 702 209 323,Večeřa 702 209 323,Jihomoravský,"2025 - posláno na servis@ebmbrno.cz, 2024 - aktualizovaná CN","2025 - posláno na servis@ebmbrno.cz, 2024 - aktualizovaná CN",2022-05-30,2022-05-30,-1435.0,Po termínu,červená,49.1854,16.59514,OK Mapy.com,,čeká na přesné geokódování,"brno, vídeňská 6, česká republika",2022-05-30,2022-05-30,-1435.0,Po termínu,červená,2022-05-30 (plánovaná),"Kalendář FZ - 12 měsíců, 2023.xlsx",126,2016,ano,,,PS 10kVA/3f -45 minut,,,,,,,30/22,,,,,,,,,,,,,,,,,,,,,,,,,,,,,,,,,,,,,,,,,,,,,,,,,,,,,,,,,,,,,,,,,,,,,,,,,,,,,,,,,1,"Brno, Vídeňská 6",,,,"Brno, Vídeňská 6, Česká republika","Brno, Vídeňská 6, Česká republika"
"Brno, Zaječí hora 6","Brno, Zaječí hora 6","Brno, Zaječí hora 6, Česká republika",PS 7500/3F - 15 minut,PS 7500/3F - 15 minut,doplnit prosím M.Bohm,doplnit prosím M.Bohm,Jihomoravský,"2025 - řešil Honza, jsou nějaké potíže, prudiči, vyhořelý střídač…","2025 - řešil Honza, jsou nějaké potíže, prudiči, vyhořelý střídač…",2025-03-28,2025-03-28,-402.0,Po termínu,červená,49.22829,16.60595,OK Mapy.com,,čeká na přesné geokódování,"brno, zaječí hora 6, česká republika",2025-03-28,2025-03-28,-402.0,Po termínu,červená,2025-03-28 (plánovaná),"Kalendář FZ - 12 měsíců, 2023.xlsx",132,2017,,,,PS 7500/3F - 15 minut,,,,,28/25,,,,,,,,,,,,,,,,,,,,,,,,,,,,,,,,,,,,,,,,,,,,,,,,,,,,,,,,,,,,,,,,,,,,,,,,,,,,,,,,,,,1,"Brno, Zaječí hora 6",,5500,,"Brno, Zaječí hora 6, Česká republika","Brno, Zaječí hora 6, Česká republika"
"Brno - Zvonařka 10, autoslalon Hukr","Brno - Zvonařka 10, autoslalon Hukr","Brno, Zvonařka 10, autoslalon Hukr, Česká republika",ASTIP PS 4 000/3F -10 minut,ASTIP PS 4 000/3F -10 minut,pan Vladimír Huska 602720381,pan Vladimír Huska 602720381,Jihomoravský,,,2022-12-10,2022-06-10,-1241.0,Po termínu,červená,49.1867,16.61841,OK Mapy.com,,čeká na přesné geokódování,"brno, zvonařka 10, autoslalon hukr, česká republika",2022-06-10,2022-12-10,-1241.0,Po termínu,červená,2022-06-10 (proběhlá); 2022-12-10 (plánovaná),Kalendář FZ - 6 měsíců.xlsx,16,2015,,,pan Vladimír Huska 602720381,ASTIP PS 4 000/3F -10 minut,"Brno - Zvonařka 10, autoslalon Hukr",,,,,,,10/22,,,,,,10/22,,,,,,,,,,,,,,,,,,,,,,,,,,,,,,,,,,,,,,,,,,,,,,,,,,,,,,,,,,,,,,,,,,,,,,,,,,2,,,,,"Brno, Zvonařka 10, autoslalon Hukr, Česká republika","Brno, Zvonařka 10, autoslalon Hukr, Česká republika"
"Brno, Čechyňská  9, Bagira","Brno, Čechyňská  9, Bagira","Brno, Čechyňská 9, Bagira, Česká republika",STRONG 2 000/3F-10 minut,STRONG 2 000/3F-10 minut,Malý 702 266 352,Malý 702 266 352,Jihomoravský,"2024 - nevyřízená reklamace - tedy asi mrtvo….2021 -stop stav - reklamace, předáno Králíčkovi","2024 - nevyřízená reklamace - tedy asi mrtvo….2021 -stop stav - reklamace, předáno Králíčkovi",,2020-11-30,,Bez termínu,šedá,49.19017,16.62137,OK Mapy.com,,čeká na přesné geokódování,"brno, čechyňská 9, bagira, česká republika",2020-11-30,,,Bez termínu,šedá,2020-11-30 (nezjištěno),Kalendář FZ - 6 měsíců.xlsx,19,2019,,,Malý 702 266 352,STRONG 2 000/3F-10 minut,"Brno, Čechyňská  9, Bagira",,,,,,,,,,,,30/20,,,,,,,,,,,,,,,,,,,,,,,,,,,,,,,,,,,,,,,,,,,,,,,,,,,,,,,,,,,,,,,,,,,,,,,,,,,1,,,,,"Brno, Čechyňská 9, Bagira, Česká republika","Brno, Čechyňská 9, Bagira, Česká republika"
"Brno, Čejkovická 11","Brno, Čejkovická 11","Brno, Čejkovická 11, Česká republika",STRONG LiftBack 10 000/3f-45 min,STRONG LiftBack 10 000/3f-45 min,"Jakrlová, SBD Mír, 548 424 471","Jakrlová, SBD Mír, 548 424 471",Jihomoravský,,,2026-05-13,,9.0,7–30 dnů,oranžová,49.2022,16.6609,OK Mapy.com,,čeká na přesné geokódování,"brno, čejkovická 11, česká republika",,2026-05-13,9.0,7–30 dnů,oranžová,2026-05-13 (plánovaná),"Kalendář FZ - 12 měsíců, 2023.xlsx",41,2018,ano,,,STRONG LiftBack 10 000/3f-45 min,,,,,,,13/26,,,,,,,,,,,,,,,,,,,,,,,,,,,,,,,,,,,,,,,,,,,,,,,,,,,,,,,,,,,,,,,,,,,,,,,,,,,,,,,,,1,"Brno, Čejkovická 11",,,,"Brno, Čejkovická 11, Česká republika","Brno, Čejkovická 11, Česká republika"
"Brno, Česká 11, škola Charbulova","Brno, Česká 11, škola Charbulova","Brno, Česká 11, škola Charbulova, Česká republika","Strong 2000/3f, 45 min","Strong 2000/3f, 45 min",Ing. Janák 601 366 435,Ing. Janák 601 366 435,Jihomoravský,,,2026-08-25,2026-02-25,113.0,Více než 60 dnů,zelená,49.196,16.60634,OK Mapy.com,,čeká na přesné geokódování,"brno, česká 11, škola charbulova, česká republika",2026-02-25,2026-08-25,113.0,Více než 60 dnů,zelená,2026-02-25 (proběhlá); 2026-08-25 (plánovaná),Kalendář FZ - 6 měsíců.xlsx,20,2017,ano,ano,Ing. Janák 601 366 435,"Strong 2000/3f, 45 min","Brno, Česká 11, škola Charbulova",,,25/26,,,,,,25/26,,,,,,6500,,,,,,,,,,,,,,,,,,,,,,,,,,,,,,,,,,,,,,,,,,,,,,,,,,,,,,,,,,,,,,,,,,,,,,,,2,,,,,"Brno, Česká 11, škola Charbulova, Česká republika","Brno, Česká 11, škola Charbulova, Česká republika"
"Brno, Řípská 23","Brno, Řípská 23","Brno, Řípská 23, Česká republika","PS 50000/3f, 10, 45, 60 min","PS 50000/3f, 10, 45, 60 min","Milan Svoboda 724 261 460, 533 432 514, IMOS","Milan Svoboda 724 261 460, 533 432 514, IMOS",Jihomoravský,,,2026-06-11,,38.0,30–60 dnů,žlutá,49.18184,16.6687,OK Mapy.com,,čeká na přesné geokódování,"brno, řípská 23, česká republika",,2026-06-11,38.0,30–60 dnů,žlutá,2026-06-11 (plánovaná),"Kalendář FZ - 12 měsíců, 2023.xlsx",102,2018,,,,"PS 50000/3f, 10, 45, 60 min",,,,,,,,11/26,,,,,,,,,,,,,,,,,,,,,,,,,,,,,,,,,,,,,,,,,,,,,,,,,,,,,,,,,,,,,,,,,,,,,,,,,,,,,,,,1,"Brno, Řípská 23",,,,"Brno, Řípská 23, Česká republika","Brno, Řípská 23, Česká republika"
"Brno, Řípská 9a, Slatina 627 00","Brno, Řípská 9a, Slatina 627 00","Brno, Řípská 9a, Slatina 627 00, Česká republika",ASTIP PS 15kVA/3F -15 minut,ASTIP PS 15kVA/3F -15 minut,Vávra - 734 797 216,Vávra - 734 797 216,Jihomoravský,,,2026-11-20,,200.0,Více než 60 dnů,zelená,49.1732,16.6808,OK Mapy.com,,čeká na přesné geokódování,"brno, řípská 9a, slatina 627 00, česká republika",,2026-11-20,200.0,Více než 60 dnů,zelená,2026-11-20 (plánovaná),"Kalendář FZ - 12 měsíců, 2023.xlsx",103,2015,,,,ASTIP PS 15kVA/3F -15 minut,,,,,,,,,,,,,20/26,,,,,,,,,,,,,,,,,,,,,,,,,,,,,,,,,,,,,,,,,,,,,,,,,,,,,,,,,,,,,,,,,,,,,,,,,,,1,"Brno, Řípská 9a, Slatina 627 00",,,,"Brno, Řípská 9a, Slatina 627 00, Česká republika","Brno, Řípská 9a, Slatina 627 00, Česká republika"
"Brno, Šmahova 113, Martin Kučera","Brno, Šmahova 113, Martin Kučera","Martin Kučera, Šmahova 113, Brno, Česká republika",STRONG 1000VA/1F 20min,STRONG 1000VA/1F 20min,"Kučera správce -519 426 056, Baumann","Kučera správce -519 426 056, Baumann",Jihomoravský,,,2026-04-28,2026-04-28,-6.0,Po termínu,červená,49.17036,16.68349,upraveno - znovu geokódovat,,Adresa automaticky upravena pro Mapy.com; spusť znovu geokodér.,"brno, šmahova 113, martin kučera, česká republika",2026-04-28,2026-04-28,-6.0,Po termínu,červená,2026-04-28 (plánovaná),"Kalendář FZ - 12 měsíců, 2023.xlsx",113,2017,,,,STRONG 1000VA/1F 20min,,,,,,28/26,,,,,,,,,,,,,,,,,,,,,,,,,,,,,,,,,,,,,,,,,,,,,,,,,,,,,,,,,,,,,,,,,,,,,,,,,,,,,,,,,,1,"Brno, Šmahova 113, Martin Kučera",,5500,,"Brno, Šmahova 113, Martin Kučera, Česká republika","Martin Kučera, Šmahova 113, Brno, Česká republika"
"Brno, Šumavská 15, administrativní budova","Brno, Šumavská 15, administrativní budova","administrativní, Šumavská 15, Brno, Česká republika",STRONG 150kVA/30kVA/3F-45 minut,STRONG 150kVA/30kVA/3F-45 minut,Ševčík 776 060 715,Ševčík 776 060 715,Jihomoravský,,,2025-12-03,2025-12-03,-152.0,Po termínu,červená,49.2121,16.59838,upraveno - znovu geokódovat,,Adresa automaticky upravena pro Mapy.com; spusť znovu geokodér.,"brno, šumavská 15, administrativní budova, česká republika",2025-12-03,2025-12-03,-152.0,Po termínu,červená,2025-12-03 (plánovaná),Kalendář FZ - 6 měsíců.xlsx,48,2023,,,Ševčík 776 060 715,STRONG 150kVA/30kVA/3F-45 minut,"Brno, Šumavská 15, administrativní budova",,,,,,,,,,,,,3/25,,,,,,,,,,,,,,,,,,,,,,,,,,,,,,,,,,,,,,,,,,,,,,,,,,,,,,,,,,,,,,,,,,,,,,,,,,1,,,,,"Brno, Šumavská 15, administrativní budova, Česká republika","administrativní, Šumavská 15, Brno, Česká republika"
"Brno, Šumavská 31, Budova B -Šumavská tower","Brno, Šumavská 31, Budova B -Šumavská tower","B -Šumavská tower, Šumavská 31, Brno, Česká republika",2 x PS Liftback 40kVA/3F-dojezd,2 x PS Liftback 40kVA/3F-dojezd,"Kolek 608 772 600, Liška 775 027 428","Kolek 608 772 600, Liška 775 027 428",Jihomoravský,"12/2021 doplněno o další zdroj k dojezdu budova B, cena 8 900 Kč, v.č.19021902, 12.1.2023 doplněno o další zdroj ASTIP PS Liftback 40kVA/3F/5 minut, v.č. 23011102","12/2021 doplněno o další zdroj k dojezdu budova B, cena 8 900 Kč, v.č.19021902, 12.1.2023 doplněno o další zdroj ASTIP PS Liftback 40kVA/3F/5 minut, v.č. 23011102",2026-03-29,2025-09-29,-36.0,Po termínu,červená,49.20989,16.59266,upraveno - znovu geokódovat,,Adresa automaticky upravena pro Mapy.com; spusť znovu geokodér.,"brno, šumavská 31, budova b -šumavská tower, česká republika",2025-09-29,2026-03-29,-36.0,Po termínu,červená,2025-09-29 (proběhlá); 2026-03-29 (plánovaná),Kalendář FZ - 6 měsíců.xlsx,49,"2019, 2023",ano,,"Kolek 608 772 600, Liška 775 027 428",2 x PS Liftback 40kVA/3F-dojezd,"Brno, Šumavská 31, Budova B -Šumavská tower",,,,29/26,,,,,,29/25,,,,,,,,,,,,,,,,,,,,,,,,,,,,,,,,,,,,,,,,,,,,,,,,,,,,,,,,,,,,,,,,,,,,,,,,,,,,,2,,,,,"Brno, Šumavská 31, Budova B -Šumavská tower, Česká republika","B -Šumavská tower, Šumavská 31, Brno, Česká republika"
"Brno, Šumavská 35, LIDL","Brno, Šumavská 35, LIDL","Brno, Šumavská 35, LIDL, Česká republika",PS 30 kVA/3F -15 minut + RPO,PS 30 kVA/3F -15 minut + RPO,Bezruč - 724 610 251,Bezruč - 724 610 251,Jihomoravský,,,2026-08-13,2026-02-13,101.0,Více než 60 dnů,zelená,49.20966,16.59149,OK Mapy.com,,čeká na přesné geokódování,"brno, šumavská 35, lidl, česká republika",2026-02-13,2026-08-13,101.0,Více než 60 dnů,zelená,2026-02-13 (proběhlá); 2026-08-13 (plánovaná),Kalendář FZ - 6 měsíců.xlsx,50,2019,,,Bezruč - 724 610 251,PS 30 kVA/3F -15 minut + RPO,"Brno, Šumavská 35, LIDL",,,13/26,,,,,,13/26,,,,,,,,,,,,,,,,,,,,,,,,,,,,,,,,,,,,,,,,,,,,,,,,,,,,,,,,,,,,,,,,,,,,,,,,,,,,,,2,,,,,"Brno, Šumavská 35, LIDL, Česká republika","Brno, Šumavská 35, LIDL, Česká republika"
"Brno, Šumavská 516/35, Budova C  - Šumavská Tower","Brno, Šumavská 516/35, Budova C  - Šumavská Tower","Brno, Šumavská 516/35, Budova C, Šumavská Tower, Česká republika","PS 40kVA/3F - 45minut, ASTIP PS 100kVA/3f-30 min","PS 40kVA/3F - 45minut, ASTIP PS 100kVA/3f-30 min","Kolek 608 772 600, Liška 775 027 428","Kolek 608 772 600, Liška 775 027 428",Jihomoravský,,,2026-03-29,2025-09-29,-36.0,Po termínu,červená,49.20935,16.59236,OK Mapy.com,,čeká na přesné geokódování,"brno, šumavská 516/35, budova c, šumavská tower, česká republika",2025-09-29,2026-03-29,-36.0,Po termínu,červená,2025-09-29 (proběhlá); 2026-03-29 (plánovaná),Kalendář FZ - 6 měsíců.xlsx,51,"2019, 2016",ano,,"Kolek 608 772 600, Liška 775 027 428","PS 40kVA/3F - 45minut, ASTIP PS 100kVA/3f-30 min ","Brno, Šumavská 516/35, Budova C  - Šumavská Tower",,,,29/26,,,,,,29/25-100kVA-STOP STAV,,,,,10300,,,,,,,,,,,,,,,,,,,,,,,,,,,,,,,,,,,,,,,,,,,,,,,,,,,,,,,,,,,,,,,,,,,,,,,,2,,,,,"Brno, Šumavská 516/35, Budova C, Šumavská Tower, Česká republika","Brno, Šumavská 516/35, Budova C, Šumavská Tower, Česká republika"
"Brno, Žabí 2, Přírodní 3","Brno, Žabí 2, Přírodní 3","Brno, Žabí 2, Přírodní 3, Česká republika",PS 3000/3f-45 min,PS 3000/3f-45 min,Ing. Karel Svoboda 723 158 581,Ing. Karel Svoboda 723 158 581,Jihomoravský,Dodat štítky!!!!! - jeden záožák 6500Kč - Přírodní 3 (faktura 50% sleva),Dodat štítky!!!!! - jeden záožák 6500Kč - Přírodní 3 (faktura 50% sleva),2026-03-03,2026-03-03,-62.0,Po termínu,červená,49.2177,16.49594,OK Mapy.com,,čeká na přesné geokódování,"brno, žabí 2, přírodní 3, česká republika",2026-03-03,2026-03-03,-62.0,Po termínu,červená,2026-03-03 (plánovaná),"Kalendář FZ - 12 měsíců, 2023.xlsx",133,2016,ano,,,PS 3000/3f-45 min,,,,,3/26,,,,,,,,,,,,,,,,,,,,,,,,,,,,,,,,,,,,,,,,,,,,,,,,,,,,,,,,,,,,,,,,,,,,,,,,,,,,,,,,,,,1,"Brno, Žabí 2, Přírodní 3",,13000,,"Brno, Žabí 2, Přírodní 3, Česká republika","Brno, Žabí 2, Přírodní 3, Česká republika"
"Brno, Žerotínovo náměstí 3","Brno, Žerotínovo náměstí 3","Brno, Žerotínovo náměstí 3, Česká republika",PS 2000/3F 30min.,PS 2000/3F 30min.,Bradáč - 724 168 313,Bradáč - 724 168 313,Jihomoravský,,,2026-04-14,2025-10-14,-20.0,Po termínu,červená,49.19875,16.60443,OK Mapy.com,,čeká na přesné geokódování,"brno, žerotínovo náměstí 3, česká republika",2025-10-14,2026-04-14,-20.0,Po termínu,červená,2025-10-14 (proběhlá); 2026-04-14 (plánovaná),Kalendář FZ - 6 měsíců.xlsx,55,2016,,,Bradáč - 724 168 313,PS 2000/3F 30min.,"Brno, Žerotínovo náměstí 3",,,,,14/26,,,,,,14/25,,,,,,,,,,,,,,,,,,,,,,,,,,,,,,,,,,,,,,,,,,,,,,,,,,,,,,,,,,,,,,,,,,,,,,,,,,,,2,,,,,"Brno, Žerotínovo náměstí 3, Česká republika","Brno, Žerotínovo náměstí 3, Česká republika"
"Brněněc 24, PENAM mlýn","Brněněc 24, PENAM mlýn","Brněněc 24, PENAM mlýn, Česká republika",ASTIP PS 3 000VA/3F-7 minut,ASTIP PS 3 000VA/3F-7 minut,Šafář 725 604 863,Šafář 725 604 863,Jihomoravský,,,2025-07-22,2025-07-22,-286.0,Po termínu,červená,49.62866,16.52166,OK Mapy.com,,čeká na přesné geokódování,"brněněc 24, penam mlýn, česká republika",2025-07-22,2025-07-22,-286.0,Po termínu,červená,2025-07-22 (plánovaná),"Kalendář FZ - 12 měsíců, 2023.xlsx",27,2023,,,,ASTIP PS 3 000VA/3F-7 minut,,,,,,,,,22/25,,,,,,,,,,,,,,,,,,,,,,,,,,,,,,,,,,,,,,,,,,,,,,,,,,,,,,,,,,,,,,,,,,,,,,,,,,,,,,,1,"Brněněc 24, PENAM mlýn",,,,"Brněněc 24, PENAM mlýn, Česká republika","Brněněc 24, PENAM mlýn, Česká republika"
"Broumov, Přadlácká 158, Z-Trade","Broumov, Přadlácká 158, Z-Trade","Z-Trade, Přadlácká 158, Broumov, Česká republika","ASTIP STRONG Liftback 415kVA/75kVA/3F-dojezdy, 15 minut","ASTIP STRONG Liftback 415kVA/75kVA/3F-dojezdy, 15 minut",Vlastimil Kyral 733 524 165,Vlastimil Kyral 733 524 165,Královehradecký,,,2026-08-21,,109.0,Více než 60 dnů,zelená,50.58427,16.33738,upraveno - znovu geokódovat,,Adresa automaticky upravena pro Mapy.com; spusť znovu geokodér.,"broumov, přadlácká 158, z-trade, česká republika",,2026-08-21,109.0,Více než 60 dnů,zelená,2026-08-21 (plánovaná),"Kalendář FZ - 12 měsíců, 2023.xlsx",135,2024,,,,"ASTIP STRONG Liftback 415kVA/75kVA/3F-dojezdy, 15 minut",,,,,,,,,,21/26,,,,,,,,,,,,,,,,,,,,,,,,,,,,,,,,,,,,,,,,,,,,,,,,,,,,,,,,,,,,,,,,,,,,,,,,,,,,,,1,"Broumov, Přadlácká 158, Z-Trade",,,,"Broumov, Přadlácká 158, Z-Trade, Česká republika","Z-Trade, Přadlácká 158, Broumov, Česká republika"
Brumov -  Bylnice 1104,Brumov -  Bylnice 1104,"Brumov, Bylnice 1104, Česká republika",PS 20 kVA/3F - 45 minut,PS 20 kVA/3F - 45 minut,Město Brumov - 577 305 111,Město Brumov - 577 305 111,Zlínský,,,2026-04-09,2026-04-09,-25.0,Po termínu,červená,49.08634,18.02466,OK Mapy.com,,čeká na přesné geokódování,"brumov, bylnice 1104, česká republika",2026-04-09,2026-04-09,-25.0,Po termínu,červená,2026-04-09 (plánovaná),"Kalendář FZ - 12 měsíců, 2023.xlsx",134,2017,,,,PS 20 kVA/3F - 45 minut,,,,,,9/26,,,,,,,,,,,,,,,,,,,,,,,,,,,,,,,,,,,,,,,,,,,,,,,,,,,,,,,,,,,,,,,,,,,,,,,,,,,,,,,,,,1,Brumov -  Bylnice 1104,,9800,,"Brumov, Bylnice 1104, Česká republika","Brumov, Bylnice 1104, Česká republika"
"Bruntál, Revoluční 1712_ 20, hotel Slezan","Bruntál, Revoluční 1712_ 20, hotel Slezan","Bruntál, Revoluční 1712/ 20, hotel Slezan, Česká republika",ASTIP PS 40kVA/30kVA/3F -45 minut,ASTIP PS 40kVA/30kVA/3F -45 minut,Duchtík 776 070 991,Duchtík 776 070 991,Moravskoslezský,,,2025-10-03,2025-04-03,-213.0,Po termínu,červená,49.99014,17.4699,OK Mapy.com,,čeká na přesné geokódování,"bruntál, revoluční 1712/ 20, hotel slezan, česká republika",2025-04-03,2025-10-03,-213.0,Po termínu,červená,2025-04-03 (proběhlá); 2025-10-03 (plánovaná),Kalendář FZ - 6 měsíců.xlsx,56,2021,,,Duchtík 776 070 991,ASTIP PS 40kVA/30kVA/3F -45 minut,"Bruntál, Revoluční 1712_ 20, hotel Slezan",,,,,3/25,,,,,,3/25,,,,,,,,,,,,,,,,,,,,,,,,,,,,,,,,,,,,,,,,,,,,,,,,,,,,,,,,,,,,,,,,,,,,,,,,,,,,2,,,,,"Bruntál, Revoluční 1712/ 20, hotel Slezan, Česká republika","Bruntál, Revoluční 1712/ 20, hotel Slezan, Česká republika"
"Bruntál, Zahradní 48, Strojmetal - POZOR info ve složce","Bruntál, Zahradní 48, Strojmetal - POZOR info ve složce","Strojmetal, POZOR info ve složce, Zahradní 48, Bruntál, Česká republika",ASTIP STRONG 7500VA/3F -30 minut,ASTIP STRONG 7500VA/3F -30 minut,"!!!Martin Waleczek 722 950 891/bacha, fakt hlídat sami!!!!!!","!!!Martin Waleczek 722 950 891/bacha, fakt hlídat sami!!!!!!",Moravskoslezský,,,2026-09-10,2026-03-10,129.0,Více než 60 dnů,zelená,49.69746,15.80601,upraveno - znovu geokódovat,,Adresa automaticky upravena pro Mapy.com; spusť znovu geokodér.,"bruntál, zahradní 48, strojmetal, pozor info ve složce, česká republika",2026-03-10,2026-09-10,129.0,Více než 60 dnů,zelená,2026-03-10 (proběhlá); 2026-09-10 (plánovaná),Kalendář FZ - 6 měsíců.xlsx,57,2020,ano ,ano,"!!!Martin Waleczek 722 950 891/bacha, fakt hlídat sami!!!!!!",ASTIP STRONG 7500VA/3F -30 minut,"Bruntál, Zahradní 48, Strojmetal - POZOR info ve složce",,,,10/26,,,,,,10/26,,,,,,,,,,,,,,,,,,,,,,,,,,,,,,,,,,,,,,,,,,,,,,,,,,,,,,,,,,,,,,,,,,,,,,,,,,,,,2,,,,,"Bruntál, Zahradní 48, Strojmetal, POZOR info ve složce, Česká republika","Strojmetal, POZOR info ve složce, Zahradní 48, Bruntál, Česká republika"
"Buková u Příbramě, Horse Park","Buková u Příbramě, Horse Park","Buková u Příbramě, Horse Park, Česká republika",PS 5000/3f-30 minut,PS 5000/3f-30 minut,Červenka – 602 379 283,Červenka – 602 379 283,Středočeský,"22.8.19, instalován nový záložák, bez protokolu FZ","22.8.19, instalován nový záložák, bez protokolu FZ",2026-07-16,,73.0,Více než 60 dnů,zelená,49.74836,14.09002,OK Mapy.com,,čeká na přesné geokódování,"buková u příbramě, horse park, česká republika",,2026-07-16,73.0,Více než 60 dnů,zelená,2026-07-16 (plánovaná),"Kalendář FZ - 12 měsíců, 2023.xlsx",137,2019,ano,,,  PS 5000/3f-30 minut,,,,,,,,,16/26,,,,,,,,,,,,,,,,,,,,,,,,,,,,,,,,,,,,,,,,,,,,,,,,,,,,,,,,,,,,,,,,,,,,,,,,,,,,,,,1,"Buková u Příbramě, Horse Park",,,,"Buková u Příbramě, Horse Park, Česká republika","Buková u Příbramě, Horse Park, Česká republika"
"Buštěhrad, LIDL","Buštěhrad, LIDL","Buštěhrad, LIDL, Česká republika",4 x RPO,4 x RPO,Corradini 724 230 992,Corradini 724 230 992,Středočeský,,,2026-10-21,,170.0,Více než 60 dnů,zelená,50.15464,14.1612,OK Mapy.com,,čeká na přesné geokódování,"buštěhrad, lidl, česká republika",,2026-10-21,170.0,Více než 60 dnů,zelená,2026-10-21 (plánovaná),"Kalendář FZ - 12 měsíců, 2023.xlsx",138,bez,,,,4 x RPO,,,,,,,,,,,,21/26,,,,,,,,,,,,,,,,,,,,,,,,,,,,,,,,,,,,,,,,,,,,,,,,,,,,,,,,,,,,,,,,,,,,,,,,,,,,1,"Buštěhrad, LIDL",,,,"Buštěhrad, LIDL, Česká republika","Buštěhrad, LIDL, Česká republika"
"Bílá Třemešná 313, ZŠ a MŠ","Bílá Třemešná 313, ZŠ a MŠ","Bílá Třemešná 313, ZŠ a MŠ, Česká republika",STRONG 10kVA/3kVA/3F -30 min + PS 102A/1F-24 h,STRONG 10kVA/3kVA/3F -30 min + PS 102A/1F-24 h,Vlna 604 142 983,Vlna 604 142 983,Královehradecký,,,2026-07-27,2026-01-27,84.0,Více než 60 dnů,zelená,50.44623,15.74187,OK Mapy.com,,čeká na přesné geokódování,"bílá třemešná 313, zš a mš, česká republika",2026-01-27,2026-07-27,84.0,Více než 60 dnů,zelená,2026-01-27 (proběhlá); 2026-07-27 (plánovaná),Kalendář FZ - 6 měsíců.xlsx,8,"2019, 2020",,,Vlna 604 142 983,STRONG 10kVA/3kVA/3F -30 min + PS 102A/1F-24 h,"Bílá Třemešná 313, ZŠ a MŠ",,27/26,,,,,,27/26,,,,,,,,,,,,,,,,,,,,,,,,,,,,,,,,,,,,,,,,,,,,,,,,,,,,,,,,,,,,,,,,,,,,,,,,,,,,,,,2,,,,,"Bílá Třemešná 313, ZŠ a MŠ, Česká republika","Bílá Třemešná 313, ZŠ a MŠ, Česká republika"
"Břeclav, J. Opletala 14a","Břeclav, J. Opletala 14a","Břeclav, J. Opletala 14a, Česká republika",2 x záložní zdroj,2 x záložní zdroj,Maděryč - 602 748 806,Maděryč - 602 748 806,Jihomoravský,"20.6.2024 -posílám aktualizaci CN - 19.6.2024 -dsotala jsem kontakt n předsedu Lovecký 733 713 888, lovecky@email.cz, je to hodně peněz, chtěl by slevu, přemýšlejí také o konkurenci","20.6.2024 -posílám aktualizaci CN - 19.6.2024 -dsotala jsem kontakt n předsedu Lovecký 733 713 888, lovecky@email.cz, je to hodně peněz, chtěl by slevu, přemýšlejí také o konkurenci",2026-05-30,,26.0,7–30 dnů,oranžová,48.76299,16.89615,OK Mapy.com,,čeká na přesné geokódování,"břeclav, j. opletala 14a, česká republika",,2026-05-30,26.0,7–30 dnů,oranžová,2026-05-30 (plánovaná),"Kalendář FZ - 12 měsíců, 2023.xlsx",136,2018,,,,2 x záložní zdroj,,,,,,,30/26,,,,,,,,,,,,,,,,,,,,,,,,,,,,,,,,,,,,,,,,,,,,,,,,,,,,,,,,,,,,,,,,,,,,,,,,,,,,,,,,,1,"Břeclav, J. Opletala 14a",,,,"Břeclav, J. Opletala 14a, Česká republika","Břeclav, J. Opletala 14a, Česká republika"
"Břeclav, Na Pěšině 13, DPS","Břeclav, Na Pěšině 13, DPS","Břeclav, Na Pěšině 13, DPS, Česká republika",2 x PS 15kVA/3f-45 minut,2 x PS 15kVA/3f-45 minut,"Ivo Maděryč
T 602 510 370","Ivo Maděryč
T 602 510 370",Jihomoravský,,,2026-03-30,2025-09-30,-35.0,Po termínu,červená,48.76858,16.8868,OK Mapy.com,,čeká na přesné geokódování,"břeclav, na pěšině 13, dps, česká republika",2025-09-30,2026-03-30,-35.0,Po termínu,červená,2025-09-30 (proběhlá); 2026-03-30 (plánovaná),Kalendář FZ - 6 měsíců.xlsx,58,2016 + 2022,,,"Ivo Maděryč
T 602 510 370",2 x PS 15kVA/3f-45 minut,"Břeclav, Na Pěšině 13, DPS",,,,30/26,,,,,,30/25,,,,,,,,,,,,,,,,,,,,,,,,,,,,,,,,,,,,,,,,,,,,,,,,,,,,,,,,,,,,,,,,,,,,,,,,,,,,,2,,,,,"Břeclav, Na Pěšině 13, DPS, Česká republika","Břeclav, Na Pěšině 13, DPS, Česká republika"
"Cerhenice, Za Cukrovarem 575, 576","Cerhenice, Za Cukrovarem 575, 576","Cerhenice, Za Cukrovarem 575, 576, Česká republika",2 x 3kVA,2 x 3kVA,Pěničková 733 610 200,Pěničková 733 610 200,Středočeský,,,2026-09-18,,137.0,Více než 60 dnů,zelená,50.07307,15.07888,OK Mapy.com,,čeká na přesné geokódování,"cerhenice, za cukrovarem 575, 576, česká republika",,2026-09-18,137.0,Více než 60 dnů,zelená,2026-09-18 (plánovaná),"Kalendář FZ - 12 měsíců, 2023.xlsx",140,,,,,2 x 3kVA,,,,,,,,,,,18/26,,,,,,,,,,,,,,,,,,,,,,,,,,,,,,,,,,,,,,,,,,,,,,,,,,,,,,,,,,,,,,,,,,,,,,,,,,,,,1,"Cerhenice, Za Cukrovarem 575, 576",,,,"Cerhenice, Za Cukrovarem 575, 576, Česká republika","Cerhenice, Za Cukrovarem 575, 576, Česká republika"
"Cerhenice, Za Cukrovarem 591, 593, 594","Cerhenice, Za Cukrovarem 591, 593, 594","Cerhenice, Za Cukrovarem 591, 593, 594, Česká republika",3 x 2kVA,3 x 2kVA,pan Čejka 731 852 696,pan Čejka 731 852 696,Středočeský,,,2026-11-13,,193.0,Více než 60 dnů,zelená,50.0728,15.07989,OK Mapy.com,,čeká na přesné geokódování,"cerhenice, za cukrovarem 591, 593, 594, česká republika",,2026-11-13,193.0,Více než 60 dnů,zelená,2026-11-13 (plánovaná); 2027-01-08 (plánovaná),"Kalendář FZ - 12 měsíců, 2023.xlsx",139,"2019, 2022",,,,3 x 2kVA,,,"8/27-591, 594",,,,,,,,,,13/26-593,,,,,,,,,,,,,,,,,,,,,,,,,,,,,,,,,,,,,,,,,,,,,,,,,,,,,,,,,,,,,,,,,,,,,,,,,,,2,"Cerhenice, Za Cukrovarem 591, 593, 594",,,,"Cerhenice, Za Cukrovarem 591, 593, 594, Česká republika","Cerhenice, Za Cukrovarem 591, 593, 594, Česká republika"
"Cerhenice, Za Cukrovarem 592","Cerhenice, Za Cukrovarem 592","Cerhenice, Za Cukrovarem 592, Česká republika",2kVA,2kVA,pan Jančura 607 777 447,pan Jančura 607 777 447,Středočeský,,,2024-08-14,2024-08-14,-628.0,Po termínu,červená,50.07248,15.07963,OK Mapy.com,,čeká na přesné geokódování,"cerhenice, za cukrovarem 592, česká republika",2024-08-14,2024-08-14,-628.0,Po termínu,červená,2024-08-14 (plánovaná),"Kalendář FZ - 12 měsíců, 2023.xlsx",141,,,,,2kVA,,,,,,,,,,14/24 592,,,,,,,,,,,,,,,,,,,,,,,,,,,,,,,,,,,,,,,,,,,,,,,,,,,,,,,,,,,,,,,,,,,,,,,,,,,,,,1,"Cerhenice, Za Cukrovarem 592",,,,"Cerhenice, Za Cukrovarem 592, Česká republika","Cerhenice, Za Cukrovarem 592, Česká republika"
"Cheb, Dlouhá 12, klub seniorů","Cheb, Dlouhá 12, klub seniorů","klub seniorů, Dlouhá 12, Cheb, Česká republika",ASTIP PS 15kVA/3F -45 minut,ASTIP PS 15kVA/3F -45 minut,Jiří Čada 601 390 923,Jiří Čada 601 390 923,Karlovarský,,,2025-10-15,2025-10-15,-201.0,Po termínu,červená,49.4002,15.55757,upraveno - znovu geokódovat,,Adresa automaticky upravena pro Mapy.com; spusť znovu geokodér.,"cheb, dlouhá 12, klub seniorů, česká republika",2025-10-15,2025-10-15,-201.0,Po termínu,červená,2025-10-15 (plánovaná),Kalendář FZ - 6 měsíců.xlsx,113,2015,,,Jiří Čada 601 390 923,ASTIP PS 15kVA/3F -45 minut,"Cheb, Dlouhá 12, klub seniorů",,,,,,,,,,,15/25,,,,,,,,,,,,,,,,,,,,,,,,,,,,,,,,,,,,,,,,,,,,,,,,,,,,,,,,,,,,,,,,,,,,,,,,,,,,1,,,,,"Cheb, Dlouhá 12, klub seniorů, Česká republika","klub seniorů, Dlouhá 12, Cheb, Česká republika"
"Cheb, Dragounská 2529-6, Albert","Cheb, Dragounská 2529-6, Albert","Cheb, Dragounská 2529-6, Albert, Česká republika",STRONG 10kVA/3f-15 minut,STRONG 10kVA/3f-15 minut,"Lorenc 727 945 363, Přitasilová 601 570 709","Lorenc 727 945 363, Přitasilová 601 570 709",Karlovarský,,,2027-02-18,,290.0,Více než 60 dnů,zelená,50.07132,12.3672,OK Mapy.com,,čeká na přesné geokódování,"cheb, dragounská 2529-6, albert, česká republika",,2027-02-18,290.0,Více než 60 dnů,zelená,2027-02-18 (plánovaná),"Kalendář FZ - 12 měsíců, 2023.xlsx",182,2019,"Cheb,%20Dragounská%202529-6,%20Albert","Cheb,%20Dragounská%202529-6,%20Albert",,STRONG 10kVA/3f-15 minut,,,,18/27,,,,,,,,,,,,,,,,,,,,,,,,,,,,,,,,,,,,,,,,,,,,,,,,,,,,,,,,,,,,,,,,,,,,,,,,,,,,,,,,,,,,1,"Cheb, Dragounská 2529-6, Albert",,,,"Cheb, Dragounská 2529-6, Albert, Česká republika","Cheb, Dragounská 2529-6, Albert, Česká republika"
"Cheb, Jateční, hotel Barbarossa","Cheb, Jateční, hotel Barbarossa","Cheb, Jateční, hotel Barbarossa, Česká republika",PS 7500/3f-45 minut,PS 7500/3f-45 minut,Krtouš - 603 486 599,Krtouš - 603 486 599,Karlovarský,,,2025-09-30,2025-09-30,-216.0,Po termínu,červená,50.07831,12.3699,OK Mapy.com,,čeká na přesné geokódování,"cheb, jateční, hotel barbarossa, česká republika",2025-09-30,2025-09-30,-216.0,Po termínu,červená,2025-09-30 (plánovaná),"Kalendář FZ - 12 měsíců, 2023.xlsx",183,2015,,,,  PS 7500/3f-45 minut,,,,,,,,,,,30/25,,,,,,,,,,,,,,,,,,,,,,,,,,,,,,,,,,,,,,,,,,,,,,,,,,,,,,,,,,,,,,,,,,,,,,,,,,,,,1,"Cheb, Jateční, hotel Barbarossa",,,,"Cheb, Jateční, hotel Barbarossa, Česká republika","Cheb, Jateční, hotel Barbarossa, Česká republika"
"Cheb, Jesenice 59, areál Schiessel","Cheb, Jesenice 59, areál Schiessel","Schiessel, Jesenice 59, Cheb, Česká republika",ASTIP STRONG 7500VA/3F -30 minut,ASTIP STRONG 7500VA/3F -30 minut,Radek Šuhaj 737 491 276,Radek Šuhaj 737 491 276,Karlovarský,,,2026-10-15,,164.0,Více než 60 dnů,zelená,49.60746,14.47224,upraveno - znovu geokódovat,,Adresa automaticky upravena pro Mapy.com; spusť znovu geokodér.,"cheb, jesenice 59, areál schiessel, česká republika",,2026-10-15,164.0,Více než 60 dnů,zelená,2026-10-15 (plánovaná),"Kalendář FZ - 12 měsíců, 2023.xlsx",184,2025,5 let záruka,,,ASTIP STRONG 7500VA/3F -30 minut,,,,,,,,,,,,15/26,,,,,,,,,,,,,,,,,,,,,,,,,,,,,,,,,,,,,,,,,,,,,,,,,,,,,,,,,,,,,,,,,,,,,,,,,,,,1,"Cheb, Jesenice 59, areál Schiessel",,,,"Cheb, Jesenice 59, areál Schiessel, Česká republika","Schiessel, Jesenice 59, Cheb, Česká republika"
"Cheb, Karlovarská 38","Cheb, Karlovarská 38","Cheb, Karlovarská 38, Česká republika",PS 10 000/3f - 45min.,PS 10 000/3f - 45min.,Barvinek - 777 725 627,Barvinek - 777 725 627,Karlovarský,21.5.2024 - poslaná aktualizace paní Mudrové,21.5.2024 - poslaná aktualizace paní Mudrové,2025-07-17,2025-01-17,-291.0,Po termínu,červená,50.08483,12.40704,OK Mapy.com,,čeká na přesné geokódování,"cheb, karlovarská 38, česká republika",2025-01-17,2025-07-17,-291.0,Po termínu,červená,2025-01-17 (proběhlá); 2025-07-17 (plánovaná),Kalendář FZ - 6 měsíců.xlsx,114,2017,,,Barvinek - 777 725 627,PS 10 000/3f - 45min.,"Cheb, Karlovarská 38",,17/25,,,,,,17/25,,,,,,,,,,,,,,,,,,,,,,,,,,,,,,,,,,,,,,,,,,,,,,,,,,,,,,,,,,,,,,,,,,,,,,,,,,,,,,,2,,,,,"Cheb, Karlovarská 38, Česká republika","Cheb, Karlovarská 38, Česká republika"
"Chlumec, Muchova 267, MÚ","Chlumec, Muchova 267, MÚ","Chlumec, Muchova 267, MÚ, Česká republika",ASTIP PS 2 000VA/3F-20 minut,ASTIP PS 2 000VA/3F-20 minut,Randáková 725 440 052,Randáková 725 440 052,Ústecký,,,2022-11-30,2022-11-30,-1251.0,Po termínu,červená,50.69924,13.93591,OK Mapy.com,,čeká na přesné geokódování,"chlumec, muchova 267, mú, česká republika",2022-11-30,2022-11-30,-1251.0,Po termínu,červená,2022-11-30 (plánovaná),"Kalendář FZ - 12 měsíců, 2023.xlsx",185,"2017-KO, 2021",,,,ASTIP PS 2 000VA/3F-20 minut,,,,,,,,,,,,,30/22,,,,,,,,,,,,,,,,,,,,,,,,,,,,,,,,,,,,,,,,,,,,,,,,,,,,,,,,,,,,,,,,,,,,,,,,,,,1,"Chlumec, Muchova 267, MÚ",,,,"Chlumec, Muchova 267, MÚ, Česká republika","Chlumec, Muchova 267, MÚ, Česká republika"
"Choceň, Běstovice, De Heus","Choceň, Běstovice, De Heus","Choceň, Běstovice, De Heus, Česká republika","1-ASTIP PS 4000/3f-10 minut, 2-ASTIP PS 4000/3f-10 minut, 3-ASTIP PS 4000/3f-10 minut, 4-ASTIP PS 4000/3f-10 minut","1-ASTIP PS 4000/3f-10 minut, 2-ASTIP PS 4000/3f-10 minut, 3-ASTIP PS 4000/3f-10 minut, 4-ASTIP PS 4000/3f-10 minut","Tomáš Fritsche 725 857 069, tfritsche@deheus.com","Tomáš Fritsche 725 857 069, tfritsche@deheus.com",Pardubický,,,2026-06-16,2025-12-16,43.0,30–60 dnů,žlutá,50.01306,16.21321,OK Mapy.com,,čeká na přesné geokódování,"choceň, běstovice, de heus, česká republika",2025-12-16,2026-06-16,43.0,30–60 dnů,žlutá,2025-12-16 (proběhlá); 2026-06-16 (plánovaná),Kalendář FZ - 6 měsíců.xlsx,115,2015,,ano,"Tomáš Fritsche 725 857 069, tfritsche@deheus.com","1-ASTIP PS 4000/3f-10 minut, 2-ASTIP PS 4000/3f-10 minut, 3-ASTIP PS 4000/3f-10 minut, 4-ASTIP PS 4000/3f-10 minut","Choceň, Běstovice, De Heus",,,,,,,16/26,,,,,,16/25-1xstopa stav,,,,,,,,,,,,,,,,,,,,,,,,,,,,,,,,,,,,,,,,,,,,,,,,,,,,,,,,,,,,,,,,,,,,,,,,,,2,,,,,"Choceň, Běstovice, De Heus, Česká republika","Choceň, Běstovice, De Heus, Česká republika"
"Chodov, Westfield, parkovací dům","Chodov, Westfield, parkovací dům","Chodov, Westfield, parkovací dům, Česká republika",ASTIP STRONG 15kVA/12kW/3f/1f - 60 minut,ASTIP STRONG 15kVA/12kW/3f/1f - 60 minut,Hanzlík atalian 606 744 958,Hanzlík atalian 606 744 958,Karlovarský,,,2024-08-10,2024-08-10,-632.0,Po termínu,červená,50.03284,14.49125,OK Mapy.com,,čeká na přesné geokódování,"chodov, westfield, parkovací dům, česká republika",2024-08-10,2024-08-10,-632.0,Po termínu,červená,2024-08-10 (plánovaná),"Kalendář FZ - 12 měsíců, 2023.xlsx",186,2015,,,,ASTIP STRONG 15kVA/12kW/3f/1f - 60 minut,,,,,,,,,,10/24,,,,,,,,,,,,,,,,,,,,,,,,,,,,,,,,,,,,,,,,,,,,,,,,,,,,,,,,,,,,,,,,,,,,,,,,,,,,,,1,"Chodov, Westfield, parkovací dům",,,,"Chodov, Westfield, parkovací dům, Česká republika","Chodov, Westfield, parkovací dům, Česká republika"
"Chotěboř, Severní 1911, BD","Chotěboř, Severní 1911, BD","BD, Severní 1911, Chotěboř, Česká republika",ASTIP STRONG 6kVA/1kVA/1F -30 minut,ASTIP STRONG 6kVA/1kVA/1F -30 minut,Miřejovská 602 367 103,Miřejovská 602 367 103,Vysočina,,,2026-12-04,,214.0,Více než 60 dnů,zelená,49.72146,15.6747,upraveno - znovu geokódovat,,Adresa automaticky upravena pro Mapy.com; spusť znovu geokodér.,"chotěboř, severní 1911, bd, česká republika",,2026-12-04,214.0,Více než 60 dnů,zelená,2026-12-04 (plánovaná),"Kalendář FZ - 12 měsíců, 2023.xlsx",187,2022,ano,ano,,ASTIP STRONG 6kVA/1kVA/1F -30 minut,,,,,,,,,,,,,,4/26,,,,,,,,,,,,,,,,,,,,,,,,,,,,,,,,,,,,,,,,,,,,,,,,,,,,,,,,,,,,,,,,,,,,,,,,,,1,"Chotěboř, Severní 1911, BD",,,,"Chotěboř, Severní 1911, BD, Česká republika","BD, Severní 1911, Chotěboř, Česká republika"
"Chotěšov, Libochovická 166, DPS","Chotěšov, Libochovická 166, DPS","Chotěšov, Libochovická 166, DPS, Česká republika",ASTIP PS 15kVA/3F-30 minut,ASTIP PS 15kVA/3F-30 minut,Ing. Zapletalová 602 192 155,Ing. Zapletalová 602 192 155,Ústecký,,,2025-06-03,2024-12-03,-335.0,Po termínu,červená,50.43731,14.08422,OK Mapy.com,,čeká na přesné geokódování,"chotěšov, libochovická 166, dps, česká republika",2024-12-03,2025-06-03,-335.0,Po termínu,červená,2024-12-03 (proběhlá); 2025-06-03 (plánovaná),Kalendář FZ - 6 měsíců.xlsx,116,2019,,,Ing. Zapletalová 602 192 155,ASTIP PS 15kVA/3F-30 minut,"Chotěšov, Libochovická 166, DPS",,,,,,,3/25,,,,,,3/24,,,,,,,,,,,,,,,,,,,,,,,,,,,,,,,,,,,,,,,,,,,,,,,,,,,,,,,,,,,,,,,,,,,,,,,,,,2,,,,,"Chotěšov, Libochovická 166, DPS, Česká republika","Chotěšov, Libochovická 166, DPS, Česká republika"
"Chrudim, Obce ležáků 166, Senior Garden domov Chrudim","Chrudim, Obce ležáků 166, Senior Garden domov Chrudim","Senior Garden domov Chrudim, Obce ležáků 166, Chrudim, Česká republika","STRONG 4kVA/3f-30 minut, 40kVA/3F-15 minut","STRONG 4kVA/3f-30 minut, 40kVA/3F-15 minut",p. Bílek- 776103590,p. Bílek- 776103590,Pardubický,,,2026-06-22,2025-12-22,49.0,30–60 dnů,žlutá,49.939,15.79345,upraveno - znovu geokódovat,,Adresa automaticky upravena pro Mapy.com; spusť znovu geokodér.,"chrudim, obce ležáků 166, senior garden domov chrudim, česká republika",2025-12-22,2026-06-22,49.0,30–60 dnů,žlutá,2025-12-22 (proběhlá); 2026-06-22 (plánovaná),Kalendář FZ - 6 měsíců.xlsx,117,"2012-nově 2021, 2019",,,p. Bílek- 776103590," STRONG 4kVA/3f-30 minut, 40kVA/3F-15 minut","Chrudim, Obce ležáků 166, Senior Garden domov Chrudim",,,,,,,22/26,,,,,,22/25-1x stop stav,,4800,,,,,,,,,,,,,,,,,,,,,,,,,,,,,,,,,,,,,,,,,,,,,,,,,,,,,,,,,,,,,,,,,,,,,,,,2,,,,,"Chrudim, Obce ležáků 166, Senior Garden domov Chrudim, Česká republika","Senior Garden domov Chrudim, Obce ležáků 166, Chrudim, Česká republika"
"Chrudim, Podkopanický mlýn 1135","Chrudim, Podkopanický mlýn 1135","Chrudim, Podkopanický mlýn 1135, Česká republika",STRONG 15kVA/3f 60 min.,STRONG 15kVA/3f 60 min.,pan Lavicky 732 669 922,pan Lavicky 732 669 922,Pardubický,,,2022-01-27,2022-01-27,-1558.0,Po termínu,červená,49.94657,15.79888,OK Mapy.com,,čeká na přesné geokódování,"chrudim, podkopanický mlýn 1135, česká republika",2022-01-27,2022-01-27,-1558.0,Po termínu,červená,2022-01-27 (plánovaná),"Kalendář FZ - 12 měsíců, 2023.xlsx",188,2019,,,,STRONG 15kVA/3f 60 min.,,,27/22,,,,,,,,,,,,,,,,,,,,,,,,,,,,,,,,,,,,,,,,,,,,,,,,,,,,,,,,,,,,,,,,,,,,,,,,,,,,,,,,,,,,,1,"Chrudim, Podkopanický mlýn 1135",,,,"Chrudim, Podkopanický mlýn 1135, Česká republika","Chrudim, Podkopanický mlýn 1135, Česká republika"
"Chrudim, V hliníkách 1483 A a B, BD, jednotky J1 a J2","Chrudim, V hliníkách 1483 A a B, BD, jednotky J1 a J2","BD, V hliníkách 1483 A a B, Chrudim, Česká republika","2 x ASTIP PS Liftback 7,5kVA/3F-5 minut","2 x ASTIP PS Liftback 7,5kVA/3F-5 minut",Papoušek 731 124 061,Papoušek 731 124 061,Pardubický,,,2026-12-04,,214.0,Více než 60 dnů,zelená,49.95673,15.79259,upraveno - znovu geokódovat,,Adresa automaticky upravena pro Mapy.com; spusť znovu geokodér.,"chrudim, v hliníkách 1483 a a b, bd, jednotky j1 a j2, česká republika",,2026-12-04,214.0,Více než 60 dnů,zelená,2026-12-04 (plánovaná); 2027-01-13 (plánovaná),"Kalendář FZ - 12 měsíců, 2023.xlsx",189,2024,,,,"2 x ASTIP PS Liftback 7,5kVA/3F-5 minut",,,13/27-J2,,,,,,,,,,,4/26-1xstop stav 2025,,,,,,,,,,,,,,,,,,,,,,,,,,,,,,,,,,,,,,,,,,,,,,,,,,,,,,,,,,,,,,,,,,,,,,,,,,2,"Chrudim, V hliníkách 1483 A a B, BD, jednotky J1 a J2",,,,"Chrudim, V hliníkách 1483 A a B, BD, jednotky J1 a J2, Česká republika","BD, V hliníkách 1483 A a B, Chrudim, Česká republika"
"Chuchelné, Křížkova 115, koupelny Rebel, BD Kodus","Chuchelné, Křížkova 115, koupelny Rebel, BD Kodus","koupelny Rebel, BD Kodus, Křížkova 115, Chuchelné, Česká republika",ASTIP PS 7500/3f-45 minut,ASTIP PS 7500/3f-45 minut,,,Moravskoslezský,09/2021 -vzít lepidlo na ovlásací panel,09/2021 -vzít lepidlo na ovlásací panel,2026-08-17,2026-02-17,105.0,Více než 60 dnů,zelená,49.99137,18.11799,upraveno - znovu geokódovat,,Adresa automaticky upravena pro Mapy.com; spusť znovu geokodér.,"chuchelné, křížkova 115, koupelny rebel, bd kodus, česká republika",2026-02-17,2026-08-17,105.0,Více než 60 dnů,zelená,2026-02-17 (proběhlá); 2026-08-17 (plánovaná),Kalendář FZ - 6 měsíců.xlsx,118,2017,,,,ASTIP PS 7500/3f-45 minut,"Chuchelné, Křížkova 115, koupelny Rebel, BD Kodus",,,17/26,,,,,,17/26,,,,,,,,,,,,,,,,,,,,,,,,,,,,,,,,,,,,,,,,,,,,,,,,,,,,,,,,,,,,,,,,,,,,,,,,,,,,,,2,,,,,"Chuchelné, Křížkova 115, koupelny Rebel, BD Kodus, Česká republika","koupelny Rebel, BD Kodus, Křížkova 115, Chuchelné, Česká republika"
"Dašice, Křičenského, Mrazírny","Dašice, Křičenského, Mrazírny","Dašice, Křičenského, Mrazírny, Česká republika",PS 40kVA/3f-30 minut-C9 + 50kVA/3F-30 min- C10,PS 40kVA/3f-30 minut-C9 + 50kVA/3F-30 min- C10,Ročeň - 606 045 597,Ročeň - 606 045 597,Pardubický,,,2026-07-08,,65.0,Více než 60 dnů,zelená,50.02637,15.90679,OK Mapy.com,,čeká na přesné geokódování,"dašice, křičenského, mrazírny, česká republika",,2026-07-08,65.0,Více než 60 dnů,zelená,2026-07-08 (plánovaná),"Kalendář FZ - 12 měsíců, 2023.xlsx",148,"2017, 2021",,,,PS 40kVA/3f-30 minut-C9 + 50kVA/3F-30 min- C10,,,,,,,,,8/26,,,,,,,,,,,,,,,,,,,,,,,,,,,,,,,,,,,,,,,,,,,,,,,,,,,,,,,,,,,,,,,,,,,,,,,,,,,,,,,1,"Dašice, Křičenského, Mrazírny",,9500,,"Dašice, Křičenského, Mrazírny, Česká republika","Dašice, Křičenského, Mrazírny, Česká republika"
Dek trade,Dek trade,"Dek trade, Česká republika",ASTIP STRONG 50 000/3f-45 min,ASTIP STRONG 50 000/3f-45 min,Hradec Králové,Hradec Králové,Středočeský,"objednáno, 7.2.2025 - jsme aktualizovali CN","objednáno, 7.2.2025 - jsme aktualizovali CN",2026-05-04,2026-04-14,0.0,Méně než 7 dnů,červená,50.12079,14.52423,OK Mapy.com,,čeká na přesné geokódování,"dek trade, česká republika",2026-04-14,2026-05-04,0.0,Méně než 7 dnů,červená,2025-11-11 (proběhlá); 2026-05-11 (plánovaná) | 2025-11-04 (proběhlá); 2026-05-04 (plánovaná) | 2025-11-15 (proběhlá); 2026-01-13 (proběhlá); 2026-04-08 (proběhlá); 2026-05-15 (plánovaná); 2026-07-13 (plánovaná); 2026-10-08 (plánovaná) | 2024-07-09 (proběhlá); 2025-01-09 (plánovaná) | 2026-04-14 (proběhlá); 2026-10-14 (plánovaná),Kalendář FZ - 6 měsíců.xlsx,75 | 76 | 77 | 78 | 79,2017,ano,ano,Hradec Králové,ASTIP STRONG 50 000/3f-45 min,Dek trade,,13/26-po výměně aku,,,8/26-1X,11/26,,13/26-po výměně aku,,,8/26-1x,11/25,,,,,,,,,,,,,,,,,,,,,,,,,,,,,,,,,,,,,,,,,,,,,,,,,,,,,,,,,,,,,,,,,,,,,,,,,,,14,,,,,"Dek trade, Česká republika","Dek trade, Česká republika"
"Deštné v Orlických horách č.p. 332, William Resort","Deštné v Orlických horách č.p. 332, William Resort","Deštné v Orlických horách . 332, William Resort, Česká republika",STRONG 15kVA/3F -45 minut,STRONG 15kVA/3F -45 minut,DEGA pan Šejvl 777 458 429,DEGA pan Šejvl 777 458 429,Královehradecký,,,2026-06-16,2025-12-16,43.0,30–60 dnů,žlutá,50.30051,16.36402,OK Mapy.com,,čeká na přesné geokódování,"deštné v orlických horách . 332, william resort, česká republika",2025-12-16,2026-06-16,43.0,30–60 dnů,žlutá,2025-12-16 (proběhlá); 2026-06-16 (plánovaná),Kalendář FZ - 6 měsíců.xlsx,80,2019,,,DEGA pan Šejvl 777 458 429,STRONG 15kVA/3F -45 minut,"Deštné v Orlických horách č.p. 332, William Resort",,,,,,,16/26,,,,,,16/25,,,,,,,,,,,,,,,,,,,,,,,,,,,,,,,,,,,,,,,,,,,,,,,,,,,,,,,,,,,,,,,,,,,,,,,,,,2,,,,,"Deštné v Orlických horách . 332, William Resort, Česká republika","Deštné v Orlických horách . 332, William Resort, Česká republika"
"Dlouhá Ves, Hotel Annín","Dlouhá Ves, Hotel Annín","Dlouhá Ves, Hotel Annín, Česká republika",PS 2400/3f,PS 2400/3f,,,Plzeňský,,,,,,Bez termínu,šedá,49.17299,13.5162,OK Mapy.com,,čeká na přesné geokódování,"dlouhá ves, hotel annín, česká republika",,,,Bez termínu,šedá,,"Kalendář FZ - 12 měsíců, 2023.xlsx",149,2012,,,,  PS 2400/3f,,,FZ ukončeny,,,,,,,,,,,,,,,,,,,,,,,,,,,,,,,,,,,,,,,,,,,,,,,,,,,,,,,,,,,,,,,,,,,,,,,,,,,,,,,,,,,,,0,"Dlouhá Ves, Hotel Annín",,,,"Dlouhá Ves, Hotel Annín, Česká republika","Dlouhá Ves, Hotel Annín, Česká republika"
"Dobrošov, pevnost","Dobrošov, pevnost","Dobrošov, pevnost, Česká republika",ASTIP PS 10kVA/3f-45 minut,ASTIP PS 10kVA/3f-45 minut,Mgr. Rajchl 602 250 060,Mgr. Rajchl 602 250 060,Královehradecký,,,2026-08-24,2026-02-24,112.0,Více než 60 dnů,zelená,50.40249,16.20228,OK Mapy.com,,čeká na přesné geokódování,"dobrošov, pevnost, česká republika",2026-02-24,2026-08-24,112.0,Více než 60 dnů,zelená,2026-02-24 (proběhlá); 2026-08-24 (plánovaná),Kalendář FZ - 6 měsíců.xlsx,81,2020,,,Mgr. Rajchl 602 250 060,ASTIP PS 10kVA/3f-45 minut,"Dobrošov, pevnost ",,,24/26,,,,,,24/26,,,,,,,,,,,,,,,,,,,,,,,,,,,,,,,,,,,,,,,,,,,,,,,,,,,,,,,,,,,,,,,,,,,,,,,,,,,,,,2,,,,,"Dobrošov, pevnost, Česká republika","Dobrošov, pevnost, Česká republika"
"Dobřichovice, Anežky České 1119","Dobřichovice, Anežky České 1119","Dobřichovice, Anežky České 1119, Česká republika",2 x PS 20 kVA /3F - 30 min. +2 x PS 1500/3F -10 minut,2 x PS 20 kVA /3F - 30 min. +2 x PS 1500/3F -10 minut,Havlíková 607 024 837,Havlíková 607 024 837,Středočeský,"obj. G - STOP STAV - v.č.: 15070802 , čekáme na vyjádření jejich elektrikáře k možnému přepětí v RPO, v UPS stopy neprůkazné","obj. G - STOP STAV - v.č.: 15070802 , čekáme na vyjádření jejich elektrikáře k možnému přepětí v RPO, v UPS stopy neprůkazné",2026-07-22,2026-04-23,79.0,Více než 60 dnů,zelená,49.92551,14.27103,OK Mapy.com,,čeká na přesné geokódování,"dobřichovice, anežky české 1119, česká republika",2026-04-23,2026-07-22,79.0,Více než 60 dnů,zelená,2025-10-15 (plánovaná); 2026-04-23 (plánovaná); 2026-07-22 (plánovaná),"Kalendář FZ - 12 měsíců, 2023.xlsx",150,"2015, 2 x 2025",,ano,,2 x PS 20 kVA /3F - 30 min. +2 x PS 1500/3F -10 minut,,,,,,23/26-2 x nový + 28/27 -G,,,22/26-J,,,15/25-24-3 x stop stav,,,,,,,,,,,,,,,,,,,,,,,,,,,,,,,,,,,,,,,,,,,,,,,,,,,,,,,,,,,,,,,,,,,,,,,,,,,,3,"Dobřichovice, Anežky České 1119",,,,"Dobřichovice, Anežky České 1119, Česká republika","Dobřichovice, Anežky České 1119, Česká republika"
"Dobříš, U Kodetky 1810, DOOSAN EMEA","Dobříš, U Kodetky 1810, DOOSAN EMEA","Dobříš, U Kodetky 1810, DOOSAN EMEA, Česká republika",STRONG 1000/1F-20 minut,STRONG 1000/1F-20 minut,Glajch 725 873 554,Glajch 725 873 554,Středočeský,,,2026-07-16,,73.0,Více než 60 dnů,zelená,49.79475,14.19134,OK Mapy.com,,čeká na přesné geokódování,"dobříš, u kodetky 1810, doosan emea, česká republika",,2026-07-16,73.0,Více než 60 dnů,zelená,2026-07-16 (plánovaná),"Kalendář FZ - 12 měsíců, 2023.xlsx",151,2022,,,,STRONG 1000/1F-20 minut,,,,,,,,,16/26,,,,,,,,,,,,,,,,,,,,,,,,,,,,,,,,,,,,,,,,,,,,,,,,,,,,,,,,,,,,,,,,,,,,,,,,,,,,,,,1,"Dobříš, U Kodetky 1810, DOOSAN EMEA",,,,"Dobříš, U Kodetky 1810, DOOSAN EMEA, Česká republika","Dobříš, U Kodetky 1810, DOOSAN EMEA, Česká republika"
"Doksy u Kladna, Krátká 572, BD","Doksy u Kladna, Krátká 572, BD","BD, Krátká 572, Doksy u Kladna, Česká republika",ASTIP PS Liftback 7500VA/3F -45 minut,ASTIP PS Liftback 7500VA/3F -45 minut,pan Tatíček 608 972 344,pan Tatíček 608 972 344,Středočeský,,,2027-04-14,,345.0,Více než 60 dnů,zelená,50.57695,15.94856,upraveno - znovu geokódovat,,Adresa automaticky upravena pro Mapy.com; spusť znovu geokodér.,"doksy u kladna, krátká 572, bd, česká republika",,2027-04-14,345.0,Více než 60 dnů,zelená,2027-04-14 (plánovaná),"Kalendář FZ - 12 měsíců, 2023.xlsx",152,2019,,,,ASTIP PS Liftback 7500VA/3F -45 minut,,,,,,14/27,,,,,,,,,,,,,,,,,,,,,,,,,,,,,,,,,,,,,,,,,,,,,,,,,,,,,,,,,,,,,,,,,,,,,,,,,,,,,,,,,,1,"Doksy u Kladna, Krátká 572, BD",,,,"Doksy u Kladna, Krátká 572, BD, Česká republika","BD, Krátká 572, Doksy u Kladna, Česká republika"
"Doksy, Tyršovo náměstí 434, Hotel Grand","Doksy, Tyršovo náměstí 434, Hotel Grand","Doksy, Tyršovo náměstí 434, Hotel Grand, Česká republika",ASTIP STRONG Liftback 10kVA/3F-45 minut,ASTIP STRONG Liftback 10kVA/3F-45 minut,M. Šťastná 487 883 000-1,M. Šťastná 487 883 000-1,Liberecký,,,2025-09-11,2025-03-11,-235.0,Po termínu,červená,50.56771,14.65418,OK Mapy.com,,čeká na přesné geokódování,"doksy, tyršovo náměstí 434, hotel grand, česká republika",2025-03-11,2025-09-11,-235.0,Po termínu,červená,2025-03-11 (proběhlá); 2025-09-11 (plánovaná),Kalendář FZ - 6 měsíců.xlsx,82,2023,ano,,M. Šťastná 487 883 000-1,ASTIP STRONG Liftback 10kVA/3F-45 minut,"Doksy, Tyršovo náměstí 434, Hotel Grand",,,,11/25,,,,,,11/25,,,,,,,,,,,,,,,,,,,,,,,,,,,,,,,,,,,,,,,,,,,,,,,,,,,,,,,,,,,,,,,,,,,,,,,,,,,,,2,,,,,"Doksy, Tyršovo náměstí 434, Hotel Grand, Česká republika","Doksy, Tyršovo náměstí 434, Hotel Grand, Česká republika"
"Dolní Adršpach 1, 549 57 Adršpach-Teplice nad Metují, Hotel Skalní Mlýn","Dolní Adršpach 1, 549 57 Adršpach-Teplice nad Metují, Hotel Skalní Mlýn","Dolní Adršpach 1, 549 57 Adršpach-Teplice nad Metují, Hotel Skalní Mlýn, Česká republika",ASTIP PS 3000VA/3F -30 minut,ASTIP PS 3000VA/3F -30 minut,Kollert 727 800 200,Kollert 727 800 200,,,,2026-04-08,2026-04-08,-26.0,Po termínu,červená,50.60885,16.14824,OK Mapy.com,,čeká na přesné geokódování,"dolní adršpach 1, 549 57 adršpach-teplice nad metují, hotel skalní mlýn, česká republika",2026-04-08,2026-04-08,-26.0,Po termínu,červená,2026-04-08 (plánovaná),Kalendář FZ - 6 měsíců.xlsx,83,2016,,,Kollert 727 800 200,ASTIP PS 3000VA/3F -30 minut," Dolní Adršpach 1, 549 57 Adršpach-Teplice nad Metují, Hotel Skalní Mlýn",,,,,8/26,,,,,,,,,,,,,,,,,,,,,,,,,,,,,,,,,,,,,,,,,,,,,,,,,,,,,,,,,,,,,,,,,,,,,,,,,,,,,,,,,,1,,,,,"Dolní Adršpach 1, 549 57 Adršpach-Teplice nad Metují, Hotel Skalní Mlýn, Česká republika","Dolní Adršpach 1, 549 57 Adršpach-Teplice nad Metují, Hotel Skalní Mlýn, Česká republika"
"Dolní Benešov, Opavská 626, Lena hračky","Dolní Benešov, Opavská 626, Lena hračky","Dolní Benešov, Opavská 626, Lena hračky, Česká republika",ASTIP PS 50kVA/3f - 30 minut,ASTIP PS 50kVA/3f - 30 minut,,,Moravskoslezský,Lena hračky 2.9.2019 -nabídka na výměnu baterií,Lena hračky 2.9.2019 -nabídka na výměnu baterií,,,,Bez termínu,šedá,49.92298,18.09174,OK Mapy.com,,čeká na přesné geokódování,"dolní benešov, opavská 626, lena hračky, česká republika",,,,Bez termínu,šedá,,Kalendář FZ - 6 měsíců.xlsx,84,2015,,,,ASTIP PS 50kVA/3f - 30 minut,"Dolní Benešov, Opavská 626, Lena hračky",,,,,,,,,,,,,,,,,,,,,,,,,,,,,,,,,,,,,,,,,,,,,,,,,,,,,,,,,,,,,,,,,,,,,,,,,,,,,,,,,,,,,,,0,,,,,"Dolní Benešov, Opavská 626, Lena hračky, Česká republika","Dolní Benešov, Opavská 626, Lena hračky, Česká republika"
"Dolní Morava, Horní Morava 10, ubytovna Sněžník","Dolní Morava, Horní Morava 10, ubytovna Sněžník","ubytovna Sněžník, Horní Morava 10, Dolní Morava, Česká republika",ASTIP STRONG 98/20kVA/3F-45 minut,ASTIP STRONG 98/20kVA/3F-45 minut,"Kopa 606 741 982, Složil údržba 776 811 857","Kopa 606 741 982, Složil údržba 776 811 857",,,,2026-05-27,2025-11-27,23.0,7–30 dnů,oranžová,50.15131,16.8114,upraveno - znovu geokódovat,,Adresa automaticky upravena pro Mapy.com; spusť znovu geokodér.,"dolní morava, horní morava 10, ubytovna sněžník, česká republika",2025-11-27,2026-05-27,23.0,7–30 dnů,oranžová,2025-11-27 (proběhlá); 2026-05-27 (plánovaná),Kalendář FZ - 6 měsíců.xlsx,85,2025,,,"Kopa 606 741 982, Složil údržba 776 811 857",ASTIP STRONG 98/20kVA/3F-45 minut,"Dolní Morava, Horní Morava 10, ubytovna Sněžník",,,,,,27/26,,,,,,27/25,,,,,,,,,,,,,,,,,,,,,,,,,,,,,,,,,,,,,,,,,,,,,,,,,,,,,,,,,,,,,,,,,,,,,,,,,,,2,,,,,"Dolní Morava, Horní Morava 10, ubytovna Sněžník, Česká republika","ubytovna Sněžník, Horní Morava 10, Dolní Morava, Česká republika"
"Dolní Poustevna, Vilémovská 259, MaK home textile","Dolní Poustevna, Vilémovská 259, MaK home textile","MaK home textile, Vilémovská 259, Dolní Poustevna, Česká republika","ASTIP STRONG 14/1,5kVA/1F-30 minut","ASTIP STRONG 14/1,5kVA/1F-30 minut",Eva Mocíková 777 710 630,Eva Mocíková 777 710 630,Ústecký,,,2026-03-18,2026-03-18,-47.0,Po termínu,červená,50.98188,14.29751,upraveno - znovu geokódovat,,Adresa automaticky upravena pro Mapy.com; spusť znovu geokodér.,"dolní poustevna, vilémovská 259, mak home textile, česká republika",2026-03-18,2026-03-18,-47.0,Po termínu,červená,2026-03-18 (plánovaná),"Kalendář FZ - 12 měsíců, 2023.xlsx",153,2023,,,,"ASTIP STRONG 14/1,5kVA/1F-30 minut",,,,,18/26,,,,,,,,,,,,,,,,,,,,,,,,,,,,,,,,,,,,,,,,,,,,,,,,,,,,,,,,,,,,,,,,,,,,,,,,,,,,,,,,,,,1,"Dolní Poustevna, Vilémovská 259, MaK home textile",,,,"Dolní Poustevna, Vilémovská 259, MaK home textile, Česká republika","MaK home textile, Vilémovská 259, Dolní Poustevna, Česká republika"
"Dolní Životice,","Dolní Životice,","Dolní Životice, Česká republika",STRONG 30kVA/3f-45 minut,STRONG 30kVA/3f-45 minut,Šimčík - 733 164 562,Šimčík - 733 164 562,Moravskoslezský,"Nová serviska, 2024 proběhla výměna pajšlu v.č. 24100201","Nová serviska, 2024 proběhla výměna pajšlu v.č. 24100201",2026-09-05,2026-03-05,124.0,Více než 60 dnů,zelená,49.89732,17.77969,OK Mapy.com,,čeká na přesné geokódování,"dolní životice, česká republika",2026-03-05,2026-09-05,124.0,Více než 60 dnů,zelená,2026-03-05 (proběhlá); 2026-09-05 (plánovaná),Kalendář FZ - 6 měsíců.xlsx,86,"2015, nově 2024",ano,,Šimčík - 733 164 562, STRONG 30kVA/3f-45 minut,"Dolní Životice,",,,,5/26,,,,,,5/26,,,,,9000,,,,,,,,,,,,,,,,,,,,,,,,,,,,,,,,,,,,,,,,,,,,,,,,,,,,,,,,,,,,,,,,,,,,,,,,2,,,,,"Dolní Životice, Česká republika","Dolní Životice, Česká republika"
"Dubnica nad Váhom, Nám. Matice Slovenskej 4260/33","Dubnica nad Váhom, Nám. Matice Slovenskej 4260/33","Dubnica nad Váhom, Nám. Matice Slovenskej 4260/33, Slovensko",PS LiftBack 15kVA/3F-45 minut,PS LiftBack 15kVA/3F-45 minut,Bednár - OTIS -+421 903 443 359,Bednár - OTIS -+421 903 443 359,Slovensko,"10.3.2025 -šlo na sprava.infinity@gmail.com, 7.3.2025 - posílám na Peter.Hudec….2024-na Otis zaslaná aktualizace a dotaz, pan rybár přeposlal provozovateli, čekáme (vladimir.rybar@otis.com)","10.3.2025 -šlo na sprava.infinity@gmail.com, 7.3.2025 - posílám na Peter.Hudec….2024-na Otis zaslaná aktualizace a dotaz, pan rybár přeposlal provozovateli, čekáme (vladimir.rybar@otis.com)",2022-09-16,2021-01-29,-1326.0,Po termínu,červená,48.95888,18.1733,OK Mapy.com,,čeká na přesné geokódování,"dubnica nad váhom, nám. matice slovenskej 4260/33, slovensko",2021-01-29,2022-09-16,-1326.0,Po termínu,červená,2021-01-29 (proběhlá); 2022-09-16 (plánovaná),Kalendář FZ - 6 měsíců.xlsx,88,2017,,,Bednár - OTIS -+421 903 443 359,PS LiftBack 15kVA/3F-45 minut,"Dubnica nad Váhom, Nám. Matice Slovenskej 4260/33",,29/21,,,,,,,,16/22,,,,,,,,,,,,,,,,,,,,,,,,,,,,,,,,,,,,,,,,,,,,,,,,,,,,,,,,,,,,,,,,,,,,,,,,,,,,,2,,,,,"Dubnica nad Váhom, Nám. Matice Slovenskej 4260/33, Slovensko","Dubnica nad Váhom, Nám. Matice Slovenskej 4260/33, Slovensko"
"Dubí u Kladna, Ke Křížku 1083, BD Icon Park","Dubí u Kladna, Ke Křížku 1083, BD Icon Park","BD Icon Park, Ke Křížku 1083, Dubí u Kladna, Česká republika",ASTIP STRONG 1500VA/1F-45 minut,ASTIP STRONG 1500VA/1F-45 minut,Janeček 736 611 796,Janeček 736 611 796,,,,2027-03-26,,326.0,Více než 60 dnů,zelená,50.16133,14.13476,upraveno - znovu geokódovat,,Adresa automaticky upravena pro Mapy.com; spusť znovu geokodér.,"dubí u kladna, ke křížku 1083, bd icon park, česká republika",,2027-03-26,326.0,Více než 60 dnů,zelená,2027-03-26 (plánovaná),"Kalendář FZ - 12 měsíců, 2023.xlsx",154,2024,,,,ASTIP STRONG 1500VA/1F-45 minut,,,,,26/27,,,,,,,,,,,,,,,,,,,,,,,,,,,,,,,,,,,,,,,,,,,,,,,,,,,,,,,,,,,,,,,,,,,,,,,,,,,,,,,,,,,1,"Dubí u Kladna, Ke Křížku 1083, BD Icon Park",,,,"Dubí u Kladna, Ke Křížku 1083, BD Icon Park, Česká republika","BD Icon Park, Ke Křížku 1083, Dubí u Kladna, Česká republika"
"Dubí u Kladna, Ke Křížku 1084, BD Icon Park","Dubí u Kladna, Ke Křížku 1084, BD Icon Park","BD Icon Park, Ke Křížku 1084, Dubí u Kladna, Česká republika",ASTIP STRONG 1500VA/1F-45 minut,ASTIP STRONG 1500VA/1F-45 minut,Janeček 736 611 796,Janeček 736 611 796,,,,2027-03-26,,326.0,Více než 60 dnů,zelená,50.16139,14.13362,upraveno - znovu geokódovat,,Adresa automaticky upravena pro Mapy.com; spusť znovu geokodér.,"dubí u kladna, ke křížku 1084, bd icon park, česká republika",,2027-03-26,326.0,Více než 60 dnů,zelená,2027-03-26 (plánovaná),"Kalendář FZ - 12 měsíců, 2023.xlsx",155,2024,,,,ASTIP STRONG 1500VA/1F-45 minut,,,,,26/27,,,,,,,,,,,,,,,,,,,,,,,,,,,,,,,,,,,,,,,,,,,,,,,,,,,,,,,,,,,,,,,,,,,,,,,,,,,,,,,,,,,1,"Dubí u Kladna, Ke Křížku 1084, BD Icon Park",,,,"Dubí u Kladna, Ke Křížku 1084, BD Icon Park, Česká republika","BD Icon Park, Ke Křížku 1084, Dubí u Kladna, Česká republika"
"Dubí u Kladna, Ke Křížku 1085, BD Icon Park","Dubí u Kladna, Ke Křížku 1085, BD Icon Park","BD Icon Park, Ke Křížku 1085, Dubí u Kladna, Česká republika",ASTIP STRONG 1500VA/1F-45 minut,ASTIP STRONG 1500VA/1F-45 minut,Janeček 736 611 796,Janeček 736 611 796,,,,2027-03-26,,326.0,Více než 60 dnů,zelená,50.1607,14.13375,upraveno - znovu geokódovat,,Adresa automaticky upravena pro Mapy.com; spusť znovu geokodér.,"dubí u kladna, ke křížku 1085, bd icon park, česká republika",,2027-03-26,326.0,Více než 60 dnů,zelená,2027-03-26 (plánovaná),"Kalendář FZ - 12 měsíců, 2023.xlsx",156,2024,,,,ASTIP STRONG 1500VA/1F-45 minut,,,,,26/27,,,,,,,,,,,,,,,,,,,,,,,,,,,,,,,,,,,,,,,,,,,,,,,,,,,,,,,,,,,,,,,,,,,,,,,,,,,,,,,,,,,1,"Dubí u Kladna, Ke Křížku 1085, BD Icon Park",,,,"Dubí u Kladna, Ke Křížku 1085, BD Icon Park, Česká republika","BD Icon Park, Ke Křížku 1085, Dubí u Kladna, Česká republika"
"Dubí, Ruská 37/130, PDSS","Dubí, Ruská 37/130, PDSS","Dubí, Ruská 37/130, PDSS, Česká republika",ASTIP PS 30kVA/3F-45 minut,ASTIP PS 30kVA/3F-45 minut,Jelínková 778 704 767,Jelínková 778 704 767,Ústecký,Na Výšině 494,Na Výšině 494,2026-03-22,2025-09-22,-43.0,Po termínu,červená,50.67675,13.79138,OK Mapy.com,,čeká na přesné geokódování,"dubí, ruská 37/130, pdss, česká republika",2025-09-22,2026-03-22,-43.0,Po termínu,červená,2025-09-22 (proběhlá); 2026-03-22 (plánovaná),Kalendář FZ - 6 měsíců.xlsx,87,2024,ano,,Jelínková 778 704 767,ASTIP PS 30kVA/3F-45 minut,"Dubí, Ruská 37/130, PDSS",,,,22/26,,,,,,22/25,,,,,,,,,,,,,,,,,,,,,,,,,,,,,,,,,,,,,,,,,,,,,,,,,,,,,,,,,,,,,,,,,,,,,,,,,,,,,2,,,,,"Dubí, Ruská 37/130, PDSS, Česká republika","Dubí, Ruská 37/130, PDSS, Česká republika"
"Filipov, Zámecká 1/25, Alzheimer centrum","Filipov, Zámecká 1/25, Alzheimer centrum","Alzheimer centrum, Zámecká 1/25, Filipov, Česká republika",Astip PS 5 000/3F -30 minut,Astip PS 5 000/3F -30 minut,Šťastná 774 774 014,Šťastná 774 774 014,Středočeský,,,2026-06-02,2025-12-02,29.0,7–30 dnů,oranžová,49.89723,15.42288,upraveno - znovu geokódovat,,Adresa automaticky upravena pro Mapy.com; spusť znovu geokodér.,"filipov, zámecká 1/25, alzheimer centrum, česká republika",2025-12-02,2026-06-02,29.0,7–30 dnů,oranžová,2025-12-02 (proběhlá); 2026-06-02 (plánovaná),Kalendář FZ - 6 měsíců.xlsx,89,2019,,,Šťastná 774 774 014,Astip PS 5 000/3F -30 minut,"Filipov, Zámecká 1/25, Alzheimer centrum",,,,,,,2/26,,,,,,2/25,,,,,,,,,,,,,,,,,,,,,,,,,,,,,,,,,,,,,,,,,,,,,,,,,,,,,,,,,,,,,,,,,,,,,,,,,,2,,,,,"Filipov, Zámecká 1/25, Alzheimer centrum, Česká republika","Alzheimer centrum, Zámecká 1/25, Filipov, Česká republika"
"Františkovy Lázně, Česká 39/1, ZŠ","Františkovy Lázně, Česká 39/1, ZŠ","Františkovy Lázně, Česká 39/1, ZŠ, Česká republika",PS 3000/3f-30 minut,PS 3000/3f-30 minut,Jiřina Fajtrová – 731 151 839,Jiřina Fajtrová – 731 151 839,Karlovarský,ZŠ,ZŠ,2026-02-18,2026-02-18,-75.0,Po termínu,červená,50.12464,12.3432,OK Mapy.com,,čeká na přesné geokódování,"františkovy lázně, česká 39/1, zš, česká republika",2026-02-18,2026-02-18,-75.0,Po termínu,červená,2026-02-18 (plánovaná),"Kalendář FZ - 12 měsíců, 2023.xlsx",157,2020,,,,  PS 3000/3f-30 minut,,,,18/26,,,,,,,,,,,,,,,,,,,,,,,,,,,,,,,,,,,,,,,,,,,,,,,,,,,,,,,,,,,,,,,,,,,,,,,,,,,,,,,,,,,,1,"Františkovy Lázně, Česká 39/1, ZŠ",,,,"Františkovy Lázně, Česká 39/1, ZŠ, Česká republika","Františkovy Lázně, Česká 39/1, ZŠ, Česká republika"
"Frenštát pod Radhoštěm, Horečky 613, penzion EDVARD","Frenštát pod Radhoštěm, Horečky 613, penzion EDVARD","penzion EDVARD, Horečky 613, Frenštát pod Radhoštěm, Česká republika",ASTIP PS 15kVA/3F-45 minut,ASTIP PS 15kVA/3F-45 minut,Parma 608 722 276,Parma 608 722 276,Moravskoslezský,,,2025-01-04,2024-07-04,-485.0,Po termínu,červená,49.54447,18.19349,upraveno - znovu geokódovat,,Adresa automaticky upravena pro Mapy.com; spusť znovu geokodér.,"frenštát pod radhoštěm, horečky 613, penzion edvard, česká republika",2024-07-04,2025-01-04,-485.0,Po termínu,červená,2024-07-04 (proběhlá); 2025-01-04 (plánovaná),Kalendář FZ - 6 měsíců.xlsx,90,2021,,,Parma 608 722 276,ASTIP PS 15kVA/3F-45 minut,"Frenštát pod Radhoštěm, Horečky 613, penzion EDVARD",,4/25,,,,,,4/24,,,,,,,,,,,,,,,,,,,,,,,,,,,,,,,,,,,,,,,,,,,,,,,,,,,,,,,,,,,,,,,,,,,,,,,,,,,,,,,2,,,,,"Frenštát pod Radhoštěm, Horečky 613, penzion EDVARD, Česká republika","penzion EDVARD, Horečky 613, Frenštát pod Radhoštěm, Česká republika"
"Frýdek Místek, Revoluční 1282, DPS","Frýdek Místek, Revoluční 1282, DPS","Frýdek Místek, Revoluční 1282, DPS, Česká republika",ASTIP PS 15kVA-rectifier,ASTIP PS 15kVA-rectifier,"Ing. Hartmann - ředitel, 724 324 969","Ing. Hartmann - ředitel, 724 324 969",Moravskoslezský,2022-Gaudium - nový zdroj,2022-Gaudium - nový zdroj,2026-07-06,2026-01-06,63.0,Více než 60 dnů,zelená,49.68847,18.34534,OK Mapy.com,,čeká na přesné geokódování,"frýdek místek, revoluční 1282, dps, česká republika",2026-01-06,2026-07-06,63.0,Více než 60 dnů,zelená,2026-01-06 (proběhlá); 2026-07-06 (plánovaná),Kalendář FZ - 6 měsíců.xlsx,91,1181203 v.č.,,ano,"Ing. Hartmann - ředitel, 724 324 969",ASTIP PS 15kVA-rectifier,"Frýdek Místek, Revoluční 1282, DPS",,6/26,,,,,,6/26,,,,,,,,,,,,,,,,,,,,,,,,,,,,,,,,,,,,,,,,,,,,,,,,,,,,,,,,,,,,,,,,,,,,,,,,,,,,,,,2,,,,,"Frýdek Místek, Revoluční 1282, DPS, Česká republika","Frýdek Místek, Revoluční 1282, DPS, Česká republika"
"Frýdek-Místek, 17.Listopadu 147","Frýdek-Místek, 17.Listopadu 147","Frýdek-Místek, 17.Listopadu 147, Česká republika",Astip STRONG 20 000/3f-45 minut,Astip STRONG 20 000/3f-45 minut,Bc. Jiří Vančura mobil: 770 167 469,Bc. Jiří Vančura mobil: 770 167 469,Moravskoslezský,,,2025-05-29,2025-11-29,-340.0,Po termínu,červená,49.67941,18.33294,OK Mapy.com,,čeká na přesné geokódování,"frýdek-místek, 17.listopadu 147, česká republika",2025-11-29,2025-05-29,-340.0,Po termínu,červená,2025-05-29 (plánovaná); 2025-11-29 (proběhlá),Kalendář FZ - 6 měsíců.xlsx,92,2017,,ano,Bc. Jiří Vančura mobil: 770 167 469,Astip STRONG 20 000/3f-45 minut,"Frýdek-Místek, 17.Listopadu 147",,,,,,29/25,,,,,,29/25,,,,,,,,,,,,,,,,,,,,,,,,,,,,,,,,,,,,,,,,,,,,,,,,,,,,,,,,,,,,,,,,,,,,,,,,,,,2,,,,,"Frýdek-Místek, 17.Listopadu 147, Česká republika","Frýdek-Místek, 17.Listopadu 147, Česká republika"
"Frýdlant nad Ostravicí, Padlých hrdinů 312","Frýdlant nad Ostravicí, Padlých hrdinů 312","Frýdlant nad Ostravicí, Padlých hrdinů 312, Česká republika",ASTIP PS 20kVA/3f-45 minut,ASTIP PS 20kVA/3f-45 minut,,,Moravskoslezský,,,,,,Bez termínu,šedá,49.59446,18.35706,OK Mapy.com,,čeká na přesné geokódování,"frýdlant nad ostravicí, padlých hrdinů 312, česká republika",,,,Bez termínu,šedá,,Kalendář FZ - 6 měsíců.xlsx,93,2016,,,,ASTIP PS 20kVA/3f-45 minut,"Frýdlant nad Ostravicí, Padlých hrdinů 312",,,,,,,,,,,,,,,,,,,,,,,,,,,,,,,,,,,,,,,,,,,,,,,,,,,,,,,,,,,,,,,,,,,,,,,,,,,,,,,,,,,,,,,0,,,,,"Frýdlant nad Ostravicí, Padlých hrdinů 312, Česká republika","Frýdlant nad Ostravicí, Padlých hrdinů 312, Česká republika"
"Frýdlant, Zámecký dvůr Černousy 50","Frýdlant, Zámecký dvůr Černousy 50","Frýdlant, Zámecký dvůr Černousy 50, Česká republika",ASTIP PS Liftback 7 500/3f-45 min,ASTIP PS Liftback 7 500/3f-45 min,Procházka: +420 777 312 171,Procházka: +420 777 312 171,Liberecký,,,2026-02-26,2025-08-26,-67.0,Po termínu,červená,51.00602,15.05411,OK Mapy.com,,čeká na přesné geokódování,"frýdlant, zámecký dvůr černousy 50, česká republika",2025-08-26,2026-02-26,-67.0,Po termínu,červená,2025-08-26 (proběhlá); 2026-02-26 (plánovaná),Kalendář FZ - 6 měsíců.xlsx,94,2020,,,Procházka: +420 777 312 171,ASTIP PS Liftback 7 500/3f-45 min,"Frýdlant, Zámecký dvůr Černousy 50",,,26/26,,,,,,26/25,,,,,,,,,,,,,,,,,,,,,,,,,,,,,,,,,,,,,,,,,,,,,,,,,,,,,,,,,,,,,,,,,,,,,,,,,,,,,,2,,,,,"Frýdlant, Zámecký dvůr Černousy 50, Česká republika","Frýdlant, Zámecký dvůr Černousy 50, Česká republika"
Harrachov 698,Harrachov 698,"Harrachov 698, Česká republika",ASTIP STRONG 10 kVA/3f-30 minut,ASTIP STRONG 10 kVA/3f-30 minut,Rieger Hubert 777 134 232,Rieger Hubert 777 134 232,Liberecký,"14.3.2023 - dán nový zdroj, pojistná událost","14.3.2023 - dán nový zdroj, pojistná událost",2026-12-04,,214.0,Více než 60 dnů,zelená,50.76887,15.44415,OK Mapy.com,,čeká na přesné geokódování,"harrachov 698, česká republika",,2026-12-04,214.0,Více než 60 dnů,zelená,2026-12-04 (plánovaná),"Kalendář FZ - 12 měsíců, 2023.xlsx",158,"2019 -KO, 2023 new",,,,ASTIP STRONG 10 kVA/3f-30 minut,,,,,,,,,,,,,,4/26,,,,,,,,,,,,,,,,,,,,,,,,,,,,,,,,,,,,,,,,,,,,,,,,,,,,,,,,,,,,,,,,,,,,,,,,,,1,Harrachov 698,,,,"Harrachov 698, Česká republika","Harrachov 698, Česká republika"
"Havlíčkův Brod, Nuselská 3240, ZŠ","Havlíčkův Brod, Nuselská 3240, ZŠ","Havlíčkův Brod, Nuselská 3240, ZŠ, Česká republika",ASTIP STRONG 1500VA/1F -30 minut,ASTIP STRONG 1500VA/1F -30 minut,Beránek - školník 603 863 032,Beránek - školník 603 863 032,Vysočina,,,2026-08-10,2026-02-10,98.0,Více než 60 dnů,zelená,49.6154,15.58099,OK Mapy.com,,čeká na přesné geokódování,"havlíčkův brod, nuselská 3240, zš, česká republika",2026-02-10,2026-08-10,98.0,Více než 60 dnů,zelená,2026-02-10 (proběhlá); 2026-08-10 (plánovaná),Kalendář FZ - 6 měsíců.xlsx,97,2019,,ano,Beránek - školník 603 863 032,ASTIP STRONG 1500VA/1F -30 minut,"Havlíčkův Brod, Nuselská 3240, ZŠ",,,10/26,,,,,,10/26,,,,,,,,,,,,,,,,,,,,,,,,,,,,,,,,,,,,,,,,,,,,,,,,,,,,,,,,,,,,,,,,,,,,,,,,,,,,,,2,,,,,"Havlíčkův Brod, Nuselská 3240, ZŠ, Česká republika","Havlíčkův Brod, Nuselská 3240, ZŠ, Česká republika"
"Havlíčkův Brod, Rozkošská 2322, PN","Havlíčkův Brod, Rozkošská 2322, PN","Havlíčkův Brod, Rozkošská 2322, PN, Česká republika",ASTIP STRONG 10kVA/3F -60 minut,ASTIP STRONG 10kVA/3F -60 minut,Urbancová 736 754 073,Urbancová 736 754 073,Vysočina,,,2026-08-10,2026-02-10,98.0,Více než 60 dnů,zelená,49.61287,15.56361,OK Mapy.com,,čeká na přesné geokódování,"havlíčkův brod, rozkošská 2322, pn, česká republika",2026-02-10,2026-08-10,98.0,Více než 60 dnů,zelená,2026-02-10 (proběhlá); 2026-08-10 (plánovaná),Kalendář FZ - 6 měsíců.xlsx,98,2021,,,Urbancová 736 754 073,ASTIP STRONG 10kVA/3F -60 minut,"Havlíčkův Brod, Rozkošská 2322, PN",,,10/26,,,,,,10/26,,,,,,,,,,,,,,,,,,,,,,,,,,,,,,,,,,,,,,,,,,,,,,,,,,,,,,,,,,,,,,,,,,,,,,,,,,,,,,2,,,,,"Havlíčkův Brod, Rozkošská 2322, PN, Česká republika","Havlíčkův Brod, Rozkošská 2322, PN, Česká republika"
"Havraň 138, Ascorium Most","Havraň 138, Ascorium Most","Havraň 138, Ascorium Most, Česká republika","4 x 4kVA +3 x 7,5kVA +2 zdoje z 2022","4 x 4kVA +3 x 7,5kVA +2 zdoje z 2022",Martin Hotový 725 590 833,Martin Hotový 725 590 833,Ústecký,"21.6.2024 -byl tam Mára Béna s Havelkou, 2 x zdroj mrtvý, zatím nic neřešit, haly se budou asi rušit, čekáme na provozovatele, až ná osloví…","21.6.2024 -byl tam Mára Béna s Havelkou, 2 x zdroj mrtvý, zatím nic neřešit, haly se budou asi rušit, čekáme na provozovatele, až ná osloví…",2025-06-21,2025-06-21,-317.0,Po termínu,červená,50.42312,13.59326,OK Mapy.com,,čeká na přesné geokódování,"havraň 138, ascorium most, česká republika",2025-06-21,2025-06-21,-317.0,Po termínu,červená,2025-06-21 (plánovaná),"Kalendář FZ - 12 měsíců, 2023.xlsx",159,"2019, 2020,2022",,,," 4 x 4kVA +3 x 7,5kVA +2 zdoje z 2022",,,,,,,,21/25,,,,,,,,,,,,,,,,,,,,,,,,,,,,,,,,,,,,,,,,,,,,,,,,,,,,,,,,,,,,,,,,,,,,,,,,,,,,,,,,1,"Havraň 138, Ascorium Most",,,,"Havraň 138, Ascorium Most, Česká republika","Havraň 138, Ascorium Most, Česká republika"
"Havraň, Prům. zona Joseph, Fibraň","Havraň, Prům. zona Joseph, Fibraň","Prům. zona Joseph, Fibraň, Havraň, Česká republika","STRONG 7,5kVA + 1 kVA","STRONG 7,5kVA + 1 kVA",Kotek 771 256 557,Kotek 771 256 557,Ústecký,,,2025-06-21,2025-06-21,-317.0,Po termínu,červená,50.42544,13.58853,upraveno - znovu geokódovat,,Adresa automaticky upravena pro Mapy.com; spusť znovu geokodér.,"havraň, prům. zona joseph, fibraň, česká republika",2025-06-21,2025-06-21,-317.0,Po termínu,červená,2025-06-21 (plánovaná),"Kalendář FZ - 12 měsíců, 2023.xlsx",160,2022,,,,"STRONG 7,5kVA + 1 kVA",,,,,,,,21/25,,,,,,,,,,,,,,,,,,,,,,,,,,,,,,,,,,,,,,,,,,,,,,,,,,,,,,,,,,,,,,,,,,,,,,,,,,,,,,,,1,"Havraň, Prům. zona Joseph, Fibraň",,,,"Havraň, Prům. zona Joseph, Fibraň, Česká republika","Prům. zona Joseph, Fibraň, Havraň, Česká republika"
"Havířov, MERKUR B, Okrajová 1635-4b, BD","Havířov, MERKUR B, Okrajová 1635-4b, BD","MERKUR B, BD, Okrajová 1635-4b, Havířov, Česká republika",ASTIP STRONG 43kVA/10kVA/3F-45 minut,ASTIP STRONG 43kVA/10kVA/3F-45 minut,Szkandera 733 572 601,Szkandera 733 572 601,Moravskoslezský,,,2027-02-19,,291.0,Více než 60 dnů,zelená,48.98083,14.47142,upraveno - znovu geokódovat,,Adresa automaticky upravena pro Mapy.com; spusť znovu geokodér.,"havířov, merkur b, okrajová 1635-4b, bd, česká republika",,2027-02-19,291.0,Více než 60 dnů,zelená,2027-02-19 (plánovaná),"Kalendář FZ - 12 měsíců, 2023.xlsx",161,2025,,,,ASTIP STRONG 43kVA/10kVA/3F-45 minut,,,,19/27,,,,,,,,,,,,,,,,,,,,,,,,,,,,,,,,,,,,,,,,,,,,,,,,,,,,,,,,,,,,,,,,,,,,,,,,,,,,,,,,,,,,1,"Havířov, MERKUR B, Okrajová 1635-4b, BD",,,,"Havířov, MERKUR B, Okrajová 1635-4b, BD, Česká republika","MERKUR B, BD, Okrajová 1635-4b, Havířov, Česká republika"
"Havířov, parc. 251/4 -stavba 1635","Havířov, parc. 251/4 -stavba 1635","parc. 251/4 -stavba 1635, Havířov, Česká republika",ASTIP STRONG 42kVA/10kVA/3F -45 minut,ASTIP STRONG 42kVA/10kVA/3F -45 minut,Marek Kufa 605 201 005,Marek Kufa 605 201 005,Moravskoslezský,1. revize rok 2026,1. revize rok 2026,2026-06-06,,33.0,30–60 dnů,žlutá,50.22728,12.87899,upraveno - znovu geokódovat,,Adresa automaticky upravena pro Mapy.com; spusť znovu geokodér.,"havířov, parc. 251/4 -stavba 1635, česká republika",,2026-06-06,33.0,30–60 dnů,žlutá,2026-06-06 (plánovaná),"Kalendář FZ - 12 měsíců, 2023.xlsx",162,2025,ano,,,ASTIP STRONG 42kVA/10kVA/3F -45 minut,,,,,,,,6/26,,,,,,,,,,,,,,,,,,,,,,,,,,,,,,,,,,,,,,,,,,,,,,,,,,,,,,,,,,,,,,,,,,,,,,,,,,,,,,,,1,"Havířov, parc. 251/4 -stavba 1635",,,,"Havířov, parc. 251/4 -stavba 1635, Česká republika","parc. 251/4 -stavba 1635, Havířov, Česká republika"
"Havířov, Sanatorium Kochova 817/5","Havířov, Sanatorium Kochova 817/5","Sanatorium Kochova 817/5, Sanatorium Kochova 817/5, Česká republika",PS 30kVA/3F-45minut,PS 30kVA/3F-45minut,"p. Kocourek, 739 859 484","p. Kocourek, 739 859 484",Moravskoslezský,Příští FZ 5/19 dodat Provozní Knihu,Příští FZ 5/19 dodat Provozní Knihu,,,,Bez termínu,šedá,49.77985,18.43688,OK final,,"Dotaz zjednodušen na ulici/číslo + město + ČR/SR, bez názvů objektů.","havířov, sanatorium kochova 817/5, česká republika",,,,Bez termínu,šedá,,Kalendář FZ - 6 měsíců.xlsx,95,2017,,,"p. Kocourek, 739 859 484",PS 30kVA/3F-45minut,"Havířov, Sanatorium Kochova 817/5",,,,,,,,,,,,,,,7500,,,,,,,,,,,,,,,,,,,,,,,,,,,,,,,,,,,,,,,,,,,,,,,,,,,,,,,,,,,,,,,,,,,,,,,,0,,,,,"Havířov, Sanatorium Kochova 817/5, Česká republika","Sanatorium Kochova 817/5, Havířov, Česká republika"
"Havířov, U Hřiště, Hotel Impuls","Havířov, U Hřiště, Hotel Impuls","Havířov, U Hřiště, Hotel Impuls, Česká republika",PS 15 000/f - 45min,PS 15 000/f - 45min,Jozef Migaš 724 390 390,Jozef Migaš 724 390 390,Moravskoslezský,"7.3.2025 - znovu zasílám dotaz  - 2024- zaslána aktualizace CN mailem, Hotel Impuls","7.3.2025 - znovu zasílám dotaz  - 2024- zaslána aktualizace CN mailem, Hotel Impuls",2022-06-21,2022-06-21,-1413.0,Po termínu,červená,49.79671,18.45506,OK Mapy.com,,čeká na přesné geokódování,"havířov, u hřiště, hotel impuls, česká republika",2022-06-21,2022-06-21,-1413.0,Po termínu,červená,2022-06-21 (plánovaná),Kalendář FZ - 6 měsíců.xlsx,96,2019,,,Jozef Migaš 724 390 390,PS 15 000/f - 45min ,"Havířov, U Hřiště, Hotel Impuls",,,,,,,21/22,,,,,,,,,,,,,,,,,,,,,,,,,,,,,,,,,,,,,,,,,,,,,,,,,,,,,,,,,,,,,,,,,,,,,,,,,,,,,,,,1,,,,,"Havířov, U Hřiště, Hotel Impuls, Česká republika","Havířov, U Hřiště, Hotel Impuls, Česká republika"
"Heřmanice v Podještědí, sklad Kobryn","Heřmanice v Podještědí, sklad Kobryn","sklad Kobryn, Česká republika",ASTIP STRONG 2000VA/1F-30 minut,ASTIP STRONG 2000VA/1F-30 minut,Štichhauerová 602 212 105,Štichhauerová 602 212 105,Liberecký,,,2025-04-18,2025-04-18,-381.0,Po termínu,červená,50.79474,14.72365,OK final,,"Dotaz zjednodušen na ulici/číslo + město + ČR/SR, bez názvů objektů.","heřmanice v podještědí, sklad kobryn, česká republika",2025-04-18,2025-04-18,-381.0,Po termínu,červená,2025-04-18 (plánovaná),"Kalendář FZ - 12 měsíců, 2023.xlsx",163,2016,,,,ASTIP STRONG 2000VA/1F-30 minut,,,,,,18/25,,,,,,,,,,,,,,,,,,,,,,,,,,,,,,,,,,,,,,,,,,,,,,,,,,,,,,,,,,,,,,,,,,,,,,,,,,,,,,,,,,1,"Heřmanice v Podještědí, sklad Kobryn",,,,"Heřmanice v Podještědí, sklad Kobryn, Česká republika","sklad Kobryn, Heřmanice v Podještědí, Česká republika"
"Hlohovec u Břeclavi, K Zámečku 16","Hlohovec u Břeclavi, K Zámečku 16","Hlohovec u Břeclavi, K Zámečku 16, Česká republika",ASTIP PS 20 000/3f-45 minut,ASTIP PS 20 000/3f-45 minut,Jaroslava Malcová 734 165 777,Jaroslava Malcová 734 165 777,Jihomoravský,7.3.2025 -posaláno ..2024 -poslaná aktualizace Cn  - Chateau de Frontiere / Hraniční zámeček,7.3.2025 -posaláno ..2024 -poslaná aktualizace Cn  - Chateau de Frontiere / Hraniční zámeček,2023-07-10,2023-01-16,-1029.0,Po termínu,červená,48.78044,16.75799,OK Mapy.com,,čeká na přesné geokódování,"hlohovec u břeclavi, k zámečku 16, česká republika",2023-01-16,2023-07-10,-1029.0,Po termínu,červená,2023-01-16 (proběhlá); 2023-07-10 (plánovaná),Kalendář FZ - 6 měsíců.xlsx,99,2019,ano,,Jaroslava Malcová 734 165 777,ASTIP PS 20 000/3f-45 minut,"Hlohovec u Břeclavi, K Zámečku 16",,16/23,,,,,,10/23,,,,,,,,,,,,,,,,,,,,,,,,,,,,,,,,,,,,,,,,,,,,,,,,,,,,,,,,,,,,,,,,,,,,,,,,,,,,,,,2,,,,,"Hlohovec u Břeclavi, K Zámečku 16, Česká republika","Hlohovec u Břeclavi, K Zámečku 16, Česká republika"
"Hluk, Závdní 1007, AUTOPAL","Hluk, Závdní 1007, AUTOPAL","Hluk, Závdní 1007, AUTOPAL, Česká republika",ASTIP STRONG 3000/1f-15 minut,ASTIP STRONG 3000/1f-15 minut,Pan Křížek 739 344 715,Pan Křížek 739 344 715,Zlínský,,,2025-10-08,2025-10-08,-208.0,Po termínu,červená,48.98158,17.53833,OK Mapy.com,,čeká na přesné geokódování,"hluk, závdní 1007, autopal, česká republika",2025-10-08,2025-10-08,-208.0,Po termínu,červená,2025-10-08 (plánovaná),Kalendář FZ - 6 měsíců.xlsx,100,2021,,,Pan Křížek 739 344 715,ASTIP STRONG 3000/1f-15 minut,"Hluk, Závdní 1007, AUTOPAL",,,,,,,,,,,8/25,,,,,,,,,,,,,,,,,,,,,,,,,,,,,,,,,,,,,,,,,,,,,,,,,,,,,,,,,,,,,,,,,,,,,,,,,,,,1,,,,,"Hluk, Závdní 1007, AUTOPAL, Česká republika","Hluk, Závdní 1007, AUTOPAL, Česká republika"
"Hodonín, Koupelní 1","Hodonín, Koupelní 1","Hodonín, Koupelní 1, Česká republika",PS 20 000/3f + RPO,PS 20 000/3f + RPO,"Kubrický - 702 121 533, Kubrická 739 456 653","Kubrický - 702 121 533, Kubrická 739 456 653",Jihomoravský,"24.4.2024 -paní Kubrická - vyměnili si sami AKU, mají na servis jinou firmu, od nás nic nechtějí...Kubrický řekl, že je vše vyřešeno a nic od nás nepotřebují, Kubrická nebere, vytípává... 2024 -zaslaná aktualizace CN","24.4.2024 -paní Kubrická - vyměnili si sami AKU, mají na servis jinou firmu, od nás nic nechtějí...Kubrický řekl, že je vše vyřešeno a nic od nás nepotřebují, Kubrická nebere, vytípává... 2024 -zaslaná aktualizace CN",,2022-05-24,,Bez termínu,šedá,48.84578,17.1291,OK Mapy.com,,čeká na přesné geokódování,"hodonín, koupelní 1, česká republika",2022-05-24,,,Bez termínu,šedá,2022-05-24 (proběhlá); 2022-12-13 (nezjištěno),Kalendář FZ - 6 měsíců.xlsx,101,2018,,,"Kubrický - 702 121 533, Kubrická 739 456 653",PS 20 000/3f + RPO,"Hodonín, Koupelní 1",,,,,,24/22,,,,,,,13/22,,,,,,,,,,,,,,,,,,,,,,,,,,,,,,,,,,,,,,,,,,,,,,,,,,,,,,,,,,,,,,,,,,,,,,,,,,2,,,,,"Hodonín, Koupelní 1, Česká republika","Hodonín, Koupelní 1, Česká republika"
"Hodonín, Národní Třída 12, tržnice Radost","Hodonín, Národní Třída 12, tržnice Radost","tržnice Radost, Národní Třída 12, Hodonín, Česká republika",Astip PS 20 000/3f-30 minut + RPO,Astip PS 20 000/3f-30 minut + RPO,Do Ngoc Diep - 778 020 868,Do Ngoc Diep - 778 020 868,Jihomoravský,,,2026-03-30,2025-09-30,-35.0,Po termínu,červená,49.77798,18.43339,upraveno - znovu geokódovat,,Adresa automaticky upravena pro Mapy.com; spusť znovu geokodér.,"hodonín, národní třída 12, tržnice radost, česká republika",2025-09-30,2026-03-30,-35.0,Po termínu,červená,2025-09-30 (proběhlá); 2026-03-30 (plánovaná),Kalendář FZ - 6 měsíců.xlsx,102,2018,ano,,Do Ngoc Diep - 778 020 868,Astip PS 20 000/3f-30 minut + RPO,"Hodonín, Národní Třída 12, tržnice Radost",,,,30/26,,,,,,30/25,,,,,,,,,,,,,,,,,,,,,,,,,,,,,,,,,,,,,,,,,,,,,,,,,,,,,,,,,,,,,,,,,,,,,,,,,,,,,2,,,,,"Hodonín, Národní Třída 12, tržnice Radost, Česká republika","tržnice Radost, Národní Třída 12, Hodonín, Česká republika"
"Hodonín, Purkyňova 11, nemocnice TGM","Hodonín, Purkyňova 11, nemocnice TGM","Hodonín, Purkyňova 11, nemocnice TGM, Česká republika",PS 15kVA/3f - 7min.,PS 15kVA/3f - 7min.,Morčík - 775 972 722,Morčík - 775 972 722,Jihomoravský,,,2026-09-11,2026-03-11,130.0,Více než 60 dnů,zelená,48.86425,17.145,OK Mapy.com,,čeká na přesné geokódování,"hodonín, purkyňova 11, nemocnice tgm, česká republika",2026-03-11,2026-09-11,130.0,Více než 60 dnů,zelená,2026-03-11 (proběhlá); 2026-09-11 (plánovaná),Kalendář FZ - 6 měsíců.xlsx,103,2016,,,Morčík - 775 972 722,PS 15kVA/3f - 7min.,"Hodonín, Purkyňova 11, nemocnice TGM",,,,11/26,,,,,,11/26,,,,,,,,,,,,,,,,,,,,,,,,,,,,,,,,,,,,,,,,,,,,,,,,,,,,,,,,,,,,,,,,,,,,,,,,,,,,,2,,,,,"Hodonín, Purkyňova 11, nemocnice TGM, Česká republika","Hodonín, Purkyňova 11, nemocnice TGM, Česká republika"
"Hodonín, Třída bratří Čapků 3273_1","Hodonín, Třída bratří Čapků 3273_1","Hodonín, Třída bratří Čapků 3273/1, Česká republika",Astip PS 8000/3f-45 minut,Astip PS 8000/3f-45 minut,"Vladimíra Křížková, ředitelka, 606 789 079, 531 010 260","Vladimíra Křížková, ředitelka, 606 789 079, 531 010 260",Jihomoravský,"3.3.2026 -dodán nový zdroj PS 20kVA/3F-45 minut, v.č. 25112501","3.3.2026 -dodán nový zdroj PS 20kVA/3F-45 minut, v.č. 25112501",2025-11-05,2025-05-05,-180.0,Po termínu,červená,48.85358,17.10913,OK Mapy.com,,čeká na přesné geokódování,"hodonín, třída bratří čapků 3273/1, česká republika",2025-05-05,2025-11-05,-180.0,Po termínu,červená,2025-05-05 (proběhlá); 2025-11-05 (plánovaná),Kalendář FZ - 6 měsíců.xlsx,104,2013,,poznámka,"Vladimíra Křížková, ředitelka, 606 789 079, 531 010 260",Astip PS 8000/3f-45 minut,"Hodonín, Třída bratří Čapků 3273_1",,,,,,5/25,,,,,,5/25,,,,,,,,,,,,,,,,,,,,,,,,,,,,,,,,,,,,,,,,,,,,,,,,,,,,,,,,,,,,,,,,,,,,,,,,,,,2,,,,,"Hodonín, Třída bratří Čapků 3273/1, Česká republika","Hodonín, Třída bratří Čapků 3273/1, Česká republika"
"Hodonín, Willsonova 5","Hodonín, Willsonova 5","Hodonín, Willsonova 5, Česká republika",PS 15 kVA/3F - 45minut,PS 15 kVA/3F - 45minut,Koníček 725 995 965,Koníček 725 995 965,Jihomoravský,Hrouzek Beta Cotrol 734238045,Hrouzek Beta Cotrol 734238045,2026-09-11,2026-03-11,130.0,Více než 60 dnů,zelená,48.85659,17.12325,OK Mapy.com,,čeká na přesné geokódování,"hodonín, willsonova 5, česká republika",2026-03-11,2026-09-11,130.0,Více než 60 dnů,zelená,2026-03-11 (proběhlá); 2026-09-11 (plánovaná),Kalendář FZ - 6 měsíců.xlsx,105,2016,,,Koníček 725 995 965,PS 15 kVA/3F - 45minut,"Hodonín, Willsonova 5",,,,11/26,,,,,,11/26,,,,,6500,Beta Control,Beta Cotrol,,,,,,,,,,,,,,,,,,,,,,,,,,,,,,,,,,,,,,,,,,,,,,,,,,,,,,,,,,,,,,,,,,,,,,2,,,,,"Hodonín, Willsonova 5, Česká republika","Hodonín, Willsonova 5, Česká republika"
"Holešov, Masarykova 655, Panský pivovar","Holešov, Masarykova 655, Panský pivovar","Holešov, Masarykova 655, Panský pivovar, Česká republika",ASTIP PS LIFTBACK 7500VA/3F-45 minut,ASTIP PS LIFTBACK 7500VA/3F-45 minut,Vratislav Kaňa 721 467 747,Vratislav Kaňa 721 467 747,Zlínský,,,2026-09-10,2026-03-10,129.0,Více než 60 dnů,zelená,49.33094,17.58287,OK Mapy.com,,čeká na přesné geokódování,"holešov, masarykova 655, panský pivovar, česká republika",2026-03-10,2026-09-10,129.0,Více než 60 dnů,zelená,2026-03-10 (proběhlá); 2026-09-10 (plánovaná),Kalendář FZ - 6 měsíců.xlsx,106,2020,,,Vratislav Kaňa 721 467 747,ASTIP PS LIFTBACK 7500VA/3F-45 minut,"Holešov, Masarykova 655, Panský pivovar",,,,10/26,,,,,,10/26,,,,,,,,,,,,,,,,,,,,,,,,,,,,,,,,,,,,,,,,,,,,,,,,,,,,,,,,,,,,,,,,,,,,,,,,,,,,,2,,,,,"Holešov, Masarykova 655, Panský pivovar, Česká republika","Holešov, Masarykova 655, Panský pivovar, Česká republika"
"Horní Adršpach, Continental","Horní Adršpach, Continental","Horní Adršpach, Continental, Česká republika",PBZ HARD 1000VA/3F-30 minut,PBZ HARD 1000VA/3F-30 minut,Hornych 724 963 111,Hornych 724 963 111,Královehradecký,,,2024-11-30,2024-05-31,-520.0,Po termínu,červená,50.62354,16.08045,OK Mapy.com,,čeká na přesné geokódování,"horní adršpach, continental, česká republika",2024-05-31,2024-11-30,-520.0,Po termínu,červená,2024-05-31 (proběhlá); 2024-11-30 (plánovaná),Kalendář FZ - 6 měsíců.xlsx,107,2019,,,Hornych 724 963 111,PBZ HARD 1000VA/3F-30 minut,"Horní Adršpach, Continental",,,,,,31/24,,,,,,30/24,,,,,,,,,,,,,,,,,,,,,,,,,,,,,,,,,,,,,,,,,,,,,,,,,,,,,,,,,,,,,,,,,,,,,,,,,,,2,,,,,"Horní Adršpach, Continental, Česká republika","Horní Adršpach, Continental, Česká republika"
"Horní Cerekev, ZŠ","Horní Cerekev, ZŠ","Horní Cerekev, ZŠ, Česká republika",PS 2000/1f-30 minut,PS 2000/1f-30 minut,Herna 607 887 131,Herna 607 887 131,Vysočina,,,2026-12-09,,219.0,Více než 60 dnů,zelená,49.32221,15.3242,OK Mapy.com,,čeká na přesné geokódování,"horní cerekev, zš, česká republika",,2026-12-09,219.0,Více než 60 dnů,zelená,2026-12-09 (plánovaná),"Kalendář FZ - 12 měsíců, 2023.xlsx",164,"2015-KO, nový 2023",ano,,,  PS 2000/1f-30 minut,,,,,,,,,,,,,,9/26,,,,,,,,,,,,,,,,,,,,,,,,,,,,,,,,,,,,,,,,,,,,,,,,,,,,,,,,,,,,,,,,,,,,,,,,,,1,"Horní Cerekev, ZŠ",,,,"Horní Cerekev, ZŠ, Česká republika","Horní Cerekev, ZŠ, Česká republika"
"Horní Lideč, Trezor přírody","Horní Lideč, Trezor přírody","Horní Lideč, Trezor přírody, Česká republika",ASTIP STRONG 5000/1F -45 minut,ASTIP STRONG 5000/1F -45 minut,Petřík 734 360 647,Petřík 734 360 647,Zlínský,,,2024-11-21,2024-11-21,-529.0,Po termínu,červená,49.18856,18.05599,OK Mapy.com,,čeká na přesné geokódování,"horní lideč, trezor přírody, česká republika",2024-11-21,2024-11-21,-529.0,Po termínu,červená,2024-11-21 (plánovaná),"Kalendář FZ - 12 měsíců, 2023.xlsx",165,2021,,,,ASTIP STRONG 5000/1F -45 minut,,,,,,,,,,,,,21/24,,,,,,,,,,,,,,,,,,,,,,,,,,,,,,,,,,,,,,,,,,,,,,,,,,,,,,,,,,,,,,,,,,,,,,,,,,,1,"Horní Lideč, Trezor přírody",,,,"Horní Lideč, Trezor přírody, Česká republika","Horní Lideč, Trezor přírody, Česká republika"
"Horšovský Týn, Průmyslová 290","Horšovský Týn, Průmyslová 290","Horšovský Týn, Průmyslová 290, Česká republika","PS 75 000/3f 30,60min.","PS 75 000/3f 30,60min.",Weberová - 373738-866,Weberová - 373738-866,Plzeňský,INFO VE SLOŽCE - KE KOORDINAČCE,INFO VE SLOŽCE - KE KOORDINAČCE,2026-12-16,,226.0,Více než 60 dnů,zelená,49.53896,12.92467,OK Mapy.com,,čeká na přesné geokódování,"horšovský týn, průmyslová 290, česká republika",,2026-12-16,226.0,Více než 60 dnů,zelená,2026-12-16 (plánovaná),"Kalendář FZ - 12 měsíců, 2023.xlsx",166,2018,ano,,,"PS 75 000/3f 30,60min.",,,,,,,KOORDINAČKA MERCOR ČERVENEC 2026,,,,,,,16/26,,,,,,,,,,,,,,,,,,,,,,,,,,,,,,,,,,,,,,,,,,,,,,,,,,,,,,,,,,,,,,,,,,,,,,,,,,1,"Horšovský Týn, Průmyslová 290",,,,"Horšovský Týn, Průmyslová 290, Česká republika","Horšovský Týn, Průmyslová 290, Česká republika"
"Hostivice, Ječná 1879","Hostivice, Ječná 1879","Hostivice, Ječná 1879, Česká republika","PS 50 000/3f – 15,45min.","PS 50 000/3f – 15,45min.",Beitl - 724 513 024,Beitl - 724 513 024,Středočeský,,,2026-09-09,,128.0,Více než 60 dnů,zelená,50.06007,14.24693,OK Mapy.com,,čeká na přesné geokódování,"hostivice, ječná 1879, česká republika",,2026-09-09,128.0,Více než 60 dnů,zelená,2026-09-09 (plánovaná),"Kalendář FZ - 12 měsíců, 2023.xlsx",168,2019,,,,"PS 50 000/3f – 15,45min.",,,,,,,,,,,9/26,,,,,,,,,,,,,,,,,,,,,,,,,,,,,,,,,,,,,,,,,,,,,,,,,,,,,,,,,,,,,,,,,,,,,,,,,,,,,1,"Hostivice, Ječná 1879",,,,"Hostivice, Ječná 1879, Česká republika","Hostivice, Ječná 1879, Česká republika"
"Hořovice, Masarykova 1404, Saint Gobain","Hořovice, Masarykova 1404, Saint Gobain","Hořovice, Masarykova 1404, Saint Gobain, Česká republika",PS 15KVA/3f - 15 min.,PS 15KVA/3f - 15 min.,,,Středočeský,?????,?????,,2021-04-16,,Bez termínu,šedá,49.83069,13.87931,OK Mapy.com,,čeká na přesné geokódování,"hořovice, masarykova 1404, saint gobain, česká republika",2021-04-16,,,Bez termínu,šedá,2021-04-16 (proběhlá),"Kalendář FZ - 12 měsíců, 2023.xlsx",167,2015,,,,PS 15KVA/3f - 15 min.,,,,,,16/21,,,,,,,,,,,,,,,,,,,,,,,,,,,,,,,,,,,,,,,,,,,,,,,,,,,,,,,,,,,,,,,,,,,,,,,,,,,,,,,,,,1,"Hořovice, Masarykova 1404, Saint Gobain",,,,"Hořovice, Masarykova 1404, Saint Gobain, Česká republika","Hořovice, Masarykova 1404, Saint Gobain, Česká republika"
"Hrachov 77, Svatý Jan, RD","Hrachov 77, Svatý Jan, RD","Svatý Jan, RD, Hrachov 77, Česká republika",ASTIP STRONG 5kVA/1F -12 hodin,ASTIP STRONG 5kVA/1F -12 hodin,Kuba Chaloupecký 722 921 208,Kuba Chaloupecký 722 921 208,Středočeský,,,2026-09-25,,144.0,Více než 60 dnů,zelená,49.96891,14.13316,upraveno - znovu geokódovat,,Adresa automaticky upravena pro Mapy.com; spusť znovu geokodér.,"hrachov 77, svatý jan, rd, česká republika",,2026-09-25,144.0,Více než 60 dnů,zelená,2026-09-25 (plánovaná),"Kalendář FZ - 12 měsíců, 2023.xlsx",176,2023,,,,ASTIP STRONG 5kVA/1F -12 hodin,,,,,,,,,,,25/26,,,,,,,,,,,,,,,,,,,,,,,,,,,,,,,,,,,,,,,,,,,,,,,,,,,,,,,,,,,,,,,,,,,,,,,,,,,,,1,"Hrachov 77, Svatý Jan, RD",,,,"Hrachov 77, Svatý Jan, RD, Česká republika","Svatý Jan, RD, Hrachov 77, Česká republika"
"Hradec Králove, U Mostku 182, Dr. Muller Pharma","Hradec Králove, U Mostku 182, Dr. Muller Pharma","Hradec Králove, U Mostku 182, Dr. Muller Pharma, Česká republika",STRONG 1000/1f,STRONG 1000/1f,Pytlík 605 882 676,Pytlík 605 882 676,Královehradecký,smlouva podepsána,smlouva podepsána,2026-07-08,,65.0,Více než 60 dnů,zelená,50.22404,15.84728,OK Mapy.com,,čeká na přesné geokódování,"hradec králove, u mostku 182, dr. muller pharma, česká republika",,2026-07-08,65.0,Více než 60 dnů,zelená,2026-07-08 (plánovaná),"Kalendář FZ - 12 měsíců, 2023.xlsx",175,2019,ano,,,STRONG 1000/1f,,,,,,,,,8/26,,,,,,,,,,,,,,,,,,,,,,,,,,,,,,,,,,,,,,,,,,,,,,,,,,,,,,,,,,,,,,,,,,,,,,,,,,,,,,,1,"Hradec Králove, U Mostku 182, Dr. Muller Pharma",,,,"Hradec Králove, U Mostku 182, Dr. Muller Pharma, Česká republika","Hradec Králove, U Mostku 182, Dr. Muller Pharma, Česká republika"
"Hradec Králové, Březhradská 204, AHOLD","Hradec Králové, Březhradská 204, AHOLD","Hradec Králové, Březhradská 204, AHOLD, Česká republika","R-SOZ-1, R-SOZ-2","R-SOZ-1, R-SOZ-2",,,Královehradecký,,,,2021-04-01,,Bez termínu,šedá,50.17662,15.79902,OK Mapy.com,,čeká na přesné geokódování,"hradec králové, březhradská 204, ahold, česká republika",2021-04-01,,,Bez termínu,šedá,2021-04-01 (proběhlá),"Kalendář FZ - 12 měsíců, 2023.xlsx",169,bez,,,,"R-SOZ-1, R-SOZ-2",,,,,,1/21,,,,,,,,,,,,,,,,,,,,,,,,,,,,,,,,,,,,,,,,,,,,,,,,,,,,,,,,,,,,,,,,,,,,,,,,,,,,,,,,,,1,"Hradec Králové, Březhradská 204, AHOLD",,15000,,"Hradec Králové, Březhradská 204, AHOLD, Česká republika","Hradec Králové, Březhradská 204, AHOLD, Česká republika"
"Hradec Králové, Heyrovského 1213","Hradec Králové, Heyrovského 1213","Hradec Králové, Heyrovského 1213, Česká republika","2 x PS 20 kVA/3F -10 minut, 1 x PS 7,5 kVA/3F -10 minut","2 x PS 20 kVA/3F -10 minut, 1 x PS 7,5 kVA/3F -10 minut",Rejchrt 602 790 359,Rejchrt 602 790 359,Královehradecký,,,2026-08-31,,119.0,Více než 60 dnů,zelená,50.20197,15.83785,OK Mapy.com,,čeká na přesné geokódování,"hradec králové, heyrovského 1213, česká republika",,2026-08-31,119.0,Více než 60 dnů,zelená,2026-08-31 (plánovaná),"Kalendář FZ - 12 měsíců, 2023.xlsx",171,2019,ano,,,"2 x PS 20 kVA/3F -10 minut, 1 x PS 7,5 kVA/3F -10 minut",,,,,,,,,,31/26,,,,,,,,,,,,,,,,,,,,,,,,,,,,,,,,,,,,,,,,,,,,,,,,,,,,,,,,,,,,,,,,,,,,,,,,,,,,,,1,"Hradec Králové, Heyrovského 1213",,,,"Hradec Králové, Heyrovského 1213, Česká republika","Hradec Králové, Heyrovského 1213, Česká republika"
"Hradec Králové, Jana Koziny 1237, biskupské gymnázium","Hradec Králové, Jana Koziny 1237, biskupské gymnázium","biskupské gymnázium, Jana Koziny 1237, Hradec Králové, Česká republika",ASTIP STRONG 7500VA/3F -15 minut,ASTIP STRONG 7500VA/3F -15 minut,Ing. František Lopour 737 436 520,Ing. František Lopour 737 436 520,Královehradecký,,,2026-09-05,2026-03-05,124.0,Více než 60 dnů,zelená,50.20652,15.8336,upraveno - znovu geokódovat,,Adresa automaticky upravena pro Mapy.com; spusť znovu geokodér.,"hradec králové, jana koziny 1237, biskupské gymnázium, česká republika",2026-03-05,2026-09-05,124.0,Více než 60 dnů,zelená,2026-03-05 (proběhlá); 2026-09-05 (plánovaná),Kalendář FZ - 6 měsíců.xlsx,108,2020,,ano,Ing. František Lopour 737 436 520,ASTIP STRONG 7500VA/3F -15 minut,"Hradec Králové, Jana Koziny 1237, biskupské gymnázium",,,,5/26,,,,,,5/26,,,,,,,,,,,,,,,,,,,,,,,,,,,,,,,,,,,,,,,,,,,,,,,,,,,,,,,,,,,,,,,,,,,,,,,,,,,,,2,,,,,"Hradec Králové, Jana Koziny 1237, biskupské gymnázium, Česká republika","biskupské gymnázium, Jana Koziny 1237, Hradec Králové, Česká republika"
"Hradec Králové, Nerudova 50","Hradec Králové, Nerudova 50","Hradec Králové, Nerudova 50, Česká republika",STRONG 1000VA/1F,STRONG 1000VA/1F,,,Královehradecký,,,2019-12-13,2019-12-13,-2334.0,Po termínu,červená,50.21038,15.81083,OK Mapy.com,,čeká na přesné geokódování,"hradec králové, nerudova 50, česká republika",2019-12-13,2019-12-13,-2334.0,Po termínu,červená,2019-12-13 (plánovaná),"Kalendář FZ - 12 měsíců, 2023.xlsx",172,2018,,,,STRONG 1000VA/1F,,,,,,,,,,,,,,13/19,,,,,,,,,,,,,,,,,,,,,,,,,,,,,,,,,,,,,,,,,,,,,,,,,,,,,,,,,,,,,,,,,,,,,,,,,,1,"Hradec Králové, Nerudova 50",,,,"Hradec Králové, Nerudova 50, Česká republika","Hradec Králové, Nerudova 50, Česká republika"
"Hradec Králové, Náchodská 811, Heraeus, Contract Medical International","Hradec Králové, Náchodská 811, Heraeus, Contract Medical International","Hradec Králové, Náchodská 811, Heraeus, Contract Medical International, Česká republika",ASTIP STRONG 3000VA/1F-10 minut,ASTIP STRONG 3000VA/1F-10 minut,Aleš Pultar 728 993 020,Aleš Pultar 728 993 020,Královehradecký,,,2026-06-22,2025-12-22,49.0,30–60 dnů,žlutá,50.23848,15.7916,OK Mapy.com,,čeká na přesné geokódování,"hradec králové, náchodská 811, heraeus, contract medical international, česká republika",2025-12-22,2026-06-22,49.0,30–60 dnů,žlutá,2025-12-22 (proběhlá); 2026-06-22 (plánovaná),Kalendář FZ - 6 měsíců.xlsx,109,2024,,,Aleš Pultar 728 993 020,ASTIP STRONG 3000VA/1F-10 minut,"Hradec Králové, Náchodská 811, Heraeus, Contract Medical International",,,,,,,22/26,,,,,,22/25,,,,,,,,,,,,,,,,,,,,,,,,,,,,,,,,,,,,,,,,,,,,,,,,,,,,,,,,,,,,,,,,,,,,,,,,,,2,,,,,"Hradec Králové, Náchodská 811, Heraeus, Contract Medical International, Česká republika","Hradec Králové, Náchodská 811, Heraeus, Contract Medical International, Česká republika"
"Hradec Králové, Pražská třída 916/65, BD","Hradec Králové, Pražská třída 916/65, BD","BD, Pražská třída 916/65, Hradec Králové, Česká republika",ASTIP STRONG 4000VA/1F- 15 minut,ASTIP STRONG 4000VA/1F- 15 minut,Adamová Zelená 607 848 338,Adamová Zelená 607 848 338,Královehradecký,2024 -vyměnit čudl panel . Stávající nefunkční,2024 -vyměnit čudl panel . Stávající nefunkční,2026-06-20,,47.0,30–60 dnů,žlutá,50.20515,15.79623,upraveno - znovu geokódovat,,Adresa automaticky upravena pro Mapy.com; spusť znovu geokodér.,"hradec králové, pražská třída 916/65, bd, česká republika",,2026-06-20,47.0,30–60 dnů,žlutá,2026-06-20 (plánovaná),"Kalendář FZ - 12 měsíců, 2023.xlsx",174,2023,,,,ASTIP STRONG 4000VA/1F- 15 minut,,,,,,,,20/26,,,,,,,,,,,,,,,,,,,,,,,,,,,,,,,,,,,,,,,,,,,,,,,,,,,,,,,,,,,,,,,,,,,,,,,,,,,,,,,,1,"Hradec Králové, Pražská třída 916/65, BD",,,,"Hradec Králové, Pražská třída 916/65, BD, Česká republika","BD, Pražská třída 916/65, Hradec Králové, Česká republika"
"Hradec Králové, U Koruny 1742_16","Hradec Králové, U Koruny 1742_16","Hradec Králové, U Koruny 1742/16, Česká republika",PS 5000/3f-45 minut,PS 5000/3f-45 minut,Ing. Živný 602 109 739,Ing. Živný 602 109 739,Královehradecký,,,2026-08-28,,116.0,Více než 60 dnů,zelená,50.21242,15.81377,OK Mapy.com,,čeká na přesné geokódování,"hradec králové, u koruny 1742/16, česká republika",,2026-08-28,116.0,Více než 60 dnů,zelená,2026-08-28 (plánovaná),"Kalendář FZ - 12 měsíců, 2023.xlsx",173,2015,,,,  PS 5000/3f-45 minut,,,,,,,,,,28/26,,,,,,,,,,,,,,,,,,,,,,,,,,,,,,,,,,,,,,,,,,,,,,,,,,,,,,,,,,,,,,,,,,,,,,,,,,,,,,1,"Hradec Králové, U Koruny 1742_16",,,,"Hradec Králové, U Koruny 1742/16, Česká republika","Hradec Králové, U Koruny 1742/16, Česká republika"
"Hradec Králové, ČS Benzina","Hradec Králové, ČS Benzina","Hradec Králové, ČS Benzina, Česká republika",PS 7500/3f-30 minut,PS 7500/3f-30 minut,,,Královehradecký,,,2021-09-15,2021-09-15,-1692.0,Po termínu,červená,50.19911,15.78302,OK Mapy.com,,čeká na přesné geokódování,"hradec králové, čs benzina, česká republika",2021-09-15,2021-09-15,-1692.0,Po termínu,červená,2021-09-15 (plánovaná),"Kalendář FZ - 12 měsíců, 2023.xlsx",170,2016,,,,  PS 7500/3f-30 minut,,,,,,,,,,,15/21,,,,,,,,,,,,,,,,,,,,,,,,,,,,,,,,,,,,,,,,,,,,,,,,,,,,,,,,,,,,,,,,,,,,,,,,,,,,,1,"Hradec Králové, ČS Benzina",,,,"Hradec Králové, ČS Benzina, Česká republika","Hradec Králové, ČS Benzina, Česká republika"
"Hranice na Moravě, Jiráskova 2188, BD","Hranice na Moravě, Jiráskova 2188, BD","BD, Jiráskova 2188, Hranice na Moravě, Česká republika",ASTIP STRONG 2000VA/3F-20 minut,ASTIP STRONG 2000VA/3F-20 minut,Nehyba 608 212 111,Nehyba 608 212 111,,,,2027-04-15,,346.0,Více než 60 dnů,zelená,49.55058,17.73533,upraveno - znovu geokódovat,,Adresa automaticky upravena pro Mapy.com; spusť znovu geokodér.,"hranice na moravě, jiráskova 2188, bd, česká republika",,2027-04-15,346.0,Více než 60 dnů,zelená,2027-04-15 (plánovaná),"Kalendář FZ - 12 měsíců, 2023.xlsx",177,2024,,,,ASTIP STRONG 2000VA/3F-20 minut,,,,,,15/27,,,,,,,,,,,,,,,,,,,,,,,,,,,,,,,,,,,,,,,,,,,,,,,,,,,,,,,,,,,,,,,,,,,,,,,,,,,,,,,,,,1,"Hranice na Moravě, Jiráskova 2188, BD",,,,"Hranice na Moravě, Jiráskova 2188, BD, Česká republika","BD, Jiráskova 2188, Hranice na Moravě, Česká republika"
Hranice na Moravě,Hranice na Moravě,"Hranice na Moravě, Česká republika","1 -Astip PS 20kVA/3f-30 minut, 2-Astip PS 20kVA/3f-30 minut","1 -Astip PS 20kVA/3f-30 minut, 2-Astip PS 20kVA/3f-30 minut",Slavíček Pavel tel. 518614358,Slavíček Pavel tel. 518614358,Olomoucký,,,2026-09-03,2026-03-03,122.0,Více než 60 dnů,zelená,49.54796,17.73469,OK Mapy.com,,čeká na přesné geokódování,"hranice na moravě, česká republika",2026-03-03,2026-09-03,122.0,Více než 60 dnů,zelená,2026-03-03 (proběhlá); 2026-09-03 (plánovaná),Kalendář FZ - 6 měsíců.xlsx,110,2014,ano,,"Slavíček Pavel tel. 518614358
","1 -Astip PS 20kVA/3f-30 minut, 2-Astip PS 20kVA/3f-30 minut",Hranice na Moravě,,,,3/26,,,,,,3/26,,,,,,,,,,,,,,,,,,,,,,,,,,,,,,,,,,,,,,,,,,,,,,,,,,,,,,,,,,,,,,,,,,,,,,,,,,,,,2,,,,,"Hranice na Moravě, Česká republika","Hranice na Moravě, Česká republika"
"Hranice, Nová 223, Cidem divize Cetris","Hranice, Nová 223, Cidem divize Cetris","Hranice, Nová 223, Cidem divize Cetris, Česká republika",ASTIP PS 5000/3f-30 minut,ASTIP PS 5000/3f-30 minut,pan Prvý 724 200 161,pan Prvý 724 200 161,Olomoucký,"7.3.2025 -posáln dotaz , 21.5.2024 - poslaná aktualizace Cn panu Prvému a také nabídka na komplet nový zdroj","7.3.2025 -posáln dotaz , 21.5.2024 - poslaná aktualizace Cn panu Prvému a také nabídka na komplet nový zdroj",2022-05-25,2022-05-25,-1440.0,Po termínu,červená,49.56053,17.75306,OK Mapy.com,,čeká na přesné geokódování,"hranice, nová 223, cidem divize cetris, česká republika",2022-05-25,2022-05-25,-1440.0,Po termínu,červená,2022-05-25 (plánovaná),Kalendář FZ - 6 měsíců.xlsx,111,2012,,,pan Prvý 724 200 161 ,ASTIP PS 5000/3f-30 minut,"Hranice, Nová 223, Cidem divize Cetris",,,,,,25/22,,,,,,,,,,,,,,,,,,,,,,,,,,,,,,,,,,,,,,,,,,,,,,,,,,,,,,,,,,,,,,,,,,,,,,,,,,,,,,,,,1,,,,,"Hranice, Nová 223, Cidem divize Cetris, Česká republika","Hranice, Nová 223, Cidem divize Cetris, Česká republika"
"Hromnice, Nynice 61","Hromnice, Nynice 61","Hromnice, Nynice 61, Česká republika",STRONG 2 000/3F - 30 min.,STRONG 2 000/3F - 30 min.,Tůma 603 330 324,Tůma 603 330 324,Plzeňský,,,2026-06-10,,37.0,30–60 dnů,žlutá,49.84388,13.50741,OK Mapy.com,,čeká na přesné geokódování,"hromnice, nynice 61, česká republika",,2026-06-10,37.0,30–60 dnů,žlutá,2026-06-10 (plánovaná),"Kalendář FZ - 12 měsíců, 2023.xlsx",178,2018,,,,STRONG 2 000/3F - 30 min.,,,,,,,,10/26,,,,,,,,,,,,,,,,,,,,,,,,,,,,,,,,,,,,,,,,,,,,,,,,,,,,,,,,,,,,,,,,,,,,,,,,,,,,,,,,1,"Hromnice, Nynice 61",,,,"Hromnice, Nynice 61, Česká republika","Hromnice, Nynice 61, Česká republika"
"Hronov, Na Chocholouši 409, f. ALAKLIS","Hronov, Na Chocholouši 409, f. ALAKLIS","Hronov, Na Chocholouši 409, f. ALAKLIS, Česká republika","ASTIP PS LiftBack 10 000/3f-45 minut, ASTIP PS 7500/3f-30 minut","ASTIP PS LiftBack 10 000/3f-45 minut, ASTIP PS 7500/3f-30 minut",Zavřel 602 464 420,Zavřel 602 464 420,Královehradecký,"2025 -posílám znovu - od pana Zavřela - nechtějí zprovoznit…., 20.6.2024 -aktualizace CN ….10/2023revize 1 x ročně, 7.3.2022 -10kVA - STOP STAV","2025 -posílám znovu - od pana Zavřela - nechtějí zprovoznit…., 20.6.2024 -aktualizace CN ….10/2023revize 1 x ročně, 7.3.2022 -10kVA - STOP STAV",2027-04-08,,339.0,Více než 60 dnů,zelená,50.47425,16.17406,OK Mapy.com,,čeká na přesné geokódování,"hronov, na chocholouši 409, f. alaklis, česká republika",,2027-04-08,339.0,Více než 60 dnů,zelená,2027-04-08 (plánovaná),"Kalendář FZ - 12 měsíců, 2023.xlsx",179,2017.2018,,,,"ASTIP PS LiftBack 10 000/3f-45 minut, ASTIP PS 7500/3f-30 minut",,,,,,"8/27  -7,5kVA",,,,,,,,,,,,,,,,,,,,,,,,,,,,,,,,,,,,,,,,,,,,,,,,,,,,,,,,,,,,,,,,,,,,,,,,,,,,,,,,,,1,"Hronov, Na Chocholouši 409, f. ALAKLIS",,,,"Hronov, Na Chocholouši 409, f. ALAKLIS, Česká republika","Hronov, Na Chocholouši 409, f. ALAKLIS, Česká republika"
"Humpolec, Okružní 1296, COBAP","Humpolec, Okružní 1296, COBAP","Humpolec, Okružní 1296, COBAP, Česká republika",ASTIP STRONG 17kVA/3kVA/3F-10 min,ASTIP STRONG 17kVA/3kVA/3F-10 min,"správce budovy, pan Václav Keller (tel. 702 295 505)","správce budovy, pan Václav Keller (tel. 702 295 505)",Vysočina,,,2026-05-06,,2.0,Méně než 7 dnů,červená,49.5398,15.34654,OK Mapy.com,,čeká na přesné geokódování,"humpolec, okružní 1296, cobap, česká republika",,2026-05-06,2.0,Méně než 7 dnů,červená,2026-05-06 (plánovaná),"Kalendář FZ - 12 měsíců, 2023.xlsx",180,2021,ano,ano,,ASTIP STRONG 17kVA/3kVA/3F-10 min,,,,,,,6/26,,,,,,,,,,,,,,,,,,,,,,,,,,,,,,,,,,,,,,,,,,,,,,,,,,,,,,,,,,,,,,,,,,,,,,,,,,,,,,,,,1,"Humpolec, Okružní 1296, COBAP",,,,"Humpolec, Okružní 1296, COBAP, Česká republika","Humpolec, Okružní 1296, COBAP, Česká republika"
"Humpolec, Okružní 1296, PETRAplast","Humpolec, Okružní 1296, PETRAplast","Humpolec, Okružní 1296, PETRAplast, Česká republika",STRONG 3000/1F-30 minut,STRONG 3000/1F-30 minut,pan Kříž 608 333 841,pan Kříž 608 333 841,Vysočina,,,2025-04-30,2024-10-31,-369.0,Po termínu,červená,49.5398,15.34654,OK Mapy.com,,čeká na přesné geokódování,"humpolec, okružní 1296, petraplast, česká republika",2024-10-31,2025-04-30,-369.0,Po termínu,červená,2024-10-31 (proběhlá); 2025-04-30 (plánovaná),Kalendář FZ - 6 měsíců.xlsx,112,2019,ano,,pan Kříž 608 333 841,STRONG 3000/1F-30 minut,"Humpolec, Okružní 1296, PETRAplast",,,,,30/25,,,,,,31/24,,,,,,,,,,,,,,,,,,,,,,,,,,,,,,,,,,,,,,,,,,,,,,,,,,,,,,,,,,,,,,,,,,,,,,,,,,,,2,,,,,"Humpolec, Okružní 1296, PETRAplast, Česká republika","Humpolec, Okružní 1296, PETRAplast, Česká republika"
"Hustopeče, Signum, Nádražní 32_41","Hustopeče, Signum, Nádražní 32_41","Hustopeče, Signum, Nádražní 32/41, Česká republika",STRONG 2000/3f-5 min,STRONG 2000/3f-5 min,"Otýpka 606 732 200, Jiří Godlewski: +420 720 940 085","Otýpka 606 732 200, Jiří Godlewski: +420 720 940 085",Jihomoravský,,,2027-04-23,,354.0,Více než 60 dnů,zelená,48.91606,16.71157,OK Mapy.com,,čeká na přesné geokódování,"hustopeče, signum, nádražní 32/41, česká republika",,2027-04-23,354.0,Více než 60 dnů,zelená,2027-04-23 (plánovaná),"Kalendář FZ - 12 měsíců, 2023.xlsx",181,2016,,,,STRONG 2000/3f-5 min,,,,,,23/27,,,,,,,,,,,,,,,,,,,,,,,,,,,,,,,,,,,,,,,,,,,,,,,,,,,,,,,,,,,,,,,,,,,,,,,,,,,,,,,,,,1,"Hustopeče, Signum, Nádražní 32_41",,,,"Hustopeče, Signum, Nádražní 32/41, Česká republika","Hustopeče, Signum, Nádražní 32/41, Česká republika"
"Ivančice, Na Úvoze 1751/3, DPS","Ivančice, Na Úvoze 1751/3, DPS","Ivančice, Na Úvoze 1751/3, DPS, Česká republika",ASTIP STRONG 75kVA/3F - 45 minut,ASTIP STRONG 75kVA/3F - 45 minut,Koláčný 725 942 790,Koláčný 725 942 790,Jihomoravský,"chtěli 1 x ročně, dle upravené normy, co nám poslal pan Dušek. Dle sdělení p. Duška z 30.3.2026 servis zajištuje jiná firma, popř. vyměnuje za jiný zdroj.MTY","chtěli 1 x ročně, dle upravené normy, co nám poslal pan Dušek. Dle sdělení p. Duška z 30.3.2026 servis zajištuje jiná firma, popř. vyměnuje za jiný zdroj.MTY",2026-03-04,2026-03-04,-61.0,Po termínu,červená,49.10845,16.36677,OK Mapy.com,,čeká na přesné geokódování,"ivančice, na úvoze 1751/3, dps, česká republika",2026-03-04,2026-03-04,-61.0,Po termínu,červená,2026-03-04 (plánovaná),"Kalendář FZ - 12 měsíců, 2023.xlsx",190,2024,,,,ASTIP STRONG 75kVA/3F - 45 minut,,,,,4/26,,,,,,,,,,,,,,,,,,,,,,,,,,,,,,,,,,,,,,,,,,,,,,,,,,,,,,,,,,,,,,,,,,,,,,,,,,,,,,,,,,,1,"Ivančice, Na Úvoze 1751/3, DPS",,,,"Ivančice, Na Úvoze 1751/3, DPS, Česká republika","Ivančice, Na Úvoze 1751/3, DPS, Česká republika"
"Ivančice, Zemědělská 2, Horizont - středisko volného času","Ivančice, Zemědělská 2, Horizont - středisko volného času","Ivančice, Zemědělská 2, Horizont, středisko volného času, Česká republika",PS Liftback 7 500VA/3F-20 minut,PS Liftback 7 500VA/3F-20 minut,Štěpanovský 731 656 966,Štěpanovský 731 656 966,Jihomoravský,,,2026-08-06,2026-02-06,94.0,Více než 60 dnů,zelená,49.10893,16.36938,OK Mapy.com,,čeká na přesné geokódování,"ivančice, zemědělská 2, horizont, středisko volného času, česká republika",2026-02-06,2026-08-06,94.0,Více než 60 dnů,zelená,2026-02-06 (proběhlá); 2026-08-06 (plánovaná),Kalendář FZ - 6 měsíců.xlsx,119,2019,,,Štěpanovský 731 656 966,PS Liftback 7 500VA/3F-20 minut,"Ivančice, Zemědělská 2, Horizont - středisko volného času",,,6/26,,,,,,6/26,,,,,,,,,,,,,,,,,,,,,,,,,,,,,,,,,,,,,,,,,,,,,,,,,,,,,,,,,,,,,,,,,,,,,,,,,,,,,,2,,,,,"Ivančice, Zemědělská 2, Horizont, středisko volného času, Česká republika","Ivančice, Zemědělská 2, Horizont, středisko volného času, Česká republika"
"Jablonec nad Nisou, Jablotron","Jablonec nad Nisou, Jablotron","Jablonec nad Nisou, Jablotron, Česká republika",ASTIP PS 50kVA/40kW/3f-30 min + Rpo,ASTIP PS 50kVA/40kW/3f-30 min + Rpo,Ing Corradini -724 230 992,Ing Corradini -724 230 992,Liberecký,,,2026-12-04,,214.0,Více než 60 dnů,zelená,50.72915,15.17661,OK Mapy.com,,čeká na přesné geokódování,"jablonec nad nisou, jablotron, česká republika",,2026-12-04,214.0,Více než 60 dnů,zelená,2026-12-04 (plánovaná),"Kalendář FZ - 12 měsíců, 2023.xlsx",191,2016,,,,ASTIP PS 50kVA/40kW/3f-30 min + Rpo,,,,,,,,,,,,,,4/26,,,,,,,,,,,,,,,,,,,,,,,,,,,,,,,,,,,,,,,,,,,,,,,,,,,,,,,,,,,,,,,,,,,,,,,,,,1,"Jablonec nad Nisou, Jablotron",,22500,,"Jablonec nad Nisou, Jablotron, Česká republika","Jablonec nad Nisou, Jablotron, Česká republika"
"Jablonec nad Nisou, Letní, cikautxo","Jablonec nad Nisou, Letní, cikautxo","Jablonec nad Nisou, Letní, cikautxo, Česká republika",ASTIP PS 50kVA/3F -EI 45,ASTIP PS 50kVA/3F -EI 45,Ing. Hrubý 704 220 383 -už nepracuje,Ing. Hrubý 704 220 383 -už nepracuje,Liberecký,24.6.2024 -zdroj si sami zprovoznili….21.6.2024 -poslán dotaz na mpatrman@,24.6.2024 -zdroj si sami zprovoznili….21.6.2024 -poslán dotaz na mpatrman@,2026-09-30,2026-03-31,149.0,Více než 60 dnů,zelená,50.70685,15.18595,OK Mapy.com,,čeká na přesné geokódování,"jablonec nad nisou, letní, cikautxo, česká republika",2026-03-31,2026-09-30,149.0,Více než 60 dnů,zelená,2026-03-31 (proběhlá); 2026-09-30 (plánovaná),Kalendář FZ - 6 měsíců.xlsx,121,"2017, nově 2025",,,Ing. Hrubý 704 220 383 -už nepracuje,ASTIP PS 50kVA/3F -EI 45,"Jablonec nad Nisou, Letní, cikautxo",,,,31/26,,,,,,30/26,,,,,,,,,,,,,,,,,,,,,,,,,,,,,,,,,,,,,,,,,,,,,,,,,,,,,,,,,,,,,,,,,,,,,,,,,,,,,2,,,,,"Jablonec nad Nisou, Letní, cikautxo, Česká republika","Jablonec nad Nisou, Letní, cikautxo, Česká republika"
"Jablonec nad Nisou, V. Nezvala 87/14, DPS","Jablonec nad Nisou, V. Nezvala 87/14, DPS","DPS, V. Nezvala 87/14, Jablonec nad Nisou, Česká republika",PS 15kVA+20kVA+15kVA,PS 15kVA+20kVA+15kVA,Štáfová ředitelka 777 533 523,Štáfová ředitelka 777 533 523,Liberecký,,,2026-09-30,2026-03-31,149.0,Více než 60 dnů,zelená,50.731,15.19206,upraveno - znovu geokódovat,,Adresa automaticky upravena pro Mapy.com; spusť znovu geokodér.,"jablonec nad nisou, v. nezvala 87/14, dps, česká republika",2026-03-31,2026-09-30,149.0,Více než 60 dnů,zelená,2026-03-31 (proběhlá); 2026-09-30 (plánovaná),Kalendář FZ - 6 měsíců.xlsx,120,2020,,ano,Štáfová ředitelka 777 533 523,PS 15kVA+20kVA+15kVA,"Jablonec nad Nisou, V. Nezvala 87/14, DPS",,,,31/26,,,,,,30/26,,,,,,,,,,,,,,,,,,,,,,,,,,,,,,,,,,,,,,,,,,,,,,,,,,,,,,,,,,,,,,,,,,,,,,,,,,,,,2,,,,,"Jablonec nad Nisou, V. Nezvala 87/14, DPS, Česká republika","DPS, V. Nezvala 87/14, Jablonec nad Nisou, Česká republika"
"Jaroslavice u Znojma, Celní 587, DPS","Jaroslavice u Znojma, Celní 587, DPS","Jaroslavice u Znojma, Celní 587, DPS, Česká republika",PS 20 kVA/3F -45 minut,PS 20 kVA/3F -45 minut,"Kolařík 721 450 978, Oškara 792 283 735","Kolařík 721 450 978, Oškara 792 283 735",Jihomoravský,"STOP STAV 9.11.2020 -byl p. Pospíšek, prázdná budova. Vypnuty energie, zdroj mrtvý","STOP STAV 9.11.2020 -byl p. Pospíšek, prázdná budova. Vypnuty energie, zdroj mrtvý",,,,Bez termínu,šedá,48.75096,16.23556,OK Mapy.com,,čeká na přesné geokódování,"jaroslavice u znojma, celní 587, dps, česká republika",,,,Bez termínu,šedá,,"Kalendář FZ - 12 měsíců, 2023.xlsx",193,2017,,,,PS 20 kVA/3F -45 minut,,,,,,,,,,,,,9,,,,,,,,,,,,,,,,,,,,,,,,,,,,,,,,,,,,,,,,,,,,,,,,,,,,,,,,,,,,,,,,,,,,,,,,,,,0,"Jaroslavice u Znojma, Celní 587, DPS",,,,"Jaroslavice u Znojma, Celní 587, DPS, Česká republika","Jaroslavice u Znojma, Celní 587, DPS, Česká republika"
"Jedovnice, Na Větřáku 808, BD","Jedovnice, Na Větřáku 808, BD","BD, Na Větřáku 808, Jedovnice, Česká republika",STRONG 1500/1F -30 min.,STRONG 1500/1F -30 min.,"Ing. Prax, 777 707 755","Ing. Prax, 777 707 755",Jihomoravský ,,,2026-12-11,,221.0,Více než 60 dnů,zelená,49.34289,16.76036,upraveno - znovu geokódovat,,Adresa automaticky upravena pro Mapy.com; spusť znovu geokodér.,"jedovnice, na větřáku 808, bd, česká republika",,2026-12-11,221.0,Více než 60 dnů,zelená,2026-12-11 (plánovaná),"Kalendář FZ - 12 měsíců, 2023.xlsx",194,2019,,,,STRONG 1500/1F -30 min.,,,,,,,,,,,,,,11/26,,,,,,,,,,,,,,,,,,,,,,,,,,,,,,,,,,,,,,,,,,,,,,,,,,,,,,,,,,,,,,,,,,,,,,,,,,1,"Jedovnice, Na Větřáku 808, BD",,,,"Jedovnice, Na Větřáku 808, BD, Česká republika","BD, Na Větřáku 808, Jedovnice, Česká republika"
"Jemnice, Na Předliskách","Jemnice, Na Předliskách","Jemnice, Na Předliskách, Česká republika",STRONG 3000/3f - 10min,STRONG 3000/3f - 10min,Jaroslava Hankova  608 136 546,Jaroslava Hankova  608 136 546,Vysočina,,,2027-04-16,,347.0,Více než 60 dnů,zelená,49.02215,15.57555,OK Mapy.com,,čeká na přesné geokódování,"jemnice, na předliskách, česká republika",,2027-04-16,347.0,Více než 60 dnů,zelená,2027-04-16 (plánovaná),"Kalendář FZ - 12 měsíců, 2023.xlsx",195,2018,ano,,,STRONG 3000/3f - 10min,,,,,,16/27,,,,,,,,,,,,,,,,,,,,,,,,,,,,,,,,,,,,,,,,,,,,,,,,,,,,,,,,,,,,,,,,,,,,,,,,,,,,,,,,,,1,"Jemnice, Na Předliskách",,,,"Jemnice, Na Předliskách, Česká republika","Jemnice, Na Předliskách, Česká republika"
"Jesenice, Billa","Jesenice, Billa","Jesenice, Billa, Česká republika",ASTIP PS 50kVA/3f - 30 minut,ASTIP PS 50kVA/3f - 30 minut,Smutný 720 950 563,Smutný 720 950 563,Středočeský,"7.3.2025 - šlo znovu na blažkoovu a smutného , 21.5.2024 -poslaná aktualizace paní Blažkové","7.3.2025 - šlo znovu na blažkoovu a smutného , 21.5.2024 -poslaná aktualizace paní Blažkové",,2025-04-03,,Bez termínu,šedá,49.96974,14.52944,OK Mapy.com,,čeká na přesné geokódování,"jesenice, billa, česká republika",2025-04-03,,,Bez termínu,šedá,2025-04-03 (proběhlá),Kalendář FZ - 6 měsíců.xlsx,124,2017,"mají si nás pozvat na zkoušku, říct i Coltu",,Smutný 720 950 563,ASTIP PS 50kVA/3f - 30 minut,"Jesenice, Billa ",,,,,3/25,,,,,,,,,,,,,,,,,,,,,,,,,,,,,,,,,,,,,,,,,,,,,,,,,,,,,,,,,,,,,,,,,,,,,,,,,,,,,,,,,,1,,,,,"Jesenice, Billa, Česká republika","Jesenice, Billa, Česká republika"
"Jeseník, Albert","Jeseník, Albert","Jeseník, Albert, Česká republika",PS 20 000/3F -15 min + R-SOZ,PS 20 000/3F -15 min + R-SOZ,Smrček 777 273 993,Smrček 777 273 993,Olomoucký,,,2024-09-20,2024-09-20,-591.0,Po termínu,červená,50.22694,17.20254,OK Mapy.com,,čeká na přesné geokódování,"jeseník, albert, česká republika",2024-09-20,2024-09-20,-591.0,Po termínu,červená,2024-09-20 (plánovaná),"Kalendář FZ - 12 měsíců, 2023.xlsx",196,2018,,,,PS 20 000/3F -15 min + R-SOZ,,,,,,,,,,,20/24,,,,,,,,,,,,,,,,,,,,,,,,,,,,,,,,,,,,,,,,,,,,,,,,,,,,,,,,,,,,,,,,,,,,,,,,,,,,,1,"Jeseník, Albert",,,,"Jeseník, Albert, Česká republika","Jeseník, Albert, Česká republika"
"Jihlava, DM sklad","Jihlava, DM sklad","DM sklad, Jihlava, Česká republika",3x 1500/3f,3x 1500/3f,Brychta - 739 248 854,Brychta - 739 248 854,Vysočina,,,2026-04-13,2025-10-13,-21.0,Po termínu,červená,48.23586,17.35592,upraveno - znovu geokódovat,,Adresa automaticky upravena pro Mapy.com; spusť znovu geokodér.,"jihlava, dm sklad, česká republika",2025-10-13,2026-04-13,-21.0,Po termínu,červená,2025-10-13 (proběhlá); 2026-04-13 (plánovaná),Kalendář FZ - 6 měsíců.xlsx,125,2021,,,Brychta - 739 248 854,3x 1500/3f,"Jihlava, DM sklad",,,,,13/26,,,,,,13/25,,,,,,,,,,,,,,,,,,,,,,,,,,,,,,,,,,,,,,,,,,,,,,,,,,,,,,,,,,,,,,,,,,,,,,,,,,,,2,,,,,"Jihlava, DM sklad, Česká republika","DM sklad, Jihlava, Česká republika"
"Jihlava, Vrchlického 59, nemocnice","Jihlava, Vrchlického 59, nemocnice","Jihlava, Vrchlického 59, nemocnice, Česká republika","2 x STRONG 2000/3F -30,10 minut","2 x STRONG 2000/3F -30,10 minut",pan Pavlík 603 267 976,pan Pavlík 603 267 976,Vysočina,"10.5.2024 -volal pan z čísla 722 047 735, porušili plombu, aby se mohli podívat na kabely k EPS","10.5.2024 -volal pan z čísla 722 047 735, porušili plombu, aby se mohli podívat na kabely k EPS",2025-04-22,2024-10-22,-377.0,Po termínu,červená,49.3981,15.57034,OK Mapy.com,,čeká na přesné geokódování,"jihlava, vrchlického 59, nemocnice, česká republika",2024-10-22,2025-04-22,-377.0,Po termínu,červená,2024-10-22 (proběhlá); 2025-04-22 (plánovaná),Kalendář FZ - 6 měsíců.xlsx,126,2020,,,pan Pavlík 603 267 976,"2 x STRONG 2000/3F -30,10 minut","Jihlava, Vrchlického 59, nemocnice",,,,,22/25,,,,,,22/24,,,,,,,,,,,,,,,,,,,,,,,,,,,,,,,,,,,,,,,,,,,,,,,,,,,,,,,,,,,,,,,,,,,,,,,,,,,,2,,,,,"Jihlava, Vrchlického 59, nemocnice, Česká republika","Jihlava, Vrchlického 59, nemocnice, Česká republika"
"Jimramov, Pavlovická 108, DPS","Jimramov, Pavlovická 108, DPS","Jimramov, Pavlovická 108, DPS, Česká republika","Strong 4000/3f, 45 min","Strong 4000/3f, 45 min","Vojta - 603 791 864, Konvalinková 733 747 059","Vojta - 603 791 864, Konvalinková 733 747 059",Vysočina,2023 -zásah zdroje bleskem,2023 -zásah zdroje bleskem,2025-05-26,2024-11-26,-343.0,Po termínu,červená,49.63428,16.22373,OK Mapy.com,,čeká na přesné geokódování,"jimramov, pavlovická 108, dps, česká republika",2024-11-26,2025-05-26,-343.0,Po termínu,červená,2024-11-26 (proběhlá); 2025-05-26 (plánovaná),Kalendář FZ - 6 měsíců.xlsx,127,2017 nově 2023,,,"Vojta - 603 791 864, Konvalinková 733 747 059","Strong 4000/3f, 45 min","Jimramov, Pavlovická 108, DPS",,,,,,26/25,,,,,,26/24,,,5000,,,,,,,,,,,,,,,,,,,,,,,,,,,,,,,,,,,,,,,,,,,,,,,,,,,,,,,,,,,,,,,,,,,,,,,,2,,,,,"Jimramov, Pavlovická 108, DPS, Česká republika","Jimramov, Pavlovická 108, DPS, Česká republika"
"Jindřichův Hradec, Česká 1175, Otín 103","Jindřichův Hradec, Česká 1175, Otín 103","Jindřichův Hradec, Česká 1175, Otín 103, Česká republika",Astip PS 25kVA/3f-45 minut,Astip PS 25kVA/3f-45 minut,603360525,603360525,Jihočeský,02/2026 -vzít s sebou výrobní štítek a pomocku 18Ah,02/2026 -vzít s sebou výrobní štítek a pomocku 18Ah,2026-08-20,2026-02-20,108.0,Více než 60 dnů,zelená,49.15004,15.01031,OK Mapy.com,,čeká na přesné geokódování,"jindřichův hradec, česká 1175, otín 103, česká republika",2026-02-20,2026-08-20,108.0,Více než 60 dnů,zelená,2026-02-20 (proběhlá); 2026-08-20 (plánovaná),Kalendář FZ - 6 měsíců.xlsx,128,2015,,poznámka,603360525,Astip PS 25kVA/3f-45 minut,"Jindřichův Hradec, Česká 1175, Otín 103",,,20/26,,,,,,20/26,,,,,,,,,,,,,,,,,,,,,,,,,,,,,,,,,,,,,,,,,,,,,,,,,,,,,,,,,,,,,,,,,,,,,,,,,,,,,,2,,,,,"Jindřichův Hradec, Česká 1175, Otín 103, Česká republika","Jindřichův Hradec, Česká 1175, Otín 103, Česká republika"
"Jičín, Dvořákova 618, BD","Jičín, Dvořákova 618, BD","BD, Dvořákova 618, Jičín, Česká republika","ASTIP PS Liftback 7,5 kVA/3F -15 minut","ASTIP PS Liftback 7,5 kVA/3F -15 minut","Jiří Bezvoda 724 228 116, OTIS","Jiří Bezvoda 724 228 116, OTIS",,,,2026-10-30,,179.0,Více než 60 dnů,zelená,50.44162,15.35365,upraveno - znovu geokódovat,,Adresa automaticky upravena pro Mapy.com; spusť znovu geokodér.,"jičín, dvořákova 618, bd, česká republika",,2026-10-30,179.0,Více než 60 dnů,zelená,2026-10-30 (plánovaná),"Kalendář FZ - 12 měsíců, 2023.xlsx",197,2022,,,,"ASTIP PS Liftback 7,5 kVA/3F -15 minut",,,,,,,,,,,,30/26,,,,,,,,,,,,,,,,,,,,,,,,,,,,,,,,,,,,,,,,,,,,,,,,,,,,,,,,,,,,,,,,,,,,,,,,,,,,1,"Jičín, Dvořákova 618, BD",,,,"Jičín, Dvořákova 618, BD, Česká republika","BD, Dvořákova 618, Jičín, Česká republika"
"Jáchymov, T.G.Masaryka","Jáchymov, T.G.Masaryka","Jáchymov, T.G.Masaryka, Česká republika",LiftBack 5kVA/3f-60 min,LiftBack 5kVA/3f-60 min,,,Karlovarský,,,2025-02-21,2025-02-21,-437.0,Po termínu,červená,50.35863,12.93506,OK Mapy.com,,čeká na přesné geokódování,"jáchymov, t.g.masaryka, česká republika",2025-02-21,2025-02-21,-437.0,Po termínu,červená,2025-02-21 (plánovaná),"Kalendář FZ - 12 měsíců, 2023.xlsx",192,2016,ano,,,LiftBack 5kVA/3f-60 min,,,,21/25,,,,,,,,,,,,,,,,,,,,,,,,,,,,,,,,,,,,,,,,,,,,,,,,,,,,,,,,,,,,,,,,,,,,,,,,,,,,,,,,,,,,1,"Jáchymov, T.G.Masaryka",,,,"Jáchymov, T.G.Masaryka, Česká republika","Jáchymov, T.G.Masaryka, Česká republika"
"Jánské Lázně, Luční 352","Jánské Lázně, Luční 352","Jánské Lázně, Luční 352, Česká republika",ASTIP STRONG 1 000/1F -10 minut,ASTIP STRONG 1 000/1F -10 minut,Letko 731 655 431,Letko 731 655 431,Královehradecký,,,2022-09-07,2022-03-07,-1335.0,Po termínu,červená,50.63084,15.7692,OK Mapy.com,,čeká na přesné geokódování,"jánské lázně, luční 352, česká republika",2022-03-07,2022-09-07,-1335.0,Po termínu,červená,2022-03-07 (proběhlá); 2022-09-07 (plánovaná),Kalendář FZ - 6 měsíců.xlsx,122,2019,,,Letko 731 655 431,ASTIP STRONG 1 000/1F -10 minut,"Jánské Lázně, Luční 352",,,,7/22,,,,,,7/22,,,,,,,,,,,,,,,,,,,,,,,,,,,,,,,,,,,,,,,,,,,,,,,,,,,,,,,,,,,,,,,,,,,,,,,,,,,,,2,,,,,"Jánské Lázně, Luční 352, Česká republika","Jánské Lázně, Luční 352, Česká republika"
"Jánské Lázně, Obchodní 282 - Obchodní akademie Olgy Havlové","Jánské Lázně, Obchodní 282 - Obchodní akademie Olgy Havlové","Jánské Lázně, Obchodní 282, Obchodní akademie Olgy Havlové, Česká republika",5x PS LiftBack 7500/3f,5x PS LiftBack 7500/3f,Holek - 770 187 102,Holek - 770 187 102,Královehradecký,,,2026-08-16,2026-02-16,104.0,Více než 60 dnů,zelená,50.63216,15.78281,OK Mapy.com,,čeká na přesné geokódování,"jánské lázně, obchodní 282, obchodní akademie olgy havlové, česká republika",2026-02-16,2026-08-16,104.0,Více než 60 dnů,zelená,2026-02-16 (proběhlá); 2026-08-16 (plánovaná),Kalendář FZ - 6 měsíců.xlsx,123,"2018, 2021",ano,,Holek - 770 187 102,5x PS LiftBack 7500/3f,"Jánské Lázně, Obchodní 282 - Obchodní akademie Olgy Havlové",,,16/26,,,,,,16/26,,,,,,5x7000,,,,,,,,,,,,,,,,,,,,,,,,,,,,,,,,,,,,,,,,,,,,,,,,,,,,,,,,,,,,,,,,,,,,,,,,2,,,,,"Jánské Lázně, Obchodní 282, Obchodní akademie Olgy Havlové, Česká republika","Jánské Lázně, Obchodní 282, Obchodní akademie Olgy Havlové, Česká republika"
"Kardašova Řečice, Nám, J. Hrubého, hasička","Kardašova Řečice, Nám, J. Hrubého, hasička","Kardašova Řečice, Nám, J. Hrubého, hasička, Česká republika",ASTIP STRONG 10kVA/3F -30 minut,ASTIP STRONG 10kVA/3F -30 minut,Kalina 720 935 605,Kalina 720 935 605,Jihočeský,,,2026-04-16,2025-10-16,-18.0,Po termínu,červená,49.18437,14.85157,OK Mapy.com,,čeká na přesné geokódování,"kardašova řečice, nám, j. hrubého, hasička, česká republika",2025-10-16,2026-04-16,-18.0,Po termínu,červená,2025-10-16 (proběhlá); 2026-04-16 (plánovaná),Kalendář FZ - 6 měsíců.xlsx,129,2019,,,Kalina 720 935 605,ASTIP STRONG 10kVA/3F -30 minut,"Kardašova Řečice, Nám, J. Hrubého, hasička",,,,,16/26,,,,,,16/25,,,,,,,,,,,,,,,,,,,,,,,,,,,,,,,,,,,,,,,,,,,,,,,,,,,,,,,,,,,,,,,,,,,,,,,,,,,,2,,,,,"Kardašova Řečice, Nám, J. Hrubého, hasička, Česká republika","Kardašova Řečice, Nám, J. Hrubého, hasička, Česká republika"
"Karlovy Vary, Becherovka","Karlovy Vary, Becherovka","Karlovy Vary, Becherovka, Česká republika",PS 15000/3f-45 minut,PS 15000/3f-45 minut,,,Karlovarský,,,,,,Bez termínu,šedá,50.23025,12.86705,OK Mapy.com,,čeká na přesné geokódování,"karlovy vary, becherovka, česká republika",,,,Bez termínu,šedá,,"Kalendář FZ - 12 měsíců, 2023.xlsx",198,bez,,,,  PS 15000/3f-45 minut,,,FZ ukončeny,,,,,,,,,,,,,,,,,,,,,,,,,,,,,,,,,,,,,,,,,,,,,,,,,,,,,,,,,,,,,,,,,,,,,,,,,,,,,,,,,,,,,0,"Karlovy Vary, Becherovka",,,,"Karlovy Vary, Becherovka, Česká republika","Karlovy Vary, Becherovka, Česká republika"
"Karlovy Vary, Kostelní 10","Karlovy Vary, Kostelní 10","Karlovy Vary, Kostelní 10, Česká republika",PS 7500/3f - 10 min.,PS 7500/3f - 10 min.,Hanzelín - 602 192 335,Hanzelín - 602 192 335,Karlovarský,,,2022-08-05,2022-08-05,-1368.0,Po termínu,červená,50.2485,12.82724,OK Mapy.com,,čeká na přesné geokódování,"karlovy vary, kostelní 10, česká republika",2022-08-05,2022-08-05,-1368.0,Po termínu,červená,2022-08-05 (plánovaná),"Kalendář FZ - 12 měsíců, 2023.xlsx",199,2014,,,,PS 7500/3f - 10 min.,,,,,,,,,,5/22,,,,,,,,,,,,,,,,,,,,,,,,,,,,,,,,,,,,,,,,,,,,,,,,,,,,,,,,,,,,,,,,,,,,,,,,,,,,,,1,"Karlovy Vary, Kostelní 10",,,,"Karlovy Vary, Kostelní 10, Česká republika","Karlovy Vary, Kostelní 10, Česká republika"
"Karlovy Vary, Ladislava Koubka 1052","Karlovy Vary, Ladislava Koubka 1052","Karlovy Vary, Ladislava Koubka 1052, Česká republika",ASTIP PS 3 000/3F - 60 minut,ASTIP PS 3 000/3F - 60 minut,Mičkaninová 702 123 091,Mičkaninová 702 123 091,Karlovarský,,,2027-01-14,,255.0,Více než 60 dnů,zelená,50.23337,12.85941,OK Mapy.com,,čeká na přesné geokódování,"karlovy vary, ladislava koubka 1052, česká republika",,2027-01-14,255.0,Více než 60 dnů,zelená,2027-01-14 (plánovaná),"Kalendář FZ - 12 měsíců, 2023.xlsx",200,2016,,,,ASTIP PS 3 000/3F - 60 minut,,,14/27,,,,,,,,,,,,,,,,,,,,,,,,,,,,,,,,,,,,,,,,,,,,,,,,,,,,,,,,,,,,,,,,,,,,,,,,,,,,,,,,,,,,,1,"Karlovy Vary, Ladislava Koubka 1052",,,,"Karlovy Vary, Ladislava Koubka 1052, Česká republika","Karlovy Vary, Ladislava Koubka 1052, Česká republika"
"Karlovy Vary, Mírové náměstí 2, Hotel Pupp","Karlovy Vary, Mírové náměstí 2, Hotel Pupp","Karlovy Vary, Mírové náměstí 2, Hotel Pupp, Česká republika",3x záložní zdroje,3x záložní zdroje,Horych - 777 22 8888,Horych - 777 22 8888,Karlovarský,serviska podepsana,serviska podepsana,,,,Bez termínu,šedá,50.21962,12.87864,OK Mapy.com,,čeká na přesné geokódování,"karlovy vary, mírové náměstí 2, hotel pupp, česká republika",,,,Bez termínu,šedá,,Kalendář FZ - 6 měsíců.xlsx,130,"2017, 2018",ano,,Horych - 777 22 8888,3x záložní zdroje,"Karlovy Vary, Mírové náměstí 2, Hotel Pupp",,,,,,,12,,,,,,,,9800,,,,,,,,,,,,,,,,,,,,,,,,,,,,,,,,,,,,,,,,,,,,,,,,,,,,,,,,,,,,,,,,,,,,,,,,0,,,,,"Karlovy Vary, Mírové náměstí 2, Hotel Pupp, Česká republika","Karlovy Vary, Mírové náměstí 2, Hotel Pupp, Česká republika"
"Karlovy Vary, Nová Louka","Karlovy Vary, Nová Louka","Karlovy Vary, Nová Louka, Česká republika",PS 6000/3f/650/1f-45 min,PS 6000/3f/650/1f-45 min,p.Smitka tel:  603748386,p.Smitka tel:  603748386,Karlovarský,"2016 - poslali nás do prčiic, nechtějí nic","2016 - poslali nás do prčiic, nechtějí nic",,,,Bez termínu,šedá,50.22062,12.8801,OK Mapy.com,,čeká na přesné geokódování,"karlovy vary, nová louka, česká republika",,,,Bez termínu,šedá,,"Kalendář FZ - 12 měsíců, 2023.xlsx",201,2012,,,,  PS 6000/3f/650/1f-45 min,,,,,,,,,,,,,15,,,,,,,,,,,,,,,,,,,,,,,,,,,,,,,,,,,,,,,,,,,,,,,,,,,,,,,,,,,,,,,,,,,,,,,,,,,0,"Karlovy Vary, Nová Louka",,,,"Karlovy Vary, Nová Louka, Česká republika","Karlovy Vary, Nová Louka, Česká republika"
"Karviná, BD U svobodáren 1300,1303, svaz tělesně postižených","Karviná, BD U svobodáren 1300,1303, svaz tělesně postižených","BD U svobodáren 1300, svaz tělesně postižených, Česká republika",2 x Rectifier 15kVA/3F - 45minut,2 x Rectifier 15kVA/3F - 45minut,"Bulavová 722 280 599,Liboska Lift ser. 777735859,Chvastek 777625720","Bulavová 722 280 599,Liboska Lift ser. 777735859,Chvastek 777625720",Moravskoslezský,"tady se posílala nabídka na nové zdroje, ale jsou problémy s kabeláží…po dlouhých řešeních, pí Moňská říkala, že to není DPS. I dle požárníků, tedy revize 1 x ročně...1.4.2021 -baterie na konci životnosti, vysoká teplota","tady se posílala nabídka na nové zdroje, ale jsou problémy s kabeláží…po dlouhých řešeních, pí Moňská říkala, že to není DPS. I dle požárníků, tedy revize 1 x ročně...1.4.2021 -baterie na konci životnosti, vysoká teplota",,2022-05-03,,Bez termínu,šedá,,,zjednodušeno - geokódovat znovu,,"Dotaz zjednodušen na ulici/číslo + město + ČR/SR, bez názvů objektů.","karviná, bd u svobodáren 1300, 1303, svaz tělesně postižených, česká republika",2022-05-03,,,Bez termínu,šedá,2022-05-03 (nezjištěno),Kalendář FZ - 6 měsíců.xlsx,131,2017,,,"Bulavová 722 280 599,Liboska Lift ser. 777735859,Chvastek 777625720",2 x Rectifier 15kVA/3F - 45minut,"Karviná, BD U svobodáren 1300,1303, svaz tělesně postižených ",,,,,,3/22,,,,,,,,,8000,Lift servis,Lift servis,,,,,,,,,,,,,,,,,,,,,,,,,,,,,,,,,,,,,,,,,,,,,,,,,,,,,,,,,,,,,,,,,,,,,,1,,,,,"Karviná, BD U svobodáren 1300, 1303, svaz tělesně postižených, Česká republika","svaz tělesně postižených, BD U svobodáren 1300, Karviná, Česká republika"
"Karviná, Lázeňská, Darkov","Karviná, Lázeňská, Darkov","Karviná, Lázeňská, Darkov, Česká republika",Astip PS 15kVA/3f-45 minut EI 45,Astip PS 15kVA/3f-45 minut EI 45,Lenka Waleczková - 735 170 224,Lenka Waleczková - 735 170 224,Moravskoslezský,"tady se dělala kompltní zkouška provozuschopnosti, technik PO + 1500 Kč bez DPJH","tady se dělala kompltní zkouška provozuschopnosti, technik PO + 1500 Kč bez DPJH",2026-09-05,2026-03-05,124.0,Více než 60 dnů,zelená,49.84485,18.5418,OK Mapy.com,,čeká na přesné geokódování,"karviná, lázeňská, darkov, česká republika",2026-03-05,2026-09-05,124.0,Více než 60 dnů,zelená,2026-03-05 (proběhlá); 2026-09-05 (plánovaná),Kalendář FZ - 6 měsíců.xlsx,132,2016,,ano,Lenka Waleczková - 735 170 224,Astip PS 15kVA/3f-45 minut EI 45,"Karviná, Lázeňská, Darkov",,,,5/26,,,,,,5/26,,,,,,,,,,,,,,,,,,,,,,,,,,,,,,,,,,,,,,,,,,,,,,,,,,,,,,,,,,,,,,,,,,,,,,,,,,,,,2,,,,,"Karviná, Lázeňská, Darkov, Česká republika","Karviná, Lázeňská, Darkov, Česká republika"
"Karviná, park B. Smetany 1765, okresní soud","Karviná, park B. Smetany 1765, okresní soud","Karviná, park B. Smetany 1765, okresní soud, Česká republika",STRONG 5000/3f - 45 minut,STRONG 5000/3f - 45 minut,"Michaela Pelikánová e- mail: mpelikanova@osoud.kna.justice.cz, tel.: +420 737 244 013 popřípadě pevná linka + 420 596 390 423","Michaela Pelikánová e- mail: mpelikanova@osoud.kna.justice.cz, tel.: +420 737 244 013 popřípadě pevná linka + 420 596 390 423",Moravskoslezský,,,2026-09-09,,128.0,Více než 60 dnů,zelená,49.85202,18.54654,OK Mapy.com,,čeká na přesné geokódování,"karviná, park b. smetany 1765, okresní soud, česká republika",,2026-09-09,128.0,Více než 60 dnů,zelená,2026-09-09 (plánovaná),"Kalendář FZ - 12 měsíců, 2023.xlsx",202,2018,,,,STRONG 5000/3f - 45 minut,,,,,,,,,,,9/26,,,,,,,,,,,,,,,,,,,,,,,,,,,,,,,,,,,,,,,,,,,,,,,,,,,,,,,,,,,,,,,,,,,,,,,,,,,,,1,"Karviná, park B. Smetany 1765, okresní soud",,,,"Karviná, park B. Smetany 1765, okresní soud, Česká republika","Karviná, park B. Smetany 1765, okresní soud, Česká republika"
"Karviná, tř. Osvobození, ÚP","Karviná, tř. Osvobození, ÚP","Karviná, tř. Osvobození, ÚP, Česká republika",PS 40kVA/3f-45 minut,PS 40kVA/3f-45 minut,"údržba - pan Přeček 722 730 281, út, čt, pá po 11:00 hod","údržba - pan Přeček 722 730 281, út, čt, pá po 11:00 hod",Moravskoslezský,"příští kontrola út, čt po 11:00 hodině","příští kontrola út, čt po 11:00 hodině",2026-09-05,2026-03-05,124.0,Více než 60 dnů,zelená,49.86826,18.53723,OK Mapy.com,,čeká na přesné geokódování,"karviná, tř. osvobození, úp, česká republika",2026-03-05,2026-09-05,124.0,Více než 60 dnů,zelená,2026-03-05 (proběhlá); 2026-09-05 (plánovaná),Kalendář FZ - 6 měsíců.xlsx,133,2016,,poznámka,"údržba - pan Přeček 722 730 281, út, čt, pá po 11:00 hod",PS 40kVA/3f-45 minut,"Karviná, tř. Osvobození, ÚP",,,,5/26,,,,,,5/26,,,,,,,,,,,,,,,,,,,,,,,,,,,,,,,,,,,,,,,,,,,,,,,,,,,,,,,,,,,,,,,,,,,,,,,,,,,,,2,,,,,"Karviná, tř. Osvobození, ÚP, Česká republika","Karviná, tř. Osvobození, ÚP, Česká republika"
"Karviná, U Bažantnice","Karviná, U Bažantnice","Karviná, U Bažantnice, Česká republika",PS 15kVA/3f-45 minut,PS 15kVA/3f-45 minut,Petrovičová 603 908 947,Petrovičová 603 908 947,Moravskoslezský,"tak už ho nepotřebují, nemají ev. výtah...12.3.2025 -posílám znvou i s CN, 13.6.2024 - petrovicové zaslán dotaz, dělla se jim naíbídka na nový zdroj pošleme aktualizaci…., 1.6.2021 - STOP STAV, 22.11.2019 - STOP STAV","tak už ho nepotřebují, nemají ev. výtah...12.3.2025 -posílám znvou i s CN, 13.6.2024 - petrovicové zaslán dotaz, dělla se jim naíbídka na nový zdroj pošleme aktualizaci…., 1.6.2021 - STOP STAV, 22.11.2019 - STOP STAV",,2021-06-01,,Bez termínu,šedá,49.86984,18.53627,OK Mapy.com,,čeká na přesné geokódování,"karviná, u bažantnice, česká republika",2021-06-01,,,Bez termínu,šedá,2021-06-01 (nezjištěno),Kalendář FZ - 6 měsíců.xlsx,134,2015,ano,,Petrovičová 603 908 947,  PS 15kVA/3f-45 minut,"Karviná, U Bažantnice",,,,,,,1/21,,,,,,,,,,,,,,,,,,,,,,,,,,,,,,,,,,,,,,,,,,,,,,,,,,,,,,,,,,,,,,,,,,,,,,,,,,,,,,,,1,,,,,"Karviná, U Bažantnice, Česká republika","Karviná, U Bažantnice, Česká republika"
"Kařez 98, BD","Kařez 98, BD","BD, Kařez 98, Česká republika",ASTIP STRONG 7500VA/3F-30 minut,ASTIP STRONG 7500VA/3F-30 minut,Svobodová 774 979 957,Svobodová 774 979 957,Plzeňský,,,2027-01-27,,268.0,Více než 60 dnů,zelená,49.93269,17.28506,upraveno - znovu geokódovat,,Adresa automaticky upravena pro Mapy.com; spusť znovu geokodér.,"kařez 98, bd, česká republika",,2027-01-27,268.0,Více než 60 dnů,zelená,2027-01-27 (plánovaná),"Kalendář FZ - 12 měsíců, 2023.xlsx",203,2021,,,,ASTIP STRONG 7500VA/3F-30 minut,,,27/27,,,,,,,,,,,,,,,,,,,,,,,,,,,,,,,,,,,,,,,,,,,,,,,,,,,,,,,,,,,,,,,,,,,,,,,,,,,,,,,,,,,,,1,"Kařez 98, BD",,,,"Kařez 98, BD, Česká republika","BD, Kařez 98, Česká republika"
"Kladno, Jaroslava Holečka 3306, 3307, 3308, 3309","Kladno, Jaroslava Holečka 3306, 3307, 3308, 3309","Kladno, Jaroslava Holečka 3306, 3307, 3308, 3309, Česká republika","4 x ASTIP PS 7 500/3F -30 minut, RPO","4 x ASTIP PS 7 500/3F -30 minut, RPO",Šefl 727 887 088,Šefl 727 887 088,Středočeský,Cena za kusy revize 20 000 bez DPH,Cena za kusy revize 20 000 bez DPH,2026-02-20,2026-02-20,-73.0,Po termínu,červená,50.13562,14.13911,OK Mapy.com,,čeká na přesné geokódování,"kladno, jaroslava holečka 3306, 3307, 3308, 3309, česká republika",2026-02-20,2026-02-20,-73.0,Po termínu,červená,2026-01-28 (plánovaná); 2026-02-20 (plánovaná),"Kalendář FZ - 12 měsíců, 2023.xlsx",204,2018,,,,"4 x ASTIP PS 7 500/3F -30 minut, RPO",,,28/26,"20/26-3309,3308",,,,,,,,,,,,,,,,,,,,,,,,,,,,,,,,,,,,,,,,,,,,,,,,,,,,,,,,,,,,,,,,,,,,,,,,,,,,,,,,,,,,2,"Kladno, Jaroslava Holečka 3306, 3307, 3308, 3309",,,,"Kladno, Jaroslava Holečka 3306, 3307, 3308, 3309, Česká republika","Kladno, Jaroslava Holečka 3306, 3307, 3308, 3309, Česká republika"
"Klatovy, Podhůrecká 815/3, DPS","Klatovy, Podhůrecká 815/3, DPS","DPS, Podhůrecká 815/3, Klatovy, Česká republika",ASTIP STRONG Liftback 15kVA/3F -45 minut,ASTIP STRONG Liftback 15kVA/3F -45 minut,Mazancová 376 347 116,Mazancová 376 347 116,Plzeňský,,,2026-09-19,2026-03-19,138.0,Více než 60 dnů,zelená,49.4006,13.27658,upraveno - znovu geokódovat,,Adresa automaticky upravena pro Mapy.com; spusť znovu geokodér.,"klatovy, podhůrecká 815/3, dps, česká republika",2026-03-19,2026-09-19,138.0,Více než 60 dnů,zelená,2026-03-19 (proběhlá); 2026-09-19 (plánovaná),Kalendář FZ - 6 měsíců.xlsx,135,2024,ano,ano,Mazancová 376 347 116,ASTIP STRONG Liftback 15kVA/3F -45 minut,"Klatovy, Podhůrecká 815/3, DPS",,,,19/26,,,,,,19/26,,,,,,,,,,,,,,,,,,,,,,,,,,,,,,,,,,,,,,,,,,,,,,,,,,,,,,,,,,,,,,,,,,,,,,,,,,,,,2,,,,,"Klatovy, Podhůrecká 815/3, DPS, Česká republika","DPS, Podhůrecká 815/3, Klatovy, Česká republika"
"Klobouky u Brna, Císařova 394/27, diakonie","Klobouky u Brna, Císařova 394/27, diakonie","Klobouky u Brna, Císařova 394/27, diakonie, Česká republika",ASTIP STRONG 5kVA/3kVA/3F -30 min.,ASTIP STRONG 5kVA/3kVA/3F -30 min.,Ing. Jan Gavlík 777 936 578,Ing. Jan Gavlík 777 936 578,Jihomoravský,"bohužel, nemožná dohoda ohledně četnosti revizí, tedy 1 x ročně, dle jejich PBŘ","bohužel, nemožná dohoda ohledně četnosti revizí, tedy 1 x ročně, dle jejich PBŘ",2026-03-06,2026-03-06,-59.0,Po termínu,červená,48.99756,16.862,OK Mapy.com,,čeká na přesné geokódování,"klobouky u brna, císařova 394/27, diakonie, česká republika",2026-03-06,2026-03-06,-59.0,Po termínu,červená,2026-03-06 (plánovaná),"Kalendář FZ - 12 měsíců, 2023.xlsx",207,2020,ano,,,ASTIP STRONG 5kVA/3kVA/3F -30 min.,,,,,6/26,,,,,,,,,,,,,,,,,,,,,,,,,,,,,,,,,,,,,,,,,,,,,,,,,,,,,,,,,,,,,,,,,,,,,,,,,,,,,,,,,,,1,"Klobouky u Brna, Císařova 394/27, diakonie",,,,"Klobouky u Brna, Císařova 394/27, diakonie, Česká republika","Klobouky u Brna, Císařova 394/27, diakonie, Česká republika"
"Klášterec nad Ohří,Průmyslová 2,Průmyslová 23, Toyoda Gosei Czech","Klášterec nad Ohří,Průmyslová 2,Průmyslová 23, Toyoda Gosei Czech","Toyoda Gosei Czech, Průmyslová 2, Klášterec nad Ohří, Česká republika",3 záložní zdroje,3 záložní zdroje,"Ing. Miroslav Lukša, Easy Technologies, s.r.o. Hlaváček 739 093 305","Ing. Miroslav Lukša, Easy Technologies, s.r.o. Hlaváček 739 093 305",Pardubický,Toyoda - Easy technologies,Toyoda - Easy technologies,2026-06-24,2025-05-06,51.0,30–60 dnů,žlutá,50.21668,15.82275,upraveno - znovu geokódovat,,Adresa automaticky upravena pro Mapy.com; spusť znovu geokodér.,"klášterec nad ohří, průmyslová 2, průmyslová 23, toyoda gosei czech, česká republika",2025-05-06,2026-06-24,51.0,30–60 dnů,žlutá,2025-05-06 (plánovaná); 2026-06-24 (plánovaná); 2026-09-11 (plánovaná),"Kalendář FZ - 12 měsíců, 2023.xlsx",205,"2012,2015,2017",ano,,,3 záložní zdroje,,,,,,,6/25-15kVA,"24/26 -15kva, PS 3,6  STOP STAV",,,11/26-3kVA,,,,,,,,,,,,,,,,,,,,,,,,,,,,,,,,,,,,,,,,,,,,,,,,,,,,,,,,,,,,,,,,,,,,,,,,,,,,,3,"Klášterec nad Ohří,Průmyslová 2,Průmyslová 23, Toyoda Gosei Czech",,,,"Klášterec nad Ohří, Průmyslová 2, Průmyslová 23, Toyoda Gosei Czech, Česká republika","Toyoda Gosei Czech, Průmyslová 2, Klášterec nad Ohří, Česká republika"
"Klíčava, Zbečno 146, úpravna vody","Klíčava, Zbečno 146, úpravna vody","úpravna vody, Zbečno 146, Klíčava, Česká republika",NENÍ PBZ - ASTIP STRONG 1500/3F -30 minut,NENÍ PBZ - ASTIP STRONG 1500/3F -30 minut,Křeček 602 244 668,Křeček 602 244 668,Středočeský,"2/3/21 -nutná výměna aku + desky, reklamace, předáno Lukášovi","2/3/21 -nutná výměna aku + desky, reklamace, předáno Lukášovi",,2021-03-02,,Bez termínu,šedá,50.05966,13.93436,upraveno - znovu geokódovat,,Adresa automaticky upravena pro Mapy.com; spusť znovu geokodér.,"klíčava, zbečno 146, úpravna vody, česká republika",2021-03-02,,,Bez termínu,šedá,2021-03-02 (nezjištěno),"Kalendář FZ - 12 měsíců, 2023.xlsx",206,2019,,,,NENÍ PBZ - ASTIP STRONG 1500/3F -30 minut,,,,,2/21,,,,,,,,,,,,,,,,,,,,,,,,,,,,,,,,,,,,,,,,,,,,,,,,,,,,,,,,,,,,,,,,,,,,,,,,,,,,,,,,,,,1,"Klíčava, Zbečno 146, úpravna vody",,,,"Klíčava, Zbečno 146, úpravna vody, Česká republika","úpravna vody, Zbečno 146, Klíčava, Česká republika"
"Kokořín, Hotel Kokořín,Emeran 1791","Kokořín, Hotel Kokořín,Emeran 1791","Kokořín, Hotel Kokořín, Emeran 1791, Česká republika",PS 12000/3f-60 minut,PS 12000/3f-60 minut,,,Středočeský,,,,,,Bez termínu,šedá,50.42734,14.58013,OK Mapy.com,,čeká na přesné geokódování,"kokořín, hotel kokořín, emeran 1791, česká republika",,,,Bez termínu,šedá,,"Kalendář FZ - 12 měsíců, 2023.xlsx",208,2011,,,,  PS 12000/3f-60 minut,,,KO od 2015,24,,,,,,,,,,,,,,,,,,,,,,,,,,,,,,,,,,,,,,,,,,,,,,,,,,,,,,,,,,,,,,,,,,,,,,,,,,,,,,,,,,,,0,"Kokořín, Hotel Kokořín,Emeran 1791",,,,"Kokořín, Hotel Kokořín, Emeran 1791, Česká republika","Kokořín, Hotel Kokořín, Emeran 1791, Česká republika"
"Kolín, Nad Zastávkou 64, DPS","Kolín, Nad Zastávkou 64, DPS","Kolín, Nad Zastávkou 64, DPS, Česká republika",Strong 30 000/3F - 45minut,Strong 30 000/3F - 45minut,Douděra 602 851 686,Douděra 602 851 686,Středočeský,"13.6.2024 - tak pan Douděra mi řekl, že baterky vyměnila jiná firma, zdroj je funkční říkal","13.6.2024 - tak pan Douděra mi řekl, že baterky vyměnila jiná firma, zdroj je funkční říkal",,2023-10-19,,Bez termínu,šedá,50.03036,15.19492,OK Mapy.com,,čeká na přesné geokódování,"kolín, nad zastávkou 64, dps, česká republika",2023-10-19,,,Bez termínu,šedá,2023-10-19 (nezjištěno),Kalendář FZ - 6 měsíců.xlsx,136,"0 v.č., 2017",,,Douděra 602 851 686,Strong 30 000/3F - 45minut,"Kolín, Nad Zastávkou 64, DPS",,,,,,,,,,,19/23,,,,9500,,,,,,,,,,,,,,,,,,,,,,,,,,,,,,,,,,,,,,,,,,,,,,,,,,,,,,,,,,,,,,,,,,,,,,,,1,,,,,"Kolín, Nad Zastávkou 64, DPS, Česká republika","Kolín, Nad Zastávkou 64, DPS, Česká republika"
"Kolín, Slovenská 984","Kolín, Slovenská 984","Kolín, Slovenská 984, Česká republika",PS 10 000/3F – 45min,PS 10 000/3F – 45min,Douděra 602 851 686,Douděra 602 851 686,Středočeský,"tak už věc vyřešili jinak….12.3.2025 -posílám dotaz mailem, 13.6.2024 - pan Douděra - výměna je v řešení….na městě","tak už věc vyřešili jinak….12.3.2025 -posílám dotaz mailem, 13.6.2024 - pan Douděra - výměna je v řešení….na městě",2026-04-01,2026-04-01,-33.0,Po termínu,červená,50.02464,15.19312,OK Mapy.com,,čeká na přesné geokódování,"kolín, slovenská 984, česká republika",2026-04-01,2026-04-01,-33.0,Po termínu,červená,2026-04-01 (plánovaná),Kalendář FZ - 6 měsíců.xlsx,137,2019,,,Douděra 602 851 686,PS 10 000/3F – 45min,"Kolín, Slovenská 984",,,,,1/26,,,,,,,,,,,,,,,,,,,,,,,,,,,,,,,,,,,,,,,,,,,,,,,,,,,,,,,,,,,,,,,,,,,,,,,,,,,,,,,,,,1,,,,,"Kolín, Slovenská 984, Česká republika","Kolín, Slovenská 984, Česká republika"
"Kolín, Tyršova 976","Kolín, Tyršova 976","Kolín, Tyršova 976, Česká republika",PS 30 kVA/3f-45 minut,PS 30 kVA/3f-45 minut,Chlád 702 268 075,Chlád 702 268 075,Středočeský,2025 - posílám mail na pana Chláda + máme i cenovku z roku 2020,2025 - posílám mail na pana Chláda + máme i cenovku z roku 2020,2020-04-02,2020-04-02,-2223.0,Po termínu,červená,50.02408,15.19028,OK Mapy.com,,čeká na přesné geokódování,"kolín, tyršova 976, česká republika",2020-04-02,2020-04-02,-2223.0,Po termínu,červená,2020-04-02 (plánovaná),"Kalendář FZ - 12 měsíců, 2023.xlsx",209,2016,,,,  PS 30 kVA/3f-45 minut,,,,,,2/20,,,,,,,,,,,,,,,,,,,,,,,,,,,,,,,,,,,,,,,,,,,,,,,,,,,,,,,,,,,,,,,,,,,,,,,,,,,,,,,,,,1,"Kolín, Tyršova 976",,,,"Kolín, Tyršova 976, Česká republika","Kolín, Tyršova 976, Česká republika"
"Kopřivnice, Štefánikova 12, MÚ","Kopřivnice, Štefánikova 12, MÚ","Kopřivnice, Štefánikova 12, MÚ, Česká republika",ASTIP PS 15kVA/3F -45 minut,ASTIP PS 15kVA/3F -45 minut,Mareček 603 965 339,Mareček 603 965 339,Moravskoslezský,,,2025-03-17,2024-09-17,-413.0,Po termínu,červená,49.59782,18.14716,OK Mapy.com,,čeká na přesné geokódování,"kopřivnice, štefánikova 12, mú, česká republika",2024-09-17,2025-03-17,-413.0,Po termínu,červená,2024-09-17 (proběhlá); 2025-03-17 (plánovaná),Kalendář FZ - 6 měsíců.xlsx,138,2019,,,Mareček 603 965 339,ASTIP PS 15kVA/3F -45 minut,"Kopřivnice, Štefánikova 12, MÚ",,,,17/25,,,,,,17/24,,,,,,,,,,,,,,,,,,,,,,,,,,,,,,,,,,,,,,,,,,,,,,,,,,,,,,,,,,,,,,,,,,,,,,,,,,,,,2,,,,,"Kopřivnice, Štefánikova 12, MÚ, Česká republika","Kopřivnice, Štefánikova 12, MÚ, Česká republika"
"Kralice na Hané, Kralický Háj 365","Kralice na Hané, Kralický Háj 365","Kralice na Hané, Kralický Háj 365, Česká republika",STRONG 2000/3f-45 min,STRONG 2000/3f-45 min,Haluza 604 222 725    Krieger - 604 222 549,Haluza 604 222 725    Krieger - 604 222 549,Olomoucký,"2025 -šli jsme napřímo, bez SCHRACKU, objednali si nás - pan Haluza","2025 -šli jsme napřímo, bez SCHRACKU, objednali si nás - pan Haluza",2026-06-11,2025-12-11,38.0,30–60 dnů,žlutá,49.46578,17.15245,OK Mapy.com,,čeká na přesné geokódování,"kralice na hané, kralický háj 365, česká republika",2025-12-11,2026-06-11,38.0,30–60 dnů,žlutá,2025-12-11 (proběhlá); 2026-06-11 (plánovaná),Kalendář FZ - 6 měsíců.xlsx,139,2018,,,Haluza 604 222 725    Krieger - 604 222 549,STRONG 2000/3f-45 min,"Kralice na Hané, Kralický Háj 365",,,,,,,11/26,,,,,,11/25,,,,,,,,,,,,,,,,,,,,,,,,,,,,,,,,,,,,,,,,,,,,,,,,,,,,,,,,,,,,,,,,,,,,,,,,,,2,,,,,"Kralice na Hané, Kralický Háj 365, Česká republika","Kralice na Hané, Kralický Háj 365, Česká republika"
"Kralovice, Nám. Osvobození","Kralovice, Nám. Osvobození","Kralovice, Nám. Osvobození, Česká republika",PS 25 kVA/3F -45 minut,PS 25 kVA/3F -45 minut,Kubatová 773 747 236,Kubatová 773 747 236,Plzeňský,,,2026-10-14,2026-04-14,163.0,Více než 60 dnů,zelená,49.9819,13.4886,OK Mapy.com,,čeká na přesné geokódování,"kralovice, nám. osvobození, česká republika",2026-04-14,2026-10-14,163.0,Více než 60 dnů,zelená,2026-04-14 (proběhlá); 2026-10-14 (plánovaná),Kalendář FZ - 6 měsíců.xlsx,140,2018,,,Kubatová 773 747 236,PS 25 kVA/3F -45 minut,"Kralovice, Nám. Osvobození",,,,,14/26,,,,,,14/26,,,,,,,,,,,,,,,,,,,,,,,,,,,,,,,,,,,,,,,,,,,,,,,,,,,,,,,,,,,,,,,,,,,,,,,,,,,,2,,,,,"Kralovice, Nám. Osvobození, Česká republika","Kralovice, Nám. Osvobození, Česká republika"
"Kralupy nad Vltavou, Palackého nám. 1, MÚ","Kralupy nad Vltavou, Palackého nám. 1, MÚ","Kralupy nad Vltavou, Palackého nám. 1, MÚ, Česká republika",ASTIP STRONG 5000/3F -45 minut,ASTIP STRONG 5000/3F -45 minut,Lenka Moravcová 315 739 888,Lenka Moravcová 315 739 888,Středočeský,,,2026-10-14,2026-04-14,163.0,Více než 60 dnů,zelená,50.24123,14.31095,OK Mapy.com,,čeká na přesné geokódování,"kralupy nad vltavou, palackého nám. 1, mú, česká republika",2026-04-14,2026-10-14,163.0,Více než 60 dnů,zelená,2026-04-14 (proběhlá); 2026-10-14 (plánovaná),Kalendář FZ - 6 měsíců.xlsx,141,2023,ano,ano,Lenka Moravcová 315 739 888,ASTIP STRONG 5000/3F -45 minut,"Kralupy nad Vltavou, Palackého nám. 1, MÚ",,,,,14/26,,,,,,14/26,,,,,,,,,,,,,,,,,,,,,,,,,,,,,,,,,,,,,,,,,,,,,,,,,,,,,,,,,,,,,,,,,,,,,,,,,,,,2,,,,,"Kralupy nad Vltavou, Palackého nám. 1, MÚ, Česká republika","Kralupy nad Vltavou, Palackého nám. 1, MÚ, Česká republika"
"Kroměříž, Erbenovo nábř. 4262","Kroměříž, Erbenovo nábř. 4262","Kroměříž, Erbenovo nábř. 4262, Česká republika",2 x ASTIP PS LiftBack 20 000/3f-45 minut,2 x ASTIP PS LiftBack 20 000/3f-45 minut,Mgr. Vladimíra Marková  774 771 054,Mgr. Vladimíra Marková  774 771 054,Zlínský,hlídat sami termíny,hlídat sami termíny,2026-07-06,2026-03-11,63.0,Více než 60 dnů,zelená,49.29807,17.40454,OK Mapy.com,,čeká na přesné geokódování,"kroměříž, erbenovo nábř. 4262, česká republika",2026-03-11,2026-07-06,63.0,Více než 60 dnů,zelená,2026-01-06 (proběhlá); 2026-03-11 (proběhlá); 2026-07-06 (plánovaná); 2026-09-11 (plánovaná),Kalendář FZ - 6 měsíců.xlsx,142,2017 +2026,ano,ano,Mgr. Vladimíra Marková  774 771 054,2 x ASTIP PS LiftBack 20 000/3f-45 minut,"Kroměříž, Erbenovo nábř. 4262",,6/26-1x stop stav,,11/26,,,,6/26,,11/26,,,,,,,,,,,,,,,,,,,,,,,,,,,,,,,,,,,,,,,,,,,,,,,,,,,,,,,,,,,,,,,,,,,,,,,,,,,,,4,,,,,"Kroměříž, Erbenovo nábř. 4262, Česká republika","Kroměříž, Erbenovo nábř. 4262, Česká republika"
"Kroměříž, Lesní 54, DPS","Kroměříž, Lesní 54, DPS","Kroměříž, Lesní 54, DPS, Česká republika",2 x ASTIP PS LiftBack 15 000/3f-45 minut,2 x ASTIP PS LiftBack 15 000/3f-45 minut,Pospíšilová 774 771 056,Pospíšilová 774 771 056,Zlínský,,,2026-09-10,2026-03-10,129.0,Více než 60 dnů,zelená,49.27586,17.39252,OK Mapy.com,,čeká na přesné geokódování,"kroměříž, lesní 54, dps, česká republika",2026-03-10,2026-09-10,129.0,Více než 60 dnů,zelená,2026-03-10 (proběhlá); 2026-09-10 (plánovaná),Kalendář FZ - 6 měsíců.xlsx,143,2020,,,Pospíšilová 774 771 056,2 x ASTIP PS LiftBack 15 000/3f-45 minut,"Kroměříž, Lesní 54, DPS",,,,10/26,,,,,,10/26,,,,,,,,,,,,,,,,,,,,,,,,,,,,,,,,,,,,,,,,,,,,,,,,,,,,,,,,,,,,,,,,,,,,,,,,,,,,,2,,,,,"Kroměříž, Lesní 54, DPS, Česká republika","Kroměříž, Lesní 54, DPS, Česká republika"
"Kroměříž, Velké Náměstí, U zlatého Kohouta","Kroměříž, Velké Náměstí, U zlatého Kohouta","Kroměříž, Velké Náměstí, U zlatého Kohouta, Česká republika",PS 25kVA/3f-45 minut,PS 25kVA/3f-45 minut,,,Zlínský,"STOP STAV, Libor poslal hasiče, Hotel u zlatého kohouta","STOP STAV, Libor poslal hasiče, Hotel u zlatého kohouta",,,,Bez termínu,šedá,49.29812,17.39262,OK Mapy.com,,čeká na přesné geokódování,"kroměříž, velké náměstí, u zlatého kohouta, česká republika",,,,Bez termínu,šedá,,Kalendář FZ - 6 měsíců.xlsx,144,2015,,,,  PS 25kVA/3f-45 minut,"Kroměříž, Velké Náměstí, U zlatého Kohouta",,,,,,,,6,,,,,,,,,,,,,,,,,,,,,,,,,,,,,,,,,,,,,,,,,,,,,,,,,,,,,,,,,,,,,,,,,,,,,,,,,,,,,,,0,,,,,"Kroměříž, Velké Náměstí, U zlatého Kohouta, Česká republika","Kroměříž, Velké Náměstí, U zlatého Kohouta, Česká republika"
"Kuks, Hospitál Kuks","Kuks, Hospitál Kuks","Kuks, Hospitál Kuks, Česká republika",PS 10/3kVA/3f-45 minut,PS 10/3kVA/3f-45 minut,Ledvinka 724 663 685,Ledvinka 724 663 685,Královehradecký,,,2027-01-29,,270.0,Více než 60 dnů,zelená,50.39762,15.88936,OK Mapy.com,,čeká na přesné geokódování,"kuks, hospitál kuks, česká republika",,2027-01-29,270.0,Více než 60 dnů,zelená,2027-01-29 (plánovaná),"Kalendář FZ - 12 měsíců, 2023.xlsx",210,2014,,,,  PS 10/3kVA/3f-45 minut,,,29/27,,,,,,,,,,,,,,,,,,,,,,,,,,,,,,,,,,,,,,,,,,,,,,,,,,,,,,,,,,,,,,,,,,,,,,,,,,,,,,,,,,,,,1,"Kuks, Hospitál Kuks",,,,"Kuks, Hospitál Kuks, Česká republika","Kuks, Hospitál Kuks, Česká republika"
"Kunovice, Cihlářská 526, DZP","Kunovice, Cihlářská 526, DZP","Kunovice, Cihlářská 526, DZP, Česká republika",Astip STRONG Liftback 30kVA/3F-45 minut/EI45,Astip STRONG Liftback 30kVA/3F-45 minut/EI45,Čechová 608 664 837,Čechová 608 664 837,,,,2026-07-06,2026-01-06,63.0,Více než 60 dnů,zelená,49.03724,17.47422,OK Mapy.com,,čeká na přesné geokódování,"kunovice, cihlářská 526, dzp, česká republika",2026-01-06,2026-07-06,63.0,Více než 60 dnů,zelená,2026-01-06 (proběhlá); 2026-07-06 (plánovaná),Kalendář FZ - 6 měsíců.xlsx,145,2025,,,Čechová 608 664 837,Astip STRONG Liftback 30kVA/3F-45 minut/EI45,"Kunovice, Cihlářská 526, DZP",,6/26,,,,,,6/26,,,,,,,,,,,,,,,,,,,,,,,,,,,,,,,,,,,,,,,,,,,,,,,,,,,,,,,,,,,,,,,,,,,,,,,,,,,,,,,2,,,,,"Kunovice, Cihlářská 526, DZP, Česká republika","Kunovice, Cihlářská 526, DZP, Česká republika"
"Kutná Hora, U Lorce, BD","Kutná Hora, U Lorce, BD","U Lorce, BD, Kutná Hora, Česká republika","ASTIP PS 11kVA/7,5kVA/3F -45 minut","ASTIP PS 11kVA/7,5kVA/3F -45 minut",Salay 777 639 020,Salay 777 639 020,Středočeský,,,2026-09-04,,123.0,Více než 60 dnů,zelená,49.95625,15.27168,upraveno - znovu geokódovat,,Adresa automaticky upravena pro Mapy.com; spusť znovu geokodér.,"kutná hora, u lorce, bd, česká republika",,2026-09-04,123.0,Více než 60 dnů,zelená,2026-09-04 (plánovaná),"Kalendář FZ - 12 měsíců, 2023.xlsx",211,2021,,,,"ASTIP PS 11kVA/7,5kVA/3F -45 minut",,,,,,,,,,,4/26,,,,,,,,,,,,,,,,,,,,,,,,,,,,,,,,,,,,,,,,,,,,,,,,,,,,,,,,,,,,,,,,,,,,,,,,,,,,,1,"Kutná Hora, U Lorce, BD",,,,"Kutná Hora, U Lorce, BD, Česká republika","U Lorce, BD, Kutná Hora, Česká republika"
"Kuřim, zimní stadion","Kuřim, zimní stadion","Kuřim, zimní stadion, Česká republika",ASTIP PS 20kVA/3F -30 minut,ASTIP PS 20kVA/3F -30 minut,pan Dvořák 733 524 654,pan Dvořák 733 524 654,Jihomoravský,,,2025-08-21,2025-02-21,-256.0,Po termínu,červená,49.31183,16.53257,OK Mapy.com,,čeká na přesné geokódování,"kuřim, zimní stadion, česká republika",2025-02-21,2025-08-21,-256.0,Po termínu,červená,2025-02-21 (proběhlá); 2025-08-21 (plánovaná),Kalendář FZ - 6 měsíců.xlsx,146,2019,,,pan Dvořák 733 524 654,ASTIP PS 20kVA/3F -30 minut,"Kuřim, zimní stadion ",,,21/25,,,,,,21/25,,,,,,,,,,,,,,,,,,,,,,,,,,,,,,,,,,,,,,,,,,,,,,,,,,,,,,,,,,,,,,,,,,,,,,,,,,,,,,2,,,,,"Kuřim, zimní stadion, Česká republika","Kuřim, zimní stadion, Česká republika"
"Kvasice, Družstevní 734, KODUS","Kvasice, Družstevní 734, KODUS","Kvasice, Družstevní 734, KODUS, Česká republika",ASTIP STRONG 75kVA/30kVA/3F-45 minut,ASTIP STRONG 75kVA/30kVA/3F-45 minut,ing. Dušan Odehnal 724 189 504,ing. Dušan Odehnal 724 189 504,Zlínský,,,2026-10-09,2026-04-09,158.0,Více než 60 dnů,zelená,49.23614,17.47119,OK Mapy.com,,čeká na přesné geokódování,"kvasice, družstevní 734, kodus, česká republika",2026-04-09,2026-10-09,158.0,Více než 60 dnů,zelená,2026-04-09 (proběhlá); 2026-10-09 (plánovaná),Kalendář FZ - 6 měsíců.xlsx,147,2021,,,ing. Dušan Odehnal 724 189 504,ASTIP STRONG 75kVA/30kVA/3F-45 minut,"Kvasice, Družstevní 734, KODUS",,,,,9/26,,,,,,9/26,,,,,,,,,,,,,,,,,,,,,,,,,,,,,,,,,,,,,,,,,,,,,,,,,,,,,,,,,,,,,,,,,,,,,,,,,,,,2,,,,,"Kvasice, Družstevní 734, KODUS, Česká republika","Kvasice, Družstevní 734, KODUS, Česká republika"
"Kvasiny, Průmyslová Solnice","Kvasiny, Průmyslová Solnice","Kvasiny, Průmyslová Solnice, Česká republika",R - SOZ,R - SOZ,Corradini 724 230 992,Corradini 724 230 992,Královehradecký,,,2022-01-21,2022-01-21,-1564.0,Po termínu,červená,50.21249,16.26323,OK Mapy.com,,čeká na přesné geokódování,"kvasiny, průmyslová solnice, česká republika",2022-01-21,2022-01-21,-1564.0,Po termínu,červená,2022-01-21 (plánovaná),"Kalendář FZ - 12 měsíců, 2023.xlsx",212,bez,,,,R - SOZ ,,,21/22,,,,,,,,,,,,,,,,,,,,,,,,,,,,,,,,,,,,,,,,,,,,,,,,,,,,,,,,,,,,,,,,,,,,,,,,,,,,,,,,,,,,,1,"Kvasiny, Průmyslová Solnice",,,,"Kvasiny, Průmyslová Solnice, Česká republika","Kvasiny, Průmyslová Solnice, Česká republika"
"Kvilda, SVJ Maxmilián","Kvilda, SVJ Maxmilián","SVJ Maxmilián, Kvilda, Česká republika","Strong 4000/3f, 45 min","Strong 4000/3f, 45 min",Lenka Randáková 730 871 083,Lenka Randáková 730 871 083,Jihočeský,,,2026-09-11,,130.0,Více než 60 dnů,zelená,50.21791,15.0926,upraveno - znovu geokódovat,,Adresa automaticky upravena pro Mapy.com; spusť znovu geokodér.,"kvilda, svj maxmilián, česká republika",,2026-09-11,130.0,Více než 60 dnů,zelená,2026-09-11 (plánovaná),"Kalendář FZ - 12 měsíců, 2023.xlsx",213,2019,ano,,,"Strong 4000/3f, 45 min",,,,,,,,,,,11/26,,,,,,,,,,,,,,,,,,,,,,,,,,,,,,,,,,,,,,,,,,,,,,,,,,,,,,,,,,,,,,,,,,,,,,,,,,,,,1,"Kvilda, SVJ Maxmilián",,,,"Kvilda, SVJ Maxmilián, Česká republika","SVJ Maxmilián, Kvilda, Česká republika"
"Kyjov, Audi","Kyjov, Audi","Kyjov, Audi, Česká republika",PS 4000 a PS 2400,PS 4000 a PS 2400,Ing. Šesták - 608 422 478,Ing. Šesták - 608 422 478,Jihomoravský,moc peněz nechtějí dělat,moc peněz nechtějí dělat,,,,Bez termínu,šedá,49.0059,17.10597,OK Mapy.com,,čeká na přesné geokódování,"kyjov, audi, česká republika",,,,Bez termínu,šedá,,"Kalendář FZ - 12 měsíců, 2023.xlsx",214,2013,,,,PS 4000 a PS 2400,,,,,26,,,,,,,,,,,,,,,,,,,,,,,,,,,,,,,,,,,,,,,,,,,,,,,,,,,,,,,,,,,,,,,,,,,,,,,,,,,,,,,,,,,0,"Kyjov, Audi",,,,"Kyjov, Audi, Česká republika","Kyjov, Audi, Česká republika"
"Kyjov, městská knihovna, Komenského 617/20","Kyjov, městská knihovna, Komenského 617/20","městská knihovna, Komenského 617/20, Kyjov, Česká republika",PS 15 000/3f-45 minut,PS 15 000/3f-45 minut,Slavíček 518 614 358,Slavíček 518 614 358,Jihomoravský,,,2026-04-08,2025-10-08,-26.0,Po termínu,červená,50.08739,14.41739,upraveno - znovu geokódovat,,Adresa automaticky upravena pro Mapy.com; spusť znovu geokodér.,"kyjov, městská knihovna, komenského 617/20, česká republika",2025-10-08,2026-04-08,-26.0,Po termínu,červená,2025-10-08 (proběhlá); 2026-04-08 (plánovaná),Kalendář FZ - 6 měsíců.xlsx,148,2017,ano,,Slavíček 518 614 358,PS 15 000/3f-45 minut,"Kyjov, městská knihovna, Komenského 617/20",,,,,8/26,,,,,,8/25,,,,???,,,,,,,,,,,,,,,,,,,,,,,,,,,,,,,,,,,,,,,,,,,,,,,,,,,,,,,,,,,,,,,,,,,,,,,,2,,,,,"Kyjov, městská knihovna, Komenského 617/20, Česká republika","městská knihovna, Komenského 617/20, Kyjov, Česká republika"
"Kyjov, Strážovská, centrumpro seniory","Kyjov, Strážovská, centrumpro seniory","Kyjov, Strážovská, centrumpro seniory, Česká republika",PS 20kVA/3f-45 minut,PS 20kVA/3f-45 minut,"Macháček, 721115971, 518699515","Macháček, 721115971, 518699515",Jihomoravský,,,2026-05-13,,9.0,7–30 dnů,oranžová,49.00678,17.11143,OK Mapy.com,,čeká na přesné geokódování,"kyjov, strážovská, centrumpro seniory, česká republika",,2026-05-13,9.0,7–30 dnů,oranžová,2026-05-13 (plánovaná),Kalendář FZ - 6 měsíců.xlsx,149,2013 nově 2025,ano,ano,"Macháček, 721115971, 518699515",  PS 20kVA/3f-45 minut,"Kyjov, Strážovská, centrumpro seniory",,,,,,13/26,,,,,,,,,,Centrum pro seniory,Centrum pro seniory,,,,,,,,,,,,,,,,,,,,,,,,,,,,,,,,,,,,,,,,,,,,,,,,,,,,,,,,,,,,,,,,,,,,,,1,,,,,"Kyjov, Strážovská, centrumpro seniory, Česká republika","Kyjov, Strážovská, centrumpro seniory, Česká republika"
"Kyjovice, Domov na Zámku","Kyjovice, Domov na Zámku","Kyjovice, Domov na Zámku, Česká republika",STRONG 20 kVA/3F- 60 minut +20kVA/3F-45minut + nový 2024,STRONG 20 kVA/3F- 60 minut +20kVA/3F-45minut + nový 2024,Ing. Martiníková 739 653 438,Ing. Martiníková 739 653 438,Jihomoravský,19.12.2024 - nový zdroj 24121901,19.12.2024 - nový zdroj 24121901,2026-07-06,,63.0,Více než 60 dnů,zelená,49.83184,18.04488,OK Mapy.com,,čeká na přesné geokódování,"kyjovice, domov na zámku, česká republika",,2026-07-06,63.0,Více než 60 dnů,zelená,2026-07-06 (plánovaná),Kalendář FZ - 6 měsíců.xlsx,150,2017 + 2024,ano,ano,Ing. Martiníková 739 653 438,STRONG 20 kVA/3F- 60 minut +20kVA/3F-45minut + nový 2024,"Kyjovice, Domov na Zámku",,2026-06-01 00:00:00,,,,,,6/26,,,,,,,7200,,,,,,,,,,,,,,,,,,,,,,,,,,,,,,,,,,,,,,,,,,,,,,,,,,,,,,,,,,,,,,,,,,,,,,,,1,,,,,"Kyjovice, Domov na Zámku, Česká republika","Kyjovice, Domov na Zámku, Česká republika"
"Kynžvart, Lázeňská 295 - léčebné lázně","Kynžvart, Lázeňská 295 - léčebné lázně","Kynžvart, Lázeňská 295, léčebné lázně, Česká republika","ASTIP STRONG 20kVA/3F -10,45 minut","ASTIP STRONG 20kVA/3F -10,45 minut","Ing. Šlachta 606 603 568, Frank 723 854 790","Ing. Šlachta 606 603 568, Frank 723 854 790",Karlovarský,,,2025-12-30,2025-06-30,-125.0,Po termínu,červená,50.00789,12.63228,OK Mapy.com,,čeká na přesné geokódování,"kynžvart, lázeňská 295, léčebné lázně, česká republika",2025-06-30,2025-12-30,-125.0,Po termínu,červená,2025-06-30 (proběhlá); 2025-12-30 (plánovaná),Kalendář FZ - 6 měsíců.xlsx,151,2020,,,"Ing. Šlachta 606 603 568, Frank 723 854 790","ASTIP STRONG 20kVA/3F -10,45 minut","Kynžvart, Lázeňská 295 - léčebné lázně",,,,,,,30/25,,,,,,30/25,,,,,,,,,,,,,,,,,,,,,,,,,,,,,,,,,,,,,,,,,,,,,,,,,,,,,,,,,,,,,,,,,,,,,,,,,,2,,,,,"Kynžvart, Lázeňská 295, léčebné lázně, Česká republika","Kynžvart, Lázeňská 295, léčebné lázně, Česká republika"
"Lednické rovné, Medňanská 80, DPS","Lednické rovné, Medňanská 80, DPS","Lednické rovné, Medňanská 80, DPS, Slovensko",ASTIP PS 20kVA/3F -45 minut,ASTIP PS 20kVA/3F -45 minut,"Kočiš , 0903 423 421","Kočiš , 0903 423 421",Slovensko,,,2026-07-20,2026-01-20,77.0,Více než 60 dnů,zelená,49.0714,18.28898,OK Mapy.com,,čeká na přesné geokódování,"lednické rovné, medňanská 80, dps, slovensko",2026-01-20,2026-07-20,77.0,Více než 60 dnů,zelená,2026-01-20 (proběhlá); 2026-07-20 (plánovaná),Kalendář FZ - 6 měsíců.xlsx,153,2021,,,"Kočiš , 0903 423 421",ASTIP PS 20kVA/3F -45 minut,"Lednické rovné, Medňanská 80, DPS",,20/26,,,,,,20/26,,,,,,,,,,,,,,,,,,,,,,,,,,,,,,,,,,,,,,,,,,,,,,,,,,,,,,,,,,,,,,,,,,,,,,,,,,,,,,,2,,,,,"Lednické rovné, Medňanská 80, DPS, Slovensko","Lednické rovné, Medňanská 80, DPS, Slovensko"
"Lelekovice, Chmelníky","Lelekovice, Chmelníky","Lelekovice, Chmelníky, Česká republika",PS 1500/1f-35 minut,PS 1500/1f-35 minut,603864057,603864057,Jihomoravský,,,2026-05-13,,9.0,7–30 dnů,oranžová,49.28895,16.56573,OK Mapy.com,,čeká na přesné geokódování,"lelekovice, chmelníky, česká republika",,2026-05-13,9.0,7–30 dnů,oranžová,2026-05-13 (plánovaná),"Kalendář FZ - 12 měsíců, 2023.xlsx",215,2014,,,,  PS 1500/1f-35 minut,,,,,,,13/26,,,,,,,,,,,,,,,,,,,,,,,,,,,,,,,,,,,,,,,,,,,,,,,,,,,,,,,,,,,,,,,,,,,,,,,,,,,,,,,,,1,"Lelekovice, Chmelníky",,4000,,"Lelekovice, Chmelníky, Česká republika","Lelekovice, Chmelníky, Česká republika"
"Lelekovice, Hlavní 341/102 vchod A","Lelekovice, Hlavní 341/102 vchod A","Hlavní 341/102 vchod A, Hlavní 341/102 vchod A, Česká republika",ASTIP STRONG 15kVA/2kVA/3F -30 minut + RPO,ASTIP STRONG 15kVA/2kVA/3F -30 minut + RPO,Horák 725 528 848,Horák 725 528 848,Jihomoravský,,,2026-09-17,,136.0,Více než 60 dnů,zelená,49.29144,16.57874,OK final,,"Dotaz zjednodušen na ulici/číslo + město + ČR/SR, bez názvů objektů.","lelekovice, hlavní 341/102 vchod a, česká republika",,2026-09-17,136.0,Více než 60 dnů,zelená,2026-09-17 (plánovaná),"Kalendář FZ - 12 měsíců, 2023.xlsx",216,2021,,,,ASTIP STRONG 15kVA/2kVA/3F -30 minut + RPO,,,,,,,,,,,17/26,,,,,,,,,,,,,,,,,,,,,,,,,,,,,,,,,,,,,,,,,,,,,,,,,,,,,,,,,,,,,,,,,,,,,,,,,,,,,1,"Lelekovice, Hlavní 341/102 vchod A",,,,"Lelekovice, Hlavní 341/102 vchod A, Česká republika","Hlavní 341/102 vchod A, Lelekovice, Česká republika"
"Lelekovice, Hlavní 341/102 vchod B","Lelekovice, Hlavní 341/102 vchod B","Hlavní 341/102 vchod B, Hlavní 341/102 vchod B, Česká republika",ASTIP STRONG 20kVA/2kVA/3F -30 minut + RPO,ASTIP STRONG 20kVA/2kVA/3F -30 minut + RPO,Horák 725 528 848,Horák 725 528 848,Jihomoravský,,,2026-09-17,,136.0,Více než 60 dnů,zelená,49.29144,16.57874,OK final,,"Dotaz zjednodušen na ulici/číslo + město + ČR/SR, bez názvů objektů.","lelekovice, hlavní 341/102 vchod b, česká republika",,2026-09-17,136.0,Více než 60 dnů,zelená,2026-09-17 (plánovaná),"Kalendář FZ - 12 měsíců, 2023.xlsx",217,2021,,,,ASTIP STRONG 20kVA/2kVA/3F -30 minut + RPO,,,,,,,,,,,17/26,,,,,,,,,,,,,,,,,,,,,,,,,,,,,,,,,,,,,,,,,,,,,,,,,,,,,,,,,,,,,,,,,,,,,,,,,,,,,1,"Lelekovice, Hlavní 341/102 vchod B",,,,"Lelekovice, Hlavní 341/102 vchod B, Česká republika","Hlavní 341/102 vchod B, Lelekovice, Česká republika"
"Letohrad, Šedivská, Siemens-OEZ","Letohrad, Šedivská, Siemens-OEZ","Šedivská, Siemens-OEZ, Letohrad, Česká republika",PS 75 kVA/3F -30 minut,PS 75 kVA/3F -30 minut,pan Šlajs 725 520 125,pan Šlajs 725 520 125,Pardubický,30.7.2025 - dodán další zdroj 1kVA/1F-30 minut,30.7.2025 - dodán další zdroj 1kVA/1F-30 minut,2026-06-13,,40.0,30–60 dnů,žlutá,50.03646,16.50625,upraveno - znovu geokódovat,,Adresa automaticky upravena pro Mapy.com; spusť znovu geokodér.,"letohrad, šedivská, siemens-oez, česká republika",,2026-06-13,40.0,30–60 dnů,žlutá,2026-06-13 (plánovaná),"Kalendář FZ - 12 měsíců, 2023.xlsx",218,2017 +2025,,,,PS 75 kVA/3F -30 minut,,,,,,,,13/26,,,,,,,,,,,,,,,,,,,,,,,,,,,,,,,,,,,,,,,,,,,,,,,,,,,,,,,,,,,,,,,,,,,,,,,,,,,,,,,,1,"Letohrad, Šedivská, Siemens-OEZ",,,,"Letohrad, Šedivská, Siemens-OEZ, Česká republika","Šedivská, Siemens-OEZ, Letohrad, Česká republika"
"Lhota u Vsetína, 307, Kapka Resort","Lhota u Vsetína, 307, Kapka Resort","Lhota u Vsetína, 307, Kapka Resort, Česká republika","ASTIP STRONG 35/7,5kVA/3F-30 minut","ASTIP STRONG 35/7,5kVA/3F-30 minut",Čuba 739 386 700,Čuba 739 386 700,Moravskoslezský,,,2025-03-17,2024-09-17,-413.0,Po termínu,červená,49.31088,17.97089,OK Mapy.com,,čeká na přesné geokódování,"lhota u vsetína, 307, kapka resort, česká republika",2024-09-17,2025-03-17,-413.0,Po termínu,červená,2024-09-17 (proběhlá); 2025-03-17 (plánovaná),Kalendář FZ - 6 měsíců.xlsx,154,2022,,,Čuba 739 386 700,"ASTIP STRONG 35/7,5kVA/3F-30 minut","Lhota u Vsetína, 307, Kapka Resort",,,,17/25,,,,,,17/24,,,,,,,,,,,,,,,,,,,,,,,,,,,,,,,,,,,,,,,,,,,,,,,,,,,,,,,,,,,,,,,,,,,,,,,,,,,,,2,,,,,"Lhota u Vsetína, 307, Kapka Resort, Česká republika","Lhota u Vsetína, 307, Kapka Resort, Česká republika"
"Liberec, Dr. Milady Horákové, Ubytovna","Liberec, Dr. Milady Horákové, Ubytovna","Liberec, Dr. Milady Horákové, Ubytovna, Česká republika",ASTIP PS 1kVA/1f-10 min,ASTIP PS 1kVA/1f-10 min,Černovská -721 553 867,Černovská -721 553 867,Liberecký,,,,,,Bez termínu,šedá,50.76234,15.05418,OK Mapy.com,,čeká na přesné geokódování,"liberec, dr. milady horákové, ubytovna, česká republika",,,,Bez termínu,šedá,,Kalendář FZ - 6 měsíců.xlsx,155,2016,,,Černovská -721 553 867,ASTIP PS 1kVA/1f-10 min,"Liberec, Dr. Milady Horákové, Ubytovna",,,,,,,,,,,,,,,,,,,,,,,,,,,,,,,,,,,,,,,,,,,,,,,,,,,,,,,,,,,,,,,,,,,,,,,,,,,,,,,,,,,,,,,0,,,,,"Liberec, Dr. Milady Horákové, Ubytovna, Česká republika","Liberec, Dr. Milady Horákové, Ubytovna, Česká republika"
"Liberec, Krejčího -6 x zdroj","Liberec, Krejčího -6 x zdroj","Krejčího -6 x, Krejčího -6 x, Česká republika",6 x ASTIP PS 20 kVA/3F -45 minut,6 x ASTIP PS 20 kVA/3F -45 minut,,,Liberecký,12.3.2025 -poslán mail Bušovské,12.3.2025 -poslán mail Bušovské,2024-08-13,2024-08-13,-629.0,Po termínu,červená,50.77,15.05845,OK final,,"Dotaz zjednodušen na ulici/číslo + město + ČR/SR, bez názvů objektů.","liberec, krejčího -6 x zdroj, česká republika",2024-08-13,2024-08-13,-629.0,Po termínu,červená,2024-08-13 (plánovaná),Kalendář FZ - 6 měsíců.xlsx,156,2019,,,,6 x ASTIP PS 20 kVA/3F -45 minut,"Liberec, Krejčího -6 x zdroj",,,,,,,,,13/24 -6 x stop stav,,,,,,,,,,,,,,,,,,,,,,,,,,,,,,,,,,,,,,,,,,,,,,,,,,,,,,,,,,,,,,,,,,,,,,,,,,,,,,1,,,,,"Liberec, Krejčího -6 x zdroj, Česká republika","Krejčího -6 x, Liberec, Česká republika"
"Liberec, Nad Sokolovnou 616, Česká 617","Liberec, Nad Sokolovnou 616, Česká 617","Liberec, Nad Sokolovnou 616, Česká 617, Česká republika","Nad Sokolovnou 616 - PS 15 kVA/3F , Česká 617 - PS 15 kVA/3F","Nad Sokolovnou 616 - PS 15 kVA/3F , Česká 617 - PS 15 kVA/3F",Lochmann 725 394 611,Lochmann 725 394 611,Liberecký,,,2026-06-10,,37.0,30–60 dnů,žlutá,50.7366,15.06282,OK Mapy.com,,čeká na přesné geokódování,"liberec, nad sokolovnou 616, česká 617, česká republika",,2026-06-10,37.0,30–60 dnů,žlutá,2026-06-10 (plánovaná),"Kalendář FZ - 12 měsíců, 2023.xlsx",219,"2016, 2017",,,,"Nad Sokolovnou 616 - PS 15 kVA/3F , Česká 617 - PS 15 kVA/3F",,,,,,,,10/26,,,,,,,,,,,,,,,,,,,,,,,,,,,,,,,,,,,,,,,,,,,,,,,,,,,,,,,,,,,,,,,,,,,,,,,,,,,,,,,,1,"Liberec, Nad Sokolovnou 616, Česká 617",,,,"Liberec, Nad Sokolovnou 616, Česká 617, Česká republika","Liberec, Nad Sokolovnou 616, Česká 617, Česká republika"
"Liberec, Riegrova","Liberec, Riegrova","Liberec, Riegrova, Česká republika",ASTIP STRONG 1 000/3F - 15 minut,ASTIP STRONG 1 000/3F - 15 minut,,,Liberecký,,,2021-11-19,2021-11-19,-1627.0,Po termínu,červená,50.77639,15.07914,OK Mapy.com,,čeká na přesné geokódování,"liberec, riegrova, česká republika",2021-11-19,2021-11-19,-1627.0,Po termínu,červená,2021-11-19 (plánovaná),"Kalendář FZ - 12 měsíců, 2023.xlsx",220,2017,,,,ASTIP STRONG 1 000/3F - 15 minut,,,,,,,,,,,,,19/21,,,,,,,,,,,,,,,,,,,,,,,,,,,,,,,,,,,,,,,,,,,,,,,,,,,,,,,,,,,,,,,,,,,,,,,,,,,1,"Liberec, Riegrova",,,,"Liberec, Riegrova, Česká republika","Liberec, Riegrova, Česká republika"
"Liberec, Techniků, Sigmaplast","Liberec, Techniků, Sigmaplast","Liberec, Techniků, Sigmaplast, Česká republika",ASTIP R-ZOTK,ASTIP R-ZOTK,,,Liberecký,,,2021-11-19,2021-11-19,-1627.0,Po termínu,červená,50.73881,15.03859,OK Mapy.com,,čeká na přesné geokódování,"liberec, techniků, sigmaplast, česká republika",2021-11-19,2021-11-19,-1627.0,Po termínu,červená,2021-11-19 (plánovaná),"Kalendář FZ - 12 měsíců, 2023.xlsx",221,bez,,,,ASTIP R-ZOTK ,,,,,,,,,,,,,19/21,,,,,,,,,,,,,,,,,,,,,,,,,,,,,,,,,,,,,,,,,,,,,,,,,,,,,,,,,,,,,,,,,,,,,,,,,,,1,"Liberec, Techniků, Sigmaplast",,,,"Liberec, Techniků, Sigmaplast, Česká republika","Liberec, Techniků, Sigmaplast, Česká republika"
"Lipno nad Vltavou 331, Korzo Lipno","Lipno nad Vltavou 331, Korzo Lipno","Lipno nad Vltavou 331, Korzo Lipno, Česká republika",ASTIP STRONG 144/50kVA/3F-30 minut,ASTIP STRONG 144/50kVA/3F-30 minut,"Polák 702 217 260, tech. servis - 702 216 388","Polák 702 217 260, tech. servis - 702 216 388",Jihočeský,,,2027-03-24,,324.0,Více než 60 dnů,zelená,48.63957,14.22751,OK Mapy.com,,čeká na přesné geokódování,"lipno nad vltavou 331, korzo lipno, česká republika",,2027-03-24,324.0,Více než 60 dnů,zelená,2027-03-24 (plánovaná),"Kalendář FZ - 12 měsíců, 2023.xlsx",222,2022,ano,,,ASTIP STRONG 144/50kVA/3F-30 minut,,,,,24/27,,,,,,,,,,,,,,,,,,,,,,,,,,,,,,,,,,,,,,,,,,,,,,,,,,,,,,,,,,,,,,,,,,,,,,,,,,,,,,,,,,,1,"Lipno nad Vltavou 331, Korzo Lipno",,,,"Lipno nad Vltavou 331, Korzo Lipno, Česká republika","Lipno nad Vltavou 331, Korzo Lipno, Česká republika"
"Lipník n.Bečvou, Trnávka 37, Blaze Harmony s.r.o","Lipník n.Bečvou, Trnávka 37, Blaze Harmony s.r.o","Lipník n.Bečvou, Trnávka 37, Blaze Harmony s.r.o, Česká republika",ASTIP STRONG 7500VA/3F-30 minut,ASTIP STRONG 7500VA/3F-30 minut,Svak 735 128 160,Svak 735 128 160,Moravskoslezský,,,2026-02-12,2025-08-12,-81.0,Po termínu,červená,49.53521,17.55719,OK Mapy.com,,čeká na přesné geokódování,"lipník n.bečvou, trnávka 37, blaze harmony s.r.o, česká republika",2025-08-12,2026-02-12,-81.0,Po termínu,červená,2025-08-12 (proběhlá); 2026-02-12 (plánovaná),Kalendář FZ - 6 měsíců.xlsx,157,2025,,,Svak 735 128 160,ASTIP STRONG 7500VA/3F-30 minut,"Lipník n.Bečvou, Trnávka 37, Blaze Harmony s.r.o",,,12/26,,,,,,12/25,,,,,,,,,,,,,,,,,,,,,,,,,,,,,,,,,,,,,,,,,,,,,,,,,,,,,,,,,,,,,,,,,,,,,,,,,,,,,,2,,,,,"Lipník n.Bečvou, Trnávka 37, Blaze Harmony s.r.o, Česká republika","Lipník n.Bečvou, Trnávka 37, Blaze Harmony s.r.o, Česká republika"
"Lipová Lázně 25, Hotel Helios","Lipová Lázně 25, Hotel Helios","Lipová Lázně 25, Hotel Helios, Česká republika",PS 20 000/3f - 45min. + RPO,PS 20 000/3f - 45min. + RPO,Vejběrová 737 160 594,Vejběrová 737 160 594,Olomoucký,,,2026-06-09,2025-12-09,36.0,30–60 dnů,žlutá,50.22545,17.11756,OK Mapy.com,,čeká na přesné geokódování,"lipová lázně 25, hotel helios, česká republika",2025-12-09,2026-06-09,36.0,30–60 dnů,žlutá,2025-12-09 (proběhlá); 2026-06-09 (plánovaná),Kalendář FZ - 6 měsíců.xlsx,158,2018 nově 2025,,,Vejběrová 737 160 594,PS 20 000/3f - 45min. + RPO,"Lipová Lázně 25, Hotel Helios",,,,,,,9/26,,,,,,9/25,,,,,,,,,,,,,,,,,,,,,,,,,,,,,,,,,,,,,,,,,,,,,,,,,,,,,,,,,,,,,,,,,,,,,,,,,,2,,,,,"Lipová Lázně 25, Hotel Helios, Česká republika","Lipová Lázně 25, Hotel Helios, Česká republika"
"Liptál, Liptál 233, DPS","Liptál, Liptál 233, DPS","Liptál, Liptál 233, DPS, Česká republika",ASTIP STRONG 107/30kVA/3F-45 minut,ASTIP STRONG 107/30kVA/3F-45 minut,Sejdl Roman 603 592 359,Sejdl Roman 603 592 359,,,,2026-09-10,2026-03-10,129.0,Více než 60 dnů,zelená,49.29294,17.93081,OK Mapy.com,,čeká na přesné geokódování,"liptál, liptál 233, dps, česká republika",2026-03-10,2026-09-10,129.0,Více než 60 dnů,zelená,2026-03-10 (proběhlá); 2026-09-10 (plánovaná),Kalendář FZ - 6 měsíců.xlsx,159,2025,,,Sejdl Roman 603 592 359,ASTIP STRONG 107/30kVA/3F-45 minut,"Liptál, Liptál 233, DPS",,,,10/26,,,,,,10/26,,,,,,,,,,,,,,,,,,,,,,,,,,,,,,,,,,,,,,,,,,,,,,,,,,,,,,,,,,,,,,,,,,,,,,,,,,,,,2,,,,,"Liptál, Liptál 233, DPS, Česká republika","Liptál, Liptál 233, DPS, Česká republika"
"Litvínov, Valdštejnská 2179","Litvínov, Valdštejnská 2179","Litvínov, Valdštejnská 2179, Česká republika","ASTIP PS 20kVA/3f 45 min.,","ASTIP PS 20kVA/3f 45 min.,",Dostál 601 523 861,Dostál 601 523 861,Ústecký,,,2025-07-16,2025-01-16,-292.0,Po termínu,červená,50.60092,13.60962,OK Mapy.com,,čeká na přesné geokódování,"litvínov, valdštejnská 2179, česká republika",2025-01-16,2025-07-16,-292.0,Po termínu,červená,2025-01-16 (proběhlá); 2025-07-16 (plánovaná),Kalendář FZ - 6 měsíců.xlsx,160,2019,,,Dostál 601 523 861,"ASTIP PS 20kVA/3f 45 min.,","Litvínov, Valdštejnská 2179",,16/25,,,,,,16/25,,,,,,,,,,,,,,,,,,,,,,,,,,,,,,,,,,,,,,,,,,,,,,,,,,,,,,,,,,,,,,,,,,,,,,,,,,,,,,,2,,,,,"Litvínov, Valdštejnská 2179, Česká republika","Litvínov, Valdštejnská 2179, Česká republika"
"Lojovice, ATS","Lojovice, ATS","Lojovice, ATS, Česká republika","ASTIP STRONG 7 500VA/3F -60 min, LIFEPO","ASTIP STRONG 7 500VA/3F -60 min, LIFEPO",Zdeněk Tököly 739 025 417,Zdeněk Tököly 739 025 417,Středočeský,,,2024-11-07,2024-11-07,-543.0,Po termínu,červená,49.89742,14.64912,OK Mapy.com,,čeká na přesné geokódování,"lojovice, ats, česká republika",2024-11-07,2024-11-07,-543.0,Po termínu,červená,2024-11-07 (plánovaná),"Kalendář FZ - 12 měsíců, 2023.xlsx",223,2020,ano,,,"ASTIP STRONG 7 500VA/3F -60 min, LIFEPO",,,,,,,,,,,,,7/24,,,,,,,,,,,,,,,,,,,,,,,,,,,,,,,,,,,,,,,,,,,,,,,,,,,,,,,,,,,,,,,,,,,,,,,,,,,1,"Lojovice, ATS",,,,"Lojovice, ATS, Česká republika","Lojovice, ATS, Česká republika"
"Luhačovice, A. Slavíčka 231, parkovací dům","Luhačovice, A. Slavíčka 231, parkovací dům","parkovací dům, A. Slavíčka 231, Luhačovice, Česká republika",ASTIP STRONG 2000VA/1F -60 minut,ASTIP STRONG 2000VA/1F -60 minut,Šenkyřík 734 763 884,Šenkyřík 734 763 884,Zlínský,Antonína Slavíčka,Antonína Slavíčka,2027-04-20,,351.0,Více než 60 dnů,zelená,49.1006,17.76228,upraveno - znovu geokódovat,,Adresa automaticky upravena pro Mapy.com; spusť znovu geokodér.,"luhačovice, a. slavíčka 231, parkovací dům, česká republika",,2027-04-20,351.0,Více než 60 dnů,zelená,2027-04-20 (plánovaná),"Kalendář FZ - 12 měsíců, 2023.xlsx",224,2024,,,,ASTIP STRONG 2000VA/1F -60 minut,,,,,,20/27,,,,,,,,,,,,,,,,,,,,,,,,,,,,,,,,,,,,,,,,,,,,,,,,,,,,,,,,,,,,,,,,,,,,,,,,,,,,,,,,,,1,"Luhačovice, A. Slavíčka 231, parkovací dům",,,,"Luhačovice, A. Slavíčka 231, parkovací dům, Česká republika","parkovací dům, A. Slavíčka 231, Luhačovice, Česká republika"
"Luhačovice, Betty Smetanové 1109","Luhačovice, Betty Smetanové 1109","Luhačovice, Betty Smetanové 1109, Česká republika",PS 3000/3f - 10 min.,PS 3000/3f - 10 min.,"Josef Žálek, 775 164 221","Josef Žálek, 775 164 221",Zlínský,9.12.2020 -dovoleno odplombovat zdroj - M. Böhn,9.12.2020 -dovoleno odplombovat zdroj - M. Böhn,2024-11-08,2024-11-08,-542.0,Po termínu,červená,49.11231,17.76436,OK Mapy.com,,čeká na přesné geokódování,"luhačovice, betty smetanové 1109, česká republika",2024-11-08,2024-11-08,-542.0,Po termínu,červená,2024-11-08 (plánovaná),"Kalendář FZ - 12 měsíců, 2023.xlsx",225,2016,,,,PS 3000/3f - 10 min.,,,,,,,,,,,,,8/24,,,,,,,,,,,,,,,,,,,,,,,,,,,,,,,,,,,,,,,,,,,,,,,,,,,,,,,,,,,,,,,,,,,,,,,,,,,1,"Luhačovice, Betty Smetanové 1109",,,,"Luhačovice, Betty Smetanové 1109, Česká republika","Luhačovice, Betty Smetanové 1109, Česká republika"
"Luhačovice, Pod Kamennou 401, hotel Riviera","Luhačovice, Pod Kamennou 401, hotel Riviera","Luhačovice, Pod Kamennou 401, hotel Riviera, Česká republika",STRONG 20kVA/3F-45 minut,STRONG 20kVA/3F-45 minut,Mikulášek 739 390 650,Mikulášek 739 390 650,Zlínský,,,2026-04-09,2026-04-09,-25.0,Po termínu,červená,49.10385,17.75775,OK Mapy.com,,čeká na přesné geokódování,"luhačovice, pod kamennou 401, hotel riviera, česká republika",2026-04-09,2026-04-09,-25.0,Po termínu,červená,2026-04-09 (plánovaná),Kalendář FZ - 6 měsíců.xlsx,161,2017,,,Mikulášek 739 390 650,STRONG 20kVA/3F-45 minut,"Luhačovice, Pod Kamennou 401, hotel Riviera",,,,,9/26,,,,,,,,,,,,,,,,,,,,,,,,,,,,,,,,,,,,,,,,,,,,,,,,,,,,,,,,,,,,,,,,,,,,,,,,,,,,,,,,,,1,,,,,"Luhačovice, Pod Kamennou 401, hotel Riviera, Česká republika","Luhačovice, Pod Kamennou 401, hotel Riviera, Česká republika"
"Luhačovice, Zatloukalova 1144","Luhačovice, Zatloukalova 1144","Luhačovice, Zatloukalova 1144, Česká republika","ASTIP STRONG 62kVA/7,5kVA/3F -45 minut","ASTIP STRONG 62kVA/7,5kVA/3F -45 minut",Švorčík 736 473 563,Švorčík 736 473 563,Zlínský,,,2026-08-14,,102.0,Více než 60 dnů,zelená,49.10007,17.75962,OK Mapy.com,,čeká na přesné geokódování,"luhačovice, zatloukalova 1144, česká republika",,2026-08-14,102.0,Více než 60 dnů,zelená,2026-08-14 (plánovaná),"Kalendář FZ - 12 měsíců, 2023.xlsx",226,2024,,ano,,"ASTIP STRONG 62kVA/7,5kVA/3F -45 minut",,,,,,,,,,14/26,,,,,,,,,,,,,,,,,,,,,,,,,,,,,,,,,,,,,,,,,,,,,,,,,,,,,,,,,,,,,,,,,,,,,,,,,,,,,,1,"Luhačovice, Zatloukalova 1144",,,,"Luhačovice, Zatloukalova 1144, Česká republika","Luhačovice, Zatloukalova 1144, Česká republika"
"Luže, Košumberk 80, Hamzova léčebna pro děti a dospělé","Luže, Košumberk 80, Hamzova léčebna pro děti a dospělé","Luže, Košumberk 80, Hamzova léčebna pro děti a dospělé, Česká republika",PS 3000/3f-30 min + PS 20kVA/3F -45 minut,PS 3000/3f-30 min + PS 20kVA/3F -45 minut,Zídka 733 184 230,Zídka 733 184 230,Pardubický,,,2026-04-02,2025-10-02,-32.0,Po termínu,červená,49.88894,16.03046,OK Mapy.com,,čeká na přesné geokódování,"luže, košumberk 80, hamzova léčebna pro děti a dospělé, česká republika",2025-10-02,2026-04-02,-32.0,Po termínu,červená,2025-10-02 (proběhlá); 2026-04-02 (plánovaná),Kalendář FZ - 6 měsíců.xlsx,162,"2017, 2021",,,Zídka 733 184 230,PS 3000/3f-30 min + PS 20kVA/3F -45 minut,"Luže, Košumberk 80, Hamzova léčebna pro děti a dospělé",,,,,2/26,,,,,,2/25,,,,,,,,,,,,,,,,,,,,,,,,,,,,,,,,,,,,,,,,,,,,,,,,,,,,,,,,,,,,,,,,,,,,,,,,,,,,2,,,,,"Luže, Košumberk 80, Hamzova léčebna pro děti a dospělé, Česká republika","Luže, Košumberk 80, Hamzova léčebna pro děti a dospělé, Česká republika"
"Lysá nad Labem, Slunéčková 1982,1984","Lysá nad Labem, Slunéčková 1982,1984","Lysá nad Labem, Slunéčková 1982, 1984, Česká republika","STRONG 1,5kVA + STRONG 4kVA","STRONG 1,5kVA + STRONG 4kVA",Hodková 602 734 446,Hodková 602 734 446,Středočeský,2024 - udělat revize zároveň se Zahradní 1986,2024 - udělat revize zároveň se Zahradní 1986,2026-05-19,,15.0,7–30 dnů,oranžová,50.19971,14.84473,OK Mapy.com,,čeká na přesné geokódování,"lysá nad labem, slunéčková 1982, 1984, česká republika",,2026-05-19,15.0,7–30 dnů,oranžová,2026-05-19 (plánovaná),"Kalendář FZ - 12 měsíců, 2023.xlsx",227,2022,,,,"STRONG 1,5kVA + STRONG 4kVA",,,,,,,19/26,,,,,,,,,,,,,,,,,,,,,,,,,,,,,,,,,,,,,,,,,,,,,,,,,,,,,,,,,,,,,,,,,,,,,,,,,,,,,,,,,1,"Lysá nad Labem, Slunéčková 1982,1984",,,,"Lysá nad Labem, Slunéčková 1982, 1984, Česká republika","Lysá nad Labem, Slunéčková 1982, 1984, Česká republika"
"Lysá nad Labem, Tři chaloupky, vodní elektrárna","Lysá nad Labem, Tři chaloupky, vodní elektrárna","Tři chaloupky, vodní elektrárna, Lysá nad Labem, Česká republika",ASTIP STRONG 1000VA/3F,ASTIP STRONG 1000VA/3F,Pavel Jindra 603 465 836 -nebere,Pavel Jindra 603 465 836 -nebere,Středočeský,,,,2023-02-22,,Bez termínu,šedá,50.17982,14.83466,upraveno - znovu geokódovat,,Adresa automaticky upravena pro Mapy.com; spusť znovu geokodér.,"lysá nad labem, tři chaloupky, vodní elektrárna, česká republika",2023-02-22,,,Bez termínu,šedá,2023-02-22 (nezjištěno),"Kalendář FZ - 12 měsíců, 2023.xlsx",228,2019,,,,ASTIP STRONG 1000VA/3F,,,,22/23,,,,,,,,,,,,,,,,,,,,,,,,,,,,,,,,,,,,,,,,,,,,,,,,,,,,,,,,,,,,,,,,,,,,,,,,,,,,,,,,,,,,1,"Lysá nad Labem, Tři chaloupky, vodní elektrárna",,,,"Lysá nad Labem, Tři chaloupky, vodní elektrárna, Česká republika","Tři chaloupky, vodní elektrárna, Lysá nad Labem, Česká republika"
"Lysá nad Labem, Zahradní 1986","Lysá nad Labem, Zahradní 1986","Lysá nad Labem, Zahradní 1986, Česká republika",STRONG 1500/3F -15 min.,STRONG 1500/3F -15 min.,"Libor Houžvička
tel.: +420 724 124 530","Libor Houžvička
tel.: +420 724 124 530",Středočeský,,,2026-05-19,,15.0,7–30 dnů,oranžová,50.19924,14.84552,OK Mapy.com,,čeká na přesné geokódování,"lysá nad labem, zahradní 1986, česká republika",,2026-05-19,15.0,7–30 dnů,oranžová,2026-05-19 (plánovaná),"Kalendář FZ - 12 měsíců, 2023.xlsx",229,2019,,,,STRONG 1500/3F -15 min.,,,,,,,19/26,,,,,,,,,,,,,,,,,,,,,,,,,,,,,,,,,,,,,,,,,,,,,,,,,,,,,,,,,,,,,,,,,,,,,,,,,,,,,,,,,1,"Lysá nad Labem, Zahradní 1986",,7800,,"Lysá nad Labem, Zahradní 1986, Česká republika","Lysá nad Labem, Zahradní 1986, Česká republika"
"Lázně Bohdaneč, Za Školkou 620, DPS","Lázně Bohdaneč, Za Školkou 620, DPS","Lázně Bohdaneč, Za Školkou 620, DPS, Česká republika",ASTIP STRONG 152kVA/30kVA/3F-45 minut,ASTIP STRONG 152kVA/30kVA/3F-45 minut,Fišnarová 778 424 676,Fišnarová 778 424 676,Pardubický,,,2025-04-03,2024-10-03,-396.0,Po termínu,červená,50.07312,15.67756,OK Mapy.com,,čeká na přesné geokódování,"lázně bohdaneč, za školkou 620, dps, česká republika",2024-10-03,2025-04-03,-396.0,Po termínu,červená,2024-10-03 (proběhlá); 2025-04-03 (plánovaná),Kalendář FZ - 6 měsíců.xlsx,152,2022,,,Fišnarová 778 424 676,ASTIP STRONG 152kVA/30kVA/3F-45 minut,"Lázně Bohdaneč, Za Školkou 620, DPS",,,,,3/25,,,,,,3/24,,,,,,,,,,,,,,,,,,,,,,,,,,,,,,,,,,,,,,,,,,,,,,,,,,,,,,,,,,,,,,,,,,,,,,,,,,,,2,,,,,"Lázně Bohdaneč, Za Školkou 620, DPS, Česká republika","Lázně Bohdaneč, Za Školkou 620, DPS, Česká republika"
"Mariánské lázně, Hlavní třída 42_18, hotel Aura","Mariánské lázně, Hlavní třída 42_18, hotel Aura","hotel Aura, Hlavní třída 42/18, Mariánské lázně, Česká republika",ASTIP STRONG 10kVA/3f-45 min,ASTIP STRONG 10kVA/3f-45 min,Suljakovič 725 515 567,Suljakovič 725 515 567,Karlovarský,objednána oprava,objednána oprava,2026-09-30,2026-03-31,149.0,Více než 60 dnů,zelená,49.97667,12.703,upraveno - znovu geokódovat,,Adresa automaticky upravena pro Mapy.com; spusť znovu geokodér.,"mariánské lázně, hlavní třída 42/18, hotel aura, česká republika",2026-03-31,2026-09-30,149.0,Více než 60 dnů,zelená,2026-03-31 (proběhlá); 2026-09-30 (plánovaná),Kalendář FZ - 6 měsíců.xlsx,164,2019,,,Suljakovič 725 515 567, ASTIP STRONG 10kVA/3f-45 min,"Mariánské lázně, Hlavní třída 42_18, hotel Aura",,,,31/26,,,,,,30/26,,,,,,,,,,,,,,,,,,,,,,,,,,,,,,,,,,,,,,,,,,,,,,,,,,,,,,,,,,,,,,,,,,,,,,,,,,,,,2,,,,,"Mariánské lázně, Hlavní třída 42/18, hotel Aura, Česká republika","hotel Aura, Hlavní třída 42/18, Mariánské lázně, Česká republika"
"Mariánské lázně, Ibsenova 3, hotel Nabokov","Mariánské lázně, Ibsenova 3, hotel Nabokov","Mariánské lázně, Ibsenova 3, hotel Nabokov, Česká republika",PS 40 kVA/3F - 45 minut,PS 40 kVA/3F - 45 minut,Osička 778 770 058,Osička 778 770 058,Karlovarský,,,2026-03-11,2025-09-11,-54.0,Po termínu,červená,49.97852,12.70481,OK Mapy.com,,čeká na přesné geokódování,"mariánské lázně, ibsenova 3, hotel nabokov, česká republika",2025-09-11,2026-03-11,-54.0,Po termínu,červená,2025-09-11 (proběhlá); 2026-03-11 (plánovaná),Kalendář FZ - 6 měsíců.xlsx,163,2017,,,Osička 778 770 058,PS 40 kVA/3F - 45 minut,"Mariánské lázně, Ibsenova 3, hotel Nabokov",,,,11/26,,,,,,11/25,,,,,,,,,,,,,,,,,,,,,,,,,,,,,,,,,,,,,,,,,,,,,,,,,,,,,,,,,,,,,,,,,,,,,,,,,,,,,2,,,,,"Mariánské lázně, Ibsenova 3, hotel Nabokov, Česká republika","Mariánské lázně, Ibsenova 3, hotel Nabokov, Česká republika"
"Mariánské Lázně, Příkrá 618, SPA Hotel Děvín","Mariánské Lázně, Příkrá 618, SPA Hotel Děvín","Mariánské Lázně, Příkrá 618, SPA Hotel Děvín, Česká republika",ASTIP STRONG 3 000/3F -60 minut,ASTIP STRONG 3 000/3F -60 minut,Sillerová 777 111 728,Sillerová 777 111 728,Karlovarský,"domluvit predem s borcem EPSku, nejde rozebrat tlacitko pozarni","domluvit predem s borcem EPSku, nejde rozebrat tlacitko pozarni",2022-04-05,2021-10-05,-1490.0,Po termínu,červená,49.96821,12.70023,OK Mapy.com,,čeká na přesné geokódování,"mariánské lázně, příkrá 618, spa hotel děvín, česká republika",2021-10-05,2022-04-05,-1490.0,Po termínu,červená,2021-10-05 (proběhlá); 2022-04-05 (plánovaná),Kalendář FZ - 6 měsíců.xlsx,165,2019,,,Sillerová 777 111 728,ASTIP STRONG 3 000/3F -60 minut,"Mariánské Lázně, Příkrá 618, SPA Hotel Děvín",,,,,5/22,,,,,,5/21,,,,,,,,,,,,,,,,,,,,,,,,,,,,,,,,,,,,,,,,,,,,,,,,,,,,,,,,,,,,,,,,,,,,,,,,,,,,2,,,,,"Mariánské Lázně, Příkrá 618, SPA Hotel Děvín, Česká republika","Mariánské Lázně, Příkrá 618, SPA Hotel Děvín, Česká republika"
"Mariánské lázně, Tepelská","Mariánské lázně, Tepelská","Mariánské lázně, Tepelská, Česká republika",ASTIP PS 15 000/3f-45 minut,ASTIP PS 15 000/3f-45 minut,,,Karlovarský,"porucha, udělán by pass v rozvaděči, nevíme jak to řešit, 1.10.2019","porucha, udělán by pass v rozvaděči, nevíme jak to řešit, 1.10.2019",,,,Bez termínu,šedá,49.96459,12.70118,OK Mapy.com,,čeká na přesné geokódování,"mariánské lázně, tepelská, česká republika",,,,Bez termínu,šedá,,"Kalendář FZ - 12 měsíců, 2023.xlsx",230,2010,,,,ASTIP PS 15 000/3f-45 minut,,,,,,,,19,,,,,,,,,,,,,,,,,,,,,,,,,,,,,,,,,,,,,,,,,,,,,,,,,,,,,,,,,,,,,,,,,,,,,,,,,,,,,,,,0,"Mariánské lázně, Tepelská",,,,"Mariánské lázně, Tepelská, Česká republika","Mariánské lázně, Tepelská, Česká republika"
"Merklín, Pstruží 19, ubytovací areál","Merklín, Pstruží 19, ubytovací areál","Merklín, Pstruží 19, ubytovací areál, Česká republika",ASTIP STRONG 2 000VA/1F,ASTIP STRONG 2 000VA/1F,Meller 773 679 124,Meller 773 679 124,Plzeňský,,,2026-04-15,2026-04-15,-19.0,Po termínu,červená,50.34818,12.82249,OK Mapy.com,,čeká na přesné geokódování,"merklín, pstruží 19, ubytovací areál, česká republika",2026-04-15,2026-04-15,-19.0,Po termínu,červená,2026-04-15 (plánovaná),"Kalendář FZ - 12 měsíců, 2023.xlsx",231,?,,,,ASTIP STRONG 2 000VA/1F,,,,,,15/26,,,,,,,,,,,,,,,,,,,,,,,,,,,,,,,,,,,,,,,,,,,,,,,,,,,,,,,,,,,,,,,,,,,,,,,,,,,,,,,,,,1,"Merklín, Pstruží 19, ubytovací areál",,,,"Merklín, Pstruží 19, ubytovací areál, Česká republika","Merklín, Pstruží 19, ubytovací areál, Česká republika"
"Meziboří, Okružní, Javorová","Meziboří, Okružní, Javorová","Meziboří, Okružní, Javorová, Česká republika",PS 20kVA/1f-45 minut,PS 20kVA/1f-45 minut,Križanovič - 732 361 133,Križanovič - 732 361 133,Ústecký,12.3.2025 -posílám mail na podatelna@ddmezibori.cz,12.3.2025 -posílám mail na podatelna@ddmezibori.cz,2024-04-16,2024-04-16,-748.0,Po termínu,červená,49.40262,14.6993,OK Mapy.com,,čeká na přesné geokódování,"meziboří, okružní, javorová, česká republika",2024-04-16,2024-04-16,-748.0,Po termínu,červená,2024-04-16 (plánovaná),Kalendář FZ - 6 měsíců.xlsx,166,2015,ano,,Križanovič - 732 361 133,  PS 20kVA/1f-45 minut,"Meziboří, Okružní, Javorová",,,,,16/24,,,,,,,,,,,,,,,,,,,,,,,,,,,,,,,,,,,,,,,,,,,,,,,,,,,,,,,,,,,,,,,,,,,,,,,,,,,,,,,,,,1,,,,,"Meziboří, Okružní, Javorová, Česká republika","Meziboří, Okružní, Javorová, Česká republika"
"Mikulovice u Znojma 247, PEaPE Metal","Mikulovice u Znojma 247, PEaPE Metal","Mikulovice u Znojma 247, PEaPE Metal, Česká republika",STRONG 4000/3f -30 min,STRONG 4000/3f -30 min,Ing. Rudolf PEŘINKA 603 174 199,Ing. Rudolf PEŘINKA 603 174 199,Jihomoravský,,,2026-07-20,2026-01-20,77.0,Více než 60 dnů,zelená,48.95478,16.10272,OK Mapy.com,,čeká na přesné geokódování,"mikulovice u znojma 247, peape metal, česká republika",2026-01-20,2026-07-20,77.0,Více než 60 dnů,zelená,2026-01-20 (proběhlá); 2026-07-20 (plánovaná),Kalendář FZ - 6 měsíců.xlsx,167,2021,,, Ing. Rudolf PEŘINKA 603 174 199,STRONG 4000/3f -30 min,"Mikulovice u Znojma 247, PEaPE Metal",,20/26,,,,,,20/26,,,,,,,,,,,,,,,,,,,,,,,,,,,,,,,,,,,,,,,,,,,,,,,,,,,,,,,,,,,,,,,,,,,,,,,,,,,,,,,2,,,,,"Mikulovice u Znojma 247, PEaPE Metal, Česká republika","Mikulovice u Znojma 247, PEaPE Metal, Česká republika"
"Milovice, Armádní 539","Milovice, Armádní 539","Milovice, Armádní 539, Česká republika",STRONG 5000VA/3F -10 minut,STRONG 5000VA/3F -10 minut,Ing. Šturc 775 114 608,Ing. Šturc 775 114 608,Středočeský,,,,2025-06-25,,Bez termínu,šedá,50.22907,14.86026,OK Mapy.com,,čeká na přesné geokódování,"milovice, armádní 539, česká republika",2025-06-25,,,Bez termínu,šedá,2025-06-25 (nezjištěno),"Kalendář FZ - 12 měsíců, 2023.xlsx",233,2020,ano,,,STRONG 5000VA/3F -10 minut,,,,,,,,25/25,,,,,,,,,,,,,,,,,,,,,,,,,,,,,,,,,,,,,,,,,,,,,,,,,,,,,,,,,,,,,,,,,,,,,,,,,,,,,,,,1,"Milovice, Armádní 539",,,,"Milovice, Armádní 539, Česká republika","Milovice, Armádní 539, Česká republika"
"Milovice, Armádní 882,883","Milovice, Armádní 882,883","Milovice, Armádní 882, 883, Česká republika",2x STRONG 1500/3f 35minut,2x STRONG 1500/3f 35minut,Ing. David Friedrich 602 479 595,Ing. David Friedrich 602 479 595,Středočeský,,,2027-02-26,,298.0,Více než 60 dnů,zelená,50.23025,14.85632,OK Mapy.com,,čeká na přesné geokódování,"milovice, armádní 882, 883, česká republika",,2027-02-26,298.0,Více než 60 dnů,zelená,2027-02-26 (plánovaná),"Kalendář FZ - 12 měsíců, 2023.xlsx",234,2019,ano,ano,,2x STRONG 1500/3f 35minut,,,,26/27,,,,,,,,,,,,,,,,,,,,,,,,,,,,,,,,,,,,,,,,,,,,,,,,,,,,,,,,,,,,,,,,,,,,,,,,,,,,,,,,,,,,1,"Milovice, Armádní 882,883",,7200 ZA OBA ZDROJE,,"Milovice, Armádní 882, 883, Česká republika","Milovice, Armádní 882, 883, Česká republika"
"Milovice, Armádní 885","Milovice, Armádní 885","Milovice, Armádní 885, Česká republika",ASTIP STRONG 1500VA/3F -35 minut,ASTIP STRONG 1500VA/3F -35 minut,Martina Racková 777 114 414,Martina Racková 777 114 414,Středočeský,,,2026-05-19,,15.0,7–30 dnů,oranžová,50.23139,14.85703,OK Mapy.com,,čeká na přesné geokódování,"milovice, armádní 885, česká republika",,2026-05-19,15.0,7–30 dnů,oranžová,2026-05-19 (plánovaná),"Kalendář FZ - 12 měsíců, 2023.xlsx",237,2021,ano,,,ASTIP STRONG 1500VA/3F -35 minut,,,,,,,19/26,,,,,,,,,,,,,,,,,,,,,,,,,,,,,,,,,,,,,,,,,,,,,,,,,,,,,,,,,,,,,,,,,,,,,,,,,,,,,,,,,1,"Milovice, Armádní 885",,,,"Milovice, Armádní 885, Česká republika","Milovice, Armádní 885, Česká republika"
"Milovice, Armádní 892","Milovice, Armádní 892","Milovice, Armádní 892, Česká republika",STRONG 2000VA/3F-35 minut,STRONG 2000VA/3F-35 minut,Vocetková 777 114 154,Vocetková 777 114 154,Středočeský,,,2026-05-19,,15.0,7–30 dnů,oranžová,50.2309,14.8584,OK Mapy.com,,čeká na přesné geokódování,"milovice, armádní 892, česká republika",,2026-05-19,15.0,7–30 dnů,oranžová,2026-05-19 (plánovaná),"Kalendář FZ - 12 měsíců, 2023.xlsx",235,2024,,,,STRONG 2000VA/3F-35 minut,,,,,,,19/26,,,,,,,,,,,,,,,,,,,,,,,,,,,,,,,,,,,,,,,,,,,,,,,,,,,,,,,,,,,,,,,,,,,,,,,,,,,,,,,,,1,"Milovice, Armádní 892",,,,"Milovice, Armádní 892, Česká republika","Milovice, Armádní 892, Česká republika"
"Milovice, Armádní 893, 894","Milovice, Armádní 893, 894","Milovice, Armádní 893, 894, Česká republika",2 x STRONG 2000/3F-35 minut,2 x STRONG 2000/3F-35 minut,Pavel Sukalovský 799 115 679,Pavel Sukalovský 799 115 679,Středočeský,,,2025-08-22,2025-08-22,-255.0,Po termínu,červená,50.23093,14.85805,OK Mapy.com,,čeká na přesné geokódování,"milovice, armádní 893, 894, česká republika",2025-08-22,2025-08-22,-255.0,Po termínu,červená,2025-08-22 (plánovaná),"Kalendář FZ - 12 měsíců, 2023.xlsx",236,2023,,,,2 x STRONG 2000/3F-35 minut,,,,,,,,,,22/25,,,,,,,,,,,,,,,,,,,,,,,,,,,,,,,,,,,,,,,,,,,,,,,,,,,,,,,,,,,,,,,,,,,,,,,,,,,,,,1,"Milovice, Armádní 893, 894",,,,"Milovice, Armádní 893, 894, Česká republika","Milovice, Armádní 893, 894, Česká republika"
"Milovice, Armádní 895, BD","Milovice, Armádní 895, BD","BD, Armádní 895, Milovice, Česká republika",ASTIP STRONG 1500VA/3F -35 minut,ASTIP STRONG 1500VA/3F -35 minut,Monika Vocetková 777 114 154,Monika Vocetková 777 114 154,Středočeský,,,2027-02-10,,282.0,Více než 60 dnů,zelená,50.23137,14.85754,upraveno - znovu geokódovat,,Adresa automaticky upravena pro Mapy.com; spusť znovu geokodér.,"milovice, armádní 895, bd, česká republika",,2027-02-10,282.0,Více než 60 dnů,zelená,2027-02-10 (plánovaná),"Kalendář FZ - 12 měsíců, 2023.xlsx",238,2022,,,,ASTIP STRONG 1500VA/3F -35 minut,,,,10/27,,,,,,,,,,,,,,,,,,,,,,,,,,,,,,,,,,,,,,,,,,,,,,,,,,,,,,,,,,,,,,,,,,,,,,,,,,,,,,,,,,,,1,"Milovice, Armádní 895, BD",,,,"Milovice, Armádní 895, BD, Česká republika","BD, Armádní 895, Milovice, Česká republika"
"Milovice, Armádní 896, BD","Milovice, Armádní 896, BD","BD, Armádní 896, Milovice, Česká republika",ASTIP STRONG 1500VA/3F -35 minut,ASTIP STRONG 1500VA/3F -35 minut,"Cambor 725 556 455, Hanousková 724 258 954","Cambor 725 556 455, Hanousková 724 258 954",Středočeský,,,2026-08-12,,100.0,Více než 60 dnů,zelená,50.23156,14.85793,upraveno - znovu geokódovat,,Adresa automaticky upravena pro Mapy.com; spusť znovu geokodér.,"milovice, armádní 896, bd, česká republika",,2026-08-12,100.0,Více než 60 dnů,zelená,2026-08-12 (plánovaná),"Kalendář FZ - 12 měsíců, 2023.xlsx",239,2022,,,,ASTIP STRONG 1500VA/3F -35 minut,,,,,,,,,,12/26,,,,,,,,,,,,,,,,,,,,,,,,,,,,,,,,,,,,,,,,,,,,,,,,,,,,,,,,,,,,,,,,,,,,,,,,,,,,,,1,"Milovice, Armádní 896, BD",,,,"Milovice, Armádní 896, BD, Česká republika","BD, Armádní 896, Milovice, Česká republika"
"Milovice, Dětské centrum, Dětská 361","Milovice, Dětské centrum, Dětská 361","Milovice, Dětské centrum, Dětská 361, Česká republika","PS 1000/3f, 15 minut","PS 1000/3f, 15 minut",Černovská -721 553 867,Černovská -721 553 867,Středočeský,,,2027-04-01,2026-02-26,332.0,Více než 60 dnů,zelená,50.2291,14.89193,OK Mapy.com,,čeká na přesné geokódování,"milovice, dětské centrum, dětská 361, česká republika",2026-02-26,2027-04-01,332.0,Více než 60 dnů,zelená,2026-02-26 (plánovaná) | 2027-04-01 (plánovaná),"Kalendář FZ - 6 měsíců.xlsx | Kalendář FZ - 12 měsíců, 2023.xlsx",168 | 240,2017,,ano,Černovská -721 553 867,"PS 1000/3f, 15 minut","Milovice, Dětské centrum, Dětská 361",,,26/26,,1/27,,,,,,,,,,,,,,,,,,,,,,,,,,,,,,,,,,,,,,,,,,,,,,,,,,,,,,,,,,,,,,,,,,,,,,,,,,,,,,,,,,2,"Milovice, Dětské centrum, Dětská 361",,,,"Milovice, Dětské centrum, Dětská 361, Česká republika","Milovice, Dětské centrum, Dětská 361, Česká republika"
"Mladá Boleslav, Disco forum","Mladá Boleslav, Disco forum","Mladá Boleslav, Disco forum, Česká republika",PS 12000/3f-35 minut,PS 12000/3f-35 minut,,,Středočeský,NEKOMUNIKUJE,NEKOMUNIKUJE,,,,Bez termínu,šedá,50.43109,14.92205,OK Mapy.com,,čeká na přesné geokódování,"mladá boleslav, disco forum, česká republika",,,,Bez termínu,šedá,,"Kalendář FZ - 12 měsíců, 2023.xlsx",241,2011,,,,  PS 12000/3f-35 minut,,,KO od 2015,,,,,,,,,,,,,,,,,,,,,,,,,,,,,,,,,,,,,,,,,,,,,,,,,,,,,,,,,,,,,,,,,,,,,,,,,,,,,,,,,,,,,0,"Mladá Boleslav, Disco forum",,,,"Mladá Boleslav, Disco forum, Česká republika","Mladá Boleslav, Disco forum, Česká republika"
"Mladá Boleslav, Na Klenici 1545, APARTHOTEL","Mladá Boleslav, Na Klenici 1545, APARTHOTEL","Mladá Boleslav, Na Klenici 1545, APARTHOTEL, Česká republika",STRONG 20kVA/15kVA/3F-45 minut,STRONG 20kVA/15kVA/3F-45 minut,Ing. Tomáš Lauer 723 057 671,Ing. Tomáš Lauer 723 057 671,Středočeský,,,2026-02-24,2026-02-24,-69.0,Po termínu,červená,50.40981,14.90552,OK Mapy.com,,čeká na přesné geokódování,"mladá boleslav, na klenici 1545, aparthotel, česká republika",2026-02-24,2026-02-24,-69.0,Po termínu,červená,2026-02-24 (plánovaná),Kalendář FZ - 6 měsíců.xlsx,169,2022,,,Ing. Tomáš Lauer 723 057 671,STRONG 20kVA/15kVA/3F-45 minut,"Mladá Boleslav, Na Klenici 1545, APARTHOTEL",,,24/26,,,,,,,,,,,,,,,,,,,,,,,,,,,,,,,,,,,,,,,,,,,,,,,,,,,,,,,,,,,,,,,,,,,,,,,,,,,,,,,,,,,,1,,,,,"Mladá Boleslav, Na Klenici 1545, APARTHOTEL, Česká republika","Mladá Boleslav, Na Klenici 1545, APARTHOTEL, Česká republika"
"Mladá Boleslav, Václavkova 950, chráněné bydlení","Mladá Boleslav, Václavkova 950, chráněné bydlení","Mladá Boleslav, Václavkova 950, chráněné bydlení, Česká republika",ASTIP PS 15kVA/3F-45 minut,ASTIP PS 15kVA/3F-45 minut,Zahajský 605 159 326,Zahajský 605 159 326,Středočeský,,,2026-10-01,2026-04-01,150.0,Více než 60 dnů,zelená,50.42065,14.90549,OK Mapy.com,,čeká na přesné geokódování,"mladá boleslav, václavkova 950, chráněné bydlení, česká republika",2026-04-01,2026-10-01,150.0,Více než 60 dnů,zelená,2026-04-01 (proběhlá); 2026-10-01 (plánovaná),Kalendář FZ - 6 měsíců.xlsx,170,2024,,,Zahajský 605 159 326,ASTIP PS 15kVA/3F-45 minut,"Mladá Boleslav, Václavkova 950, chráněné bydlení",,,,,1/26,,,,,,1/26,,,,,,,,,,,,,,,,,,,,,,,,,,,,,,,,,,,,,,,,,,,,,,,,,,,,,,,,,,,,,,,,,,,,,,,,,,,,2,,,,,"Mladá Boleslav, Václavkova 950, chráněné bydlení, Česká republika","Mladá Boleslav, Václavkova 950, chráněné bydlení, Česká republika"
"Mnichovice, Bezručova 346, ZŠ","Mnichovice, Bezručova 346, ZŠ","Mnichovice, Bezručova 346, ZŠ, Česká republika",ASTIP STRONG 4kVA/1F/1C-24 H,ASTIP STRONG 4kVA/1F/1C-24 H,"Pan Jakubíček, 702 206 984","Pan Jakubíček, 702 206 984",Středočeský,1. revize v roce 2023,1. revize v roce 2023,2026-04-08,2026-04-08,-26.0,Po termínu,červená,49.93418,14.7131,OK Mapy.com,,čeká na přesné geokódování,"mnichovice, bezručova 346, zš, česká republika",2026-04-08,2026-04-08,-26.0,Po termínu,červená,2026-04-08 (plánovaná),Kalendář FZ - 6 měsíců.xlsx,171,2022,ano,ano,"Pan Jakubíček, 702 206 984",ASTIP STRONG 4kVA/1F/1C-24 H,"Mnichovice, Bezručova 346, ZŠ",,,,,8/26,,,,,,,,,,,,,,,,,,,,,,,,,,,,,,,,,,,,,,,,,,,,,,,,,,,,,,,,,,,,,,,,,,,,,,,,,,,,,,,,,,1,,,,,"Mnichovice, Bezručova 346, ZŠ, Česká republika","Mnichovice, Bezručova 346, ZŠ, Česká republika"
"Mochov, U Mrazíren 397, hala Katring","Mochov, U Mrazíren 397, hala Katring","hala Katring, U Mrazíren 397, Mochov, Česká republika","ASTIP STRONG 30kVA/7,5kVA/3F-60 minut/IP65","ASTIP STRONG 30kVA/7,5kVA/3F-60 minut/IP65",Přenosil 797 971 907,Přenosil 797 971 907,,,,2027-03-26,,326.0,Více než 60 dnů,zelená,50.13436,14.79285,upraveno - znovu geokódovat,,Adresa automaticky upravena pro Mapy.com; spusť znovu geokodér.,"mochov, u mrazíren 397, hala katring, česká republika",,2027-03-26,326.0,Více než 60 dnů,zelená,2027-03-26 (plánovaná),"Kalendář FZ - 12 měsíců, 2023.xlsx",243,2024,,,,"ASTIP STRONG 30kVA/7,5kVA/3F-60 minut/IP65",,,,,26/27,,,,,,,,,,,,,,,,,,,,,,,,,,,,,,,,,,,,,,,,,,,,,,,,,,,,,,,,,,,,,,,,,,,,,,,,,,,,,,,,,,,1,"Mochov, U Mrazíren 397, hala Katring",,,,"Mochov, U Mrazíren 397, hala Katring, Česká republika","hala Katring, U Mrazíren 397, Mochov, Česká republika"
"Mohelnice, Siemens, Innomotics","Mohelnice, Siemens, Innomotics","Mohelnice, Siemens, Innomotics, Česká republika",SCHRACK STRONG 1 000VA/1F -15 minut,SCHRACK STRONG 1 000VA/1F -15 minut,Tesárková 720 052 689,Tesárková 720 052 689,Olomoucký,2024 -doporučujeme výměnu AKU,2024 -doporučujeme výměnu AKU,2027-01-12,,253.0,Více než 60 dnů,zelená,49.77852,16.93497,OK Mapy.com,,čeká na přesné geokódování,"mohelnice, siemens, innomotics, česká republika",,2027-01-12,253.0,Více než 60 dnů,zelená,2027-01-12 (plánovaná),"Kalendář FZ - 12 měsíců, 2023.xlsx",242,2018,,,,SCHRACK STRONG 1 000VA/1F -15 minut,,,12/27,,,,,,,,,,,,,,,,,,,,,,,,,,,,,,,,,,,,,,,,,,,,,,,,,,,,,,,,,,,,,,,,,,,,,,,,,,,,,,,,,,,,,1,"Mohelnice, Siemens, Innomotics",,,,"Mohelnice, Siemens, Innomotics, Česká republika","Mohelnice, Siemens, Innomotics, Česká republika"
"Mohelnice, U Brány 916/2, knihovna","Mohelnice, U Brány 916/2, knihovna","knihovna, U Brány 916/2, Mohelnice, Česká republika",ASTIP STRONG 3kVA/3F-15 minut,ASTIP STRONG 3kVA/3F-15 minut,Ing. Kamil Lochman 778 522 765,Ing. Kamil Lochman 778 522 765,Olomoucký,,,2026-07-12,2026-01-12,69.0,Více než 60 dnů,zelená,49.777,16.91953,upraveno - znovu geokódovat,,Adresa automaticky upravena pro Mapy.com; spusť znovu geokodér.,"mohelnice, u brány 916/2, knihovna, česká republika",2026-01-12,2026-07-12,69.0,Více než 60 dnů,zelená,2026-01-12 (proběhlá); 2026-07-12 (plánovaná),Kalendář FZ - 6 měsíců.xlsx,172,2024,,,Ing. Kamil Lochman 778 522 765,ASTIP STRONG 3kVA/3F-15 minut,"Mohelnice, U Brány 916/2, knihovna",,12/26,,,,,,12/26,,,,,,,,,,,,,,,,,,,,,,,,,,,,,,,,,,,,,,,,,,,,,,,,,,,,,,,,,,,,,,,,,,,,,,,,,,,,,,,2,,,,,"Mohelnice, U Brány 916/2, knihovna, Česká republika","knihovna, U Brány 916/2, Mohelnice, Česká republika"
"Moravany u Brna, Modřická 71, SYMA","Moravany u Brna, Modřická 71, SYMA","Moravany u Brna, Modřická 71, SYMA, Česká republika",ASTIP STRONG 1000/1F-20 minut,ASTIP STRONG 1000/1F-20 minut,AZW procházka 724 438 611,AZW procházka 724 438 611,Jihomoravský,,,2027-01-29,,270.0,Více než 60 dnů,zelená,49.14847,16.59373,OK Mapy.com,,čeká na přesné geokódování,"moravany u brna, modřická 71, syma, česká republika",,2027-01-29,270.0,Více než 60 dnů,zelená,2027-01-29 (plánovaná),"Kalendář FZ - 12 měsíců, 2023.xlsx",244,"2017, nový 2022",,,,ASTIP STRONG 1000/1F-20 minut,,,29/27,,,,,,,,,,,,,,,,,,,,,,,,,,,,,,,,,,,,,,,,,,,,,,,,,,,,,,,,,,,,,,,,,,,,,,,,,,,,,,,,,,,,,1,"Moravany u Brna, Modřická 71, SYMA",,,,"Moravany u Brna, Modřická 71, SYMA, Česká republika","Moravany u Brna, Modřická 71, SYMA, Česká republika"
"Most, ul. Táboritů 2180","Most, ul. Táboritů 2180","Most, ul. Táboritů 2180, Česká republika",ASTIP STRONG LiftBack 50kVA/3f-60 minut,ASTIP STRONG LiftBack 50kVA/3f-60 minut,Domov Alzheimer je Jana Petrášková tel. 601271174,Domov Alzheimer je Jana Petrášková tel. 601271174,Ústecký,ukončena serviska k 31.3.2026,ukončena serviska k 31.3.2026,2026-08-03,2026-02-03,91.0,Více než 60 dnů,zelená,50.5106,13.63743,OK Mapy.com,,čeká na přesné geokódování,"most, ul. táboritů 2180, česká republika",2026-02-03,2026-08-03,91.0,Více než 60 dnů,zelená,2026-02-03 (proběhlá); 2026-08-03 (plánovaná),Kalendář FZ - 6 měsíců.xlsx,173,2019,,,Domov Alzheimer je Jana Petrášková tel. 601271174,ASTIP STRONG LiftBack 50kVA/3f-60 minut,"Most, ul. Táboritů 2180",,,3/26,,,,,,3/26,,,,,,,,,,,,,,,,,,,,,,,,,,,,,,,,,,,,,,,,,,,,,,,,,,,,,,,,,,,,,,,,,,,,,,,,,,,,,,2,,,,,"Most, ul. Táboritů 2180, Česká republika","Most, ul. Táboritů 2180, Česká republika"
"Mošnov, Průmyslová 369, Cromodora","Mošnov, Průmyslová 369, Cromodora","Mošnov, Průmyslová 369, Cromodora, Česká republika",PS 2000/3f - 30min. + STRONG 4kVA/3F-30 min do prašného prostředí,PS 2000/3f - 30min. + STRONG 4kVA/3F-30 min do prašného prostředí,Kratochvílová - 606 087 403,Kratochvílová - 606 087 403,Moravskoslezský,,,2026-04-09,2010-10-09,-25.0,Po termínu,červená,49.68572,18.10923,OK Mapy.com,,čeká na přesné geokódování,"mošnov, průmyslová 369, cromodora, česká republika",2010-10-09,2026-04-09,-25.0,Po termínu,červená,2010-10-09 (proběhlá); 2026-04-09 (plánovaná),Kalendář FZ - 6 měsíců.xlsx,174,"2018, 2022",,,Kratochvílová - 606 087 403,PS 2000/3f - 30min. + STRONG 4kVA/3F-30 min do prašného prostředí,"Mošnov, Průmyslová 369, Cromodora",,,,,9/26,,,,,,9/10,,,,,,,,,,,,,,,,,,,,,,,,,,,,,,,,,,,,,,,,,,,,,,,,,,,,,,,,,,,,,,,,,,,,,,,,,,,,2,,,,,"Mošnov, Průmyslová 369, Cromodora, Česká republika","Mošnov, Průmyslová 369, Cromodora, Česká republika"
"Mutěnice, Na Ovčírnách 1274","Mutěnice, Na Ovčírnách 1274","Mutěnice, Na Ovčírnách 1274, Česká republika",2 x STRONG 1 000/1F -20 minut,2 x STRONG 1 000/1F -20 minut,"Švec Martin, předseda SVJ, tel.721 360 275","Švec Martin, předseda SVJ, tel.721 360 275",Jihomoravský,,,2026-11-02,,182.0,Více než 60 dnů,zelená,48.90579,17.02314,OK Mapy.com,,čeká na přesné geokódování,"mutěnice, na ovčírnách 1274, česká republika",,2026-11-02,182.0,Více než 60 dnů,zelená,2026-11-02 (plánovaná),"Kalendář FZ - 12 měsíců, 2023.xlsx",245,2020,,,,2 x STRONG 1 000/1F -20 minut,,,,,,,,,,,,,2/26,,,,,,,,,,,,,,,,,,,,,,,,,,,,,,,,,,,,,,,,,,,,,,,,,,,,,,,,,,,,,,,,,,,,,,,,,,,1,"Mutěnice, Na Ovčírnách 1274",,,,"Mutěnice, Na Ovčírnách 1274, Česká republika","Mutěnice, Na Ovčírnách 1274, Česká republika"
"Myslibořice, Myslibořice 1","Myslibořice, Myslibořice 1","Myslibořice, Myslibořice 1, Česká republika",PS 5000/3f-30 minut,PS 5000/3f-30 minut,"p.Procházka 604 268 139, 568 834 936","p.Procházka 604 268 139, 568 834 936",Vysočina,"objednáno  12.3.2025 - posílám na pana Procházku 17.6.2024 - aktuálně řeší, nemají s námi dobré zkušenosti, jede to tam Honzík napravit….27.4.2021 -STOP STAV","objednáno  12.3.2025 - posílám na pana Procházku 17.6.2024 - aktuálně řeší, nemají s námi dobré zkušenosti, jede to tam Honzík napravit….27.4.2021 -STOP STAV",2026-07-15,2026-01-15,72.0,Více než 60 dnů,zelená,49.10264,15.98322,OK Mapy.com,,čeká na přesné geokódování,"myslibořice, myslibořice 1, česká republika",2026-01-15,2026-07-15,72.0,Více než 60 dnů,zelená,2026-01-15 (proběhlá); 2026-07-15 (plánovaná),Kalendář FZ - 6 měsíců.xlsx,175,"2014, nově 2025",ano,,"p.Procházka 604 268 139, 568 834 936",  PS 5000/3f-30 minut,"Myslibořice, Myslibořice 1",,15/26,,,,,,15/26,,,,,,,5500,Diakonie Myslibořice,Diakonie Myslibořice,,,,,,,,,,,,,,,,,,,,,,,,,,,,,,,,,,,,,,,,,,,,,,,,,,,,,,,,,,,,,,,,,,,,,,2,,,,,"Myslibořice, Myslibořice 1, Česká republika","Myslibořice, Myslibořice 1, Česká republika"
"Myslovice, Myslovice 21, Statek Česká Lípa","Myslovice, Myslovice 21, Statek Česká Lípa","Myslovice, Myslovice 21, Statek Česká Lípa, Česká republika",ASTIP PS 15kVA/3f-30 minut,ASTIP PS 15kVA/3f-30 minut,Bujnoch 605 881 118,Bujnoch 605 881 118,Plzeňský,"2023 - pán si sám měnil baterky, neoprávněné zásahy do zdroje…","2023 - pán si sám měnil baterky, neoprávněné zásahy do zdroje…",,2023-01-11,,Bez termínu,šedá,50.68657,14.53701,OK Mapy.com,,čeká na přesné geokódování,"myslovice, myslovice 21, statek česká lípa, česká republika",2023-01-11,,,Bez termínu,šedá,2023-01-11 (nezjištěno),Kalendář FZ - 6 měsíců.xlsx,176,2016,,,Bujnoch 605 881 118,ASTIP PS 15kVA/3f-30 minut,"Myslovice, Myslovice 21, Statek Česká Lípa",,11/23,,,,,,,,,,,,,,,,,,,,,,,,,,,,,,,,,,,,,,,,,,,,,,,,,,,,,,,,,,,,,,,,,,,,,,,,,,,,,,,,,,,,,1,,,,,"Myslovice, Myslovice 21, Statek Česká Lípa, Česká republika","Myslovice, Myslovice 21, Statek Česká Lípa, Česká republika"
"Mýto u Rokycan, Plzeňská 600","Mýto u Rokycan, Plzeňská 600","Mýto u Rokycan, Plzeňská 600, Česká republika",PBZ 7500/3f 30min.,PBZ 7500/3f 30min.,Nejedlý,Nejedlý,Plzeňský,Bude jim jezdit jiná firma domluvil provozovatel Rumpold,Bude jim jezdit jiná firma domluvil provozovatel Rumpold,,2020-04-01,,Bez termínu,šedá,49.78256,13.71398,OK Mapy.com,,čeká na přesné geokódování,"mýto u rokycan, plzeňská 600, česká republika",2020-04-01,,,Bez termínu,šedá,2020-04-01 (nezjištěno),"Kalendář FZ - 12 měsíců, 2023.xlsx",246,2018,,,,PBZ 7500/3f 30min.,,,,,,1/20,,,,,,,,,,,,,,,,,,,,,,,,,,,,,,,,,,,,,,,,,,,,,,,,,,,,,,,,,,,,,,,,,,,,,,,,,,,,,,,,,,1,"Mýto u Rokycan, Plzeňská 600",,,,"Mýto u Rokycan, Plzeňská 600, Česká republika","Mýto u Rokycan, Plzeňská 600, Česká republika"
"Měšice, Q Park","Měšice, Q Park","Měšice, Q Park, Česká republika",PS 7500/3f-45 minut,PS 7500/3f-45 minut,"pí. Vavrochová, 728775181","pí. Vavrochová, 728775181",Středočeský,"1.2.2023 Záložní zdroj nebylo možné odzkoušet, byl dlouho bez přívodu elektrické energie","1.2.2023 Záložní zdroj nebylo možné odzkoušet, byl dlouho bez přívodu elektrické energie",,2023-02-01,,Bez termínu,šedá,50.20379,14.51466,OK Mapy.com,,čeká na přesné geokódování,"měšice, q park, česká republika",2023-02-01,,,Bez termínu,šedá,2023-02-01 (nezjištěno),"Kalendář FZ - 12 měsíců, 2023.xlsx",232,2016,,,,PS 7500/3f-45 minut,,,,1/23,,,,,,,,,,,,,,,,,,,,,,,,,,,,,,,,,,,,,,,,,,,,,,,,,,,,,,,,,,,,,,,,,,,,,,,,,,,,,,,,,,,,1,"Měšice, Q Park",,6200,,"Měšice, Q Park, Česká republika","Měšice, Q Park, Česká republika"
"Neslovice, Lesní 368, BD","Neslovice, Lesní 368, BD","BD, Lesní 368, Neslovice, Česká republika",ASTIP STRONG 1 000VA/3F/10 minut + RPO,ASTIP STRONG 1 000VA/3F/10 minut + RPO,Pan Holas 603 585 551,Pan Holas 603 585 551,Jihomoravský,1. revize,1. revize,2025-12-12,2025-12-12,-143.0,Po termínu,červená,50.14281,15.78637,upraveno - znovu geokódovat,,Adresa automaticky upravena pro Mapy.com; spusť znovu geokodér.,"neslovice, lesní 368, bd, česká republika",2025-12-12,2025-12-12,-143.0,Po termínu,červená,2025-12-12 (plánovaná),"Kalendář FZ - 12 měsíců, 2023.xlsx",247,2021,ano,ano,,ASTIP STRONG 1 000VA/3F/10 minut + RPO,,,,,,,,,,,,,,12/25,,,,,,,,,,,,,,,,,,,,,,,,,,,,,,,,,,,,,,,,,,,,,,,,,,,,,,,,,,,,,,,,,,,,,,,,,,1,"Neslovice, Lesní 368, BD",,,,"Neslovice, Lesní 368, BD, Česká republika","BD, Lesní 368, Neslovice, Česká republika"
"Nihošovice, DPS","Nihošovice, DPS","Nihošovice, DPS, Česká republika",PS LiftBack 10 000/3f – 45min.,PS LiftBack 10 000/3f – 45min.,Lukář - 724 182 269,Lukář - 724 182 269,Jihočeský,3.7.2019 Zaslán návrh servisní smlouvy,3.7.2019 Zaslán návrh servisní smlouvy,,,,Bez termínu,šedá,49.18826,13.86171,OK Mapy.com,,čeká na přesné geokódování,"nihošovice, dps, česká republika",,,,Bez termínu,šedá,,Kalendář FZ - 6 měsíců.xlsx,180,2018,,,Lukář - 724 182 269,PS LiftBack 10 000/3f – 45min.,"Nihošovice, DPS",,,,,,,,,,,,,,,,,,,,,,,,,,,,,,,,,,,,,,,,,,,,,,,,,,,,,,,,,,,,,,,,,,,,,,,,,,,,,,,,,,,,,,,0,,,,,"Nihošovice, DPS, Česká republika","Nihošovice, DPS, Česká republika"
"Nové Město na Moravě, Palackého náměstí 16","Nové Město na Moravě, Palackého náměstí 16","Nové Město na Moravě, Palackého náměstí 16, Česká republika",Strong 3000/3f - 45min.,Strong 3000/3f - 45min.,Sobotka - 604 878 751,Sobotka - 604 878 751,Vysočina,,,2020-04-17,2020-04-17,-2208.0,Po termínu,červená,49.56144,16.07418,OK Mapy.com,,čeká na přesné geokódování,"nové město na moravě, palackého náměstí 16, česká republika",2020-04-17,2020-04-17,-2208.0,Po termínu,červená,2020-04-17 (plánovaná),Kalendář FZ - 6 měsíců.xlsx,181,2018,,,Sobotka - 604 878 751,Strong 3000/3f - 45min.,"Nové Město na Moravě, Palackého náměstí 16",,,,,17/20,,,,,,,,,,,,,,,,,,,,,,,,,,,,,,,,,,,,,,,,,,,,,,,,,,,,,,,,,,,,,,,,,,,,,,,,,,,,,,,,,,1,,,,,"Nové Město na Moravě, Palackého náměstí 16, Česká republika","Nové Město na Moravě, Palackého náměstí 16, Česká republika"
"Nové Město na Moravě, Soškova 1582, hotel","Nové Město na Moravě, Soškova 1582, hotel","Nové Město na Moravě, Soškova 1582, hotel, Česká republika",STRONG 6kVA/2kVA/1F -15 minut,STRONG 6kVA/2kVA/1F -15 minut,"Pavlíková, 725 375 953","Pavlíková, 725 375 953",Vysočina,,,2026-04-30,2025-10-30,-4.0,Po termínu,červená,49.56618,16.0808,OK Mapy.com,,čeká na přesné geokódování,"nové město na moravě, soškova 1582, hotel, česká republika",2025-10-30,2026-04-30,-4.0,Po termínu,červená,2025-10-30 (proběhlá); 2026-04-30 (plánovaná),Kalendář FZ - 6 měsíců.xlsx,182,2021,,,"Pavlíková, 725 375 953",STRONG 6kVA/2kVA/1F -15 minut,"Nové Město na Moravě, Soškova 1582, hotel",,,,,30/26,,,,,,30/25,,,,,,,,,,,,,,,,,,,,,,,,,,,,,,,,,,,,,,,,,,,,,,,,,,,,,,,,,,,,,,,,,,,,,,,,,,,,2,,,,,"Nové Město na Moravě, Soškova 1582, hotel, Česká republika","Nové Město na Moravě, Soškova 1582, hotel, Česká republika"
"Nové Město na Moravě, Žďárská ulice, DPS","Nové Město na Moravě, Žďárská ulice, DPS","Nové Město na Moravě, Žďárská ulice, DPS, Česká republika",STRONG 40 kVA/3F -45 minut,STRONG 40 kVA/3F -45 minut,"Chalupová, 776 731 678","Chalupová, 776 731 678",Vysočina,viz info ve složce,viz info ve složce,2026-09-17,2026-03-17,136.0,Více než 60 dnů,zelená,49.56212,16.06218,OK Mapy.com,,čeká na přesné geokódování,"nové město na moravě, žďárská ulice, dps, česká republika",2026-03-17,2026-09-17,136.0,Více než 60 dnů,zelená,2026-03-17 (proběhlá); 2026-09-17 (plánovaná),Kalendář FZ - 6 měsíců.xlsx,183,2017,,,"Chalupová, 776 731 678",STRONG 40 kVA/3F -45 minut,"Nové Město na Moravě, Žďárská ulice, DPS",,,,17/26,,,,,,17/26,,,,,11300,"Nove M na M, Vratislavovo nám","Nove M na M, vratislavovo nám",,,,,,,,,,,,,,,,,,,,,,,,,,,,,,,,,,,,,,,,,,,,,,,,,,,,,,,,,,,,,,,,,,,,,,2,,,,,"Nové Město na Moravě, Žďárská ulice, DPS, Česká republika","Nové Město na Moravě, Žďárská ulice, DPS, Česká republika"
"Nový Bor, Nemocniční 635, Domov mládeže","Nový Bor, Nemocniční 635, Domov mládeže","Nový Bor, Nemocniční 635, Domov mládeže, Česká republika",PS 30kVA/3f-60 minut,PS 30kVA/3f-60 minut,,,Liberecký,,,2024-09-12,2024-03-12,-599.0,Po termínu,červená,50.76219,14.54616,OK Mapy.com,,čeká na přesné geokódování,"nový bor, nemocniční 635, domov mládeže, česká republika",2024-03-12,2024-09-12,-599.0,Po termínu,červená,2024-03-12 (proběhlá); 2024-09-12 (plánovaná),Kalendář FZ - 6 měsíců.xlsx,184,2016,,,,PS 30kVA/3f-60 minut,"Nový Bor, Nemocniční 635, Domov mládeže",,,,12/24,,,,,,12/24,,,,,7500,,,,,,,,,,,,,,,,,,,,,,,,,,,,,,,,,,,,,,,,,,,,,,,,,,,,,,,,,,,,,,,,,,,,,,,,2,,,,,"Nový Bor, Nemocniční 635, Domov mládeže, Česká republika","Nový Bor, Nemocniční 635, Domov mládeže, Česká republika"
"Nový Jičín, Máchova 19, Domov Duha","Nový Jičín, Máchova 19, Domov Duha","Nový Jičín, Máchova 19, Domov Duha, Česká republika",PS 20kVA/3f - 45 minut,PS 20kVA/3f - 45 minut,MIK - 736 750 600,MIK - 736 750 600,Moravskoslezský,,,2023-01-12,2022-07-12,-1208.0,Po termínu,červená,49.5935,18.01512,OK Mapy.com,,čeká na přesné geokódování,"nový jičín, máchova 19, domov duha, česká republika",2022-07-12,2023-01-12,-1208.0,Po termínu,červená,2022-07-12 (proběhlá); 2023-01-12 (plánovaná),Kalendář FZ - 6 měsíců.xlsx,185,2016,,,MIK - 736 750 600,PS 20kVA/3f - 45 minut,"Nový Jičín, Máchova 19, Domov Duha",,12/23,,,,,,12/22,,,,,,,4500,,,,,,,,,,,,,,,,,,,,,,,,,,,,,,,,,,,,,,,,,,,,,,,,,,,,,,,,,,,,,,,,,,,,,,,,2,,,,,"Nový Jičín, Máchova 19, Domov Duha, Česká republika","Nový Jičín, Máchova 19, Domov Duha, Česká republika"
"Nový Jíčín, Pod Lipami, U Jičínky","Nový Jíčín, Pod Lipami, U Jičínky","Nový Jíčín, Pod Lipami, U Jičínky, Česká republika",2x Rectifier 22 000/3f/2200/1f-45 minut,2x Rectifier 22 000/3f/2200/1f-45 minut,pan David 603 263 456,pan David 603 263 456,Moravskoslezský,"U jičínky, Pod Lipami","U jičínky, Pod Lipami",2026-04-09,2025-10-09,-25.0,Po termínu,červená,49.58656,18.01044,OK Mapy.com,,čeká na přesné geokódování,"nový jíčín, pod lipami, u jičínky, česká republika",2025-10-09,2026-04-09,-25.0,Po termínu,červená,2025-10-09 (proběhlá); 2026-04-09 (plánovaná),Kalendář FZ - 6 měsíců.xlsx,186,"2021, 2022",ano,,pan David 603 263 456,2x Rectifier 22 000/3f/2200/1f-45 minut,"Nový Jíčín, Pod Lipami, U Jičínky",,,,,9/26,,,,,,9/25,,,,,,,,,,,,,,,,,,,,,,,,,,,,,,,,,,,,,,,,,,,,,,,,,,,,,,,,,,,,,,,,,,,,,,,,,,,,2,,,,,"Nový Jíčín, Pod Lipami, U Jičínky, Česká republika","Nový Jíčín, Pod Lipami, U Jičínky, Česká republika"
"Nupaky, Komerční 528, Auto OPAT","Nupaky, Komerční 528, Auto OPAT","Auto OPAT, Komerční 528, Nupaky, Česká republika","ASTIP STRONG 78kVA/7,5kVA/3F-10,30 minut","ASTIP STRONG 78kVA/7,5kVA/3F-10,30 minut","Horák Správa Budov, 720 824 339","Horák Správa Budov, 720 824 339",Praha,,,2026-11-13,,193.0,Více než 60 dnů,zelená,49.9899,14.59777,upraveno - znovu geokódovat,,Adresa automaticky upravena pro Mapy.com; spusť znovu geokodér.,"nupaky, komerční 528, auto opat, česká republika",,2026-11-13,193.0,Více než 60 dnů,zelená,2026-11-13 (plánovaná),"Kalendář FZ - 12 měsíců, 2023.xlsx",249,2023,ano,ano,,"ASTIP STRONG 78kVA/7,5kVA/3F-10,30 minut",,,,,,,,,,,,,13/26,,,,,,,,,,,,,,,,,,,,,,,,,,,,,,,,,,,,,,,,,,,,,,,,,,,,,,,,,,,,,,,,,,,,,,,,,,,1,"Nupaky, Komerční 528, Auto OPAT",,,,"Nupaky, Komerční 528, Auto OPAT, Česká republika","Auto OPAT, Komerční 528, Nupaky, Česká republika"
"Nupaky, Komerční, Inter Cars","Nupaky, Komerční, Inter Cars","Komerční, Inter Cars, Nupaky, Česká republika",R- SOZ,R- SOZ,Corradini 724 230 992,Corradini 724 230 992,Praha,,,2022-02-25,2022-02-25,-1529.0,Po termínu,červená,49.98771,14.59994,upraveno - znovu geokódovat,,Adresa automaticky upravena pro Mapy.com; spusť znovu geokodér.,"nupaky, komerční, inter cars, česká republika",2022-02-25,2022-02-25,-1529.0,Po termínu,červená,2022-02-25 (plánovaná),"Kalendář FZ - 12 měsíců, 2023.xlsx",248,bez,,,,R- SOZ,,,,25/22,,,,,,,,,,,,,,,,,,,,,,,,,,,,,,,,,,,,,,,,,,,,,,,,,,,,,,,,,,,,,,,,,,,,,,,,,,,,,,,,,,,,1,"Nupaky, Komerční, Inter Cars",,,,"Nupaky, Komerční, Inter Cars, Česká republika","Komerční, Inter Cars, Nupaky, Česká republika"
"Nymburk, Dlabačova 2211, penzion","Nymburk, Dlabačova 2211, penzion","penzion, Dlabačova 2211, Nymburk, Česká republika","ASTIP STRONG 10kVA/1,5kVA/3F-20 min","ASTIP STRONG 10kVA/1,5kVA/3F-20 min",Roman Šlechta 734 281 350,Roman Šlechta 734 281 350,Středočeský,ubytování pro sportovce ze sportovního centra,ubytování pro sportovce ze sportovního centra,2024-11-23,2024-05-23,-527.0,Po termínu,červená,50.18119,15.04648,upraveno - znovu geokódovat,,Adresa automaticky upravena pro Mapy.com; spusť znovu geokodér.,"nymburk, dlabačova 2211, penzion, česká republika",2024-05-23,2024-11-23,-527.0,Po termínu,červená,2024-05-23 (proběhlá); 2024-11-23 (plánovaná),Kalendář FZ - 6 měsíců.xlsx,187,2022,,,Roman Šlechta 734 281 350,"ASTIP STRONG 10kVA/1,5kVA/3F-20 min","Nymburk, Dlabačova 2211, penzion",,,,,,23/24,,,,,,23/24,,,,,,,,,,,,,,,,,,,,,,,,,,,,,,,,,,,,,,,,,,,,,,,,,,,,,,,,,,,,,,,,,,,,,,,,,,,2,,,,,"Nymburk, Dlabačova 2211, penzion, Česká republika","penzion, Dlabačova 2211, Nymburk, Česká republika"
"Nymburk, Soudní, Penzion Panorama","Nymburk, Soudní, Penzion Panorama","Nymburk, Soudní, Penzion Panorama, Česká republika",PS 15kVA/3f-45 minut,PS 15kVA/3f-45 minut,Cirmon - 727 967 746,Cirmon - 727 967 746,Středočeský,,,2026-07-22,2026-01-22,79.0,Více než 60 dnů,zelená,50.18539,15.04289,OK Mapy.com,,čeká na přesné geokódování,"nymburk, soudní, penzion panorama, česká republika",2026-01-22,2026-07-22,79.0,Více než 60 dnů,zelená,2026-01-22 (proběhlá); 2026-07-22 (plánovaná),Kalendář FZ - 6 měsíců.xlsx,188,2017,,ano,Cirmon - 727 967 746,PS 15kVA/3f-45 minut,"Nymburk, Soudní, Penzion Panorama",,22/26,,,,,,22/26,,,,,,,9600,,,,,,,,,,,,,,,,,,,,,,,,,,,,,,,,,,,,,,,,,,,,,,,,,,,,,,,,,,,,,,,,,,,,,,,,2,,,,,"Nymburk, Soudní, Penzion Panorama, Česká republika","Nymburk, Soudní, Penzion Panorama, Česká republika"
"Nymburk, Sportovní 1801, sportovní centrum","Nymburk, Sportovní 1801, sportovní centrum","Nymburk, Sportovní 1801, sportovní centrum, Česká republika",ASTIP STRONG 15kVA/3F -45 minut,ASTIP STRONG 15kVA/3F -45 minut,Roman Šlechta 734 281 350,Roman Šlechta 734 281 350,Středočeský,,,2024-11-23,2024-05-23,-527.0,Po termínu,červená,50.17853,15.05917,OK Mapy.com,,čeká na přesné geokódování,"nymburk, sportovní 1801, sportovní centrum, česká republika",2024-05-23,2024-11-23,-527.0,Po termínu,červená,2024-05-23 (proběhlá); 2024-11-23 (plánovaná),Kalendář FZ - 6 měsíců.xlsx,189,2022,,,Roman Šlechta 734 281 350,ASTIP STRONG 15kVA/3F -45 minut,"Nymburk, Sportovní 1801, sportovní centrum",,,,,,23/24,,,,,,23/24,,,,,,,,,,,,,,,,,,,,,,,,,,,,,,,,,,,,,,,,,,,,,,,,,,,,,,,,,,,,,,,,,,,,,,,,,,,2,,,,,"Nymburk, Sportovní 1801, sportovní centrum, Česká republika","Nymburk, Sportovní 1801, sportovní centrum, Česká republika"
"Nymburk, Za Zoškou 377, Donauchem","Nymburk, Za Zoškou 377, Donauchem","Nymburk, Za Zoškou 377, Donauchem, Česká republika",ASTIP STRONG 71kVA/5kVA/3F -45 minut,ASTIP STRONG 71kVA/5kVA/3F -45 minut,Brancuzsky 703 148 894,Brancuzsky 703 148 894,Středočeský,"pozor, 1 x ročně chtějí zkoušku na celých, 45 minut doby zálohy, poslední byla 21.2.2026","pozor, 1 x ročně chtějí zkoušku na celých, 45 minut doby zálohy, poslední byla 21.2.2026",2026-08-10,2026-02-10,98.0,Více než 60 dnů,zelená,50.19583,15.0476,OK Mapy.com,,čeká na přesné geokódování,"nymburk, za zoškou 377, donauchem, česká republika",2026-02-10,2026-08-10,98.0,Více než 60 dnů,zelená,2026-02-10 (proběhlá); 2026-08-10 (plánovaná),Kalendář FZ - 6 měsíců.xlsx,190,2023,,poznámka,Brancuzsky 703 148 894,ASTIP STRONG 71kVA/5kVA/3F -45 minut,"Nymburk, Za Zoškou 377, Donauchem",,,10/26,,,,,,10/26,,,,,,,,,,,,,,,,,,,,,,,,,,,,,,,,,,,,,,,,,,,,,,,,,,,,,,,,,,,,,,,,,,,,,,,,,,,,,,2,,,,,"Nymburk, Za Zoškou 377, Donauchem, Česká republika","Nymburk, Za Zoškou 377, Donauchem, Česká republika"
"Náchod, Jugoslávská 15","Náchod, Jugoslávská 15","Náchod, Jugoslávská 15, Česká republika","ASTIP STRONG 7,5kVA/3F -15 minut","ASTIP STRONG 7,5kVA/3F -15 minut",733180104,733180104,Královehradecký,,,2021-08-09,2021-02-09,-1729.0,Po termínu,červená,50.40641,16.15386,OK Mapy.com,,čeká na přesné geokódování,"náchod, jugoslávská 15, česká republika",2021-02-09,2021-08-09,-1729.0,Po termínu,červená,2021-02-09 (proběhlá); 2021-08-09 (plánovaná),Kalendář FZ - 6 měsíců.xlsx,177,2019,,,733180104,"ASTIP STRONG 7,5kVA/3F -15 minut","Náchod, Jugoslávská 15",,,9/21,,,,,,9/21,,,,,,,,,,,,,,,,,,,,,,,,,,,,,,,,,,,,,,,,,,,,,,,,,,,,,,,,,,,,,,,,,,,,,,,,,,,,,,2,,,,,"Náchod, Jugoslávská 15, Česká republika","Náchod, Jugoslávská 15, Česká republika"
"Námestovo, Mila Urbana 45 (SK)","Námestovo, Mila Urbana 45 (SK)","Námestovo, Mila Urbana 45 (SK), Slovensko",PS 20 000/3f - 45 min.,PS 20 000/3f - 45 min.,Kanderka - 0911969626,Kanderka - 0911969626,Slovensko,,,2019-09-28,2019-09-28,-2410.0,Po termínu,červená,49.40289,19.47033,OK Mapy.com,,čeká na přesné geokódování,"námestovo, mila urbana 45 (sk), slovensko",2019-09-28,2019-09-28,-2410.0,Po termínu,červená,2019-09-28 (plánovaná),Kalendář FZ - 6 měsíců.xlsx,178,2018,ano,,Kanderka - 0911969626,PS 20 000/3f - 45 min.,"Námestovo, Mila Urbana 45 (SK)",,,,,,,,,,28/19,,,,,410 EUR bez DPH,,,,,,,,,,,,,,,,,,,,,,,,,,,,,,,,,,,,,,,,,,,,,,,,,,,,,,,,,,,,,,,,,,,,,,,,1,,,,,"Námestovo, Mila Urbana 45 (SK), Slovensko","Námestovo, Mila Urbana 45 (SK), Slovensko"
"Náměšť na Hané, DS František","Náměšť na Hané, DS František","Náměšť na Hané, DS František, Česká republika",ASTIP PS 2 000VA/3F -45 minut,ASTIP PS 2 000VA/3F -45 minut,Ing. Boxan 603 569 262,Ing. Boxan 603 569 262,Olomoucký,,,2021-10-23,2021-04-23,-1654.0,Po termínu,červená,49.60213,17.06539,OK Mapy.com,,čeká na přesné geokódování,"náměšť na hané, ds františek, česká republika",2021-04-23,2021-10-23,-1654.0,Po termínu,červená,2021-04-23 (proběhlá); 2021-10-23 (plánovaná),Kalendář FZ - 6 měsíců.xlsx,179,2016,,,Ing. Boxan 603 569 262,ASTIP PS 2 000VA/3F -45 minut,"Náměšť na Hané, DS František",,,,,23/21,,,,,,23/21,,,,,,,,,,,,,,,,,,,,,,,,,,,,,,,,,,,,,,,,,,,,,,,,,,,,,,,,,,,,,,,,,,,,,,,,,,,,2,,,,,"Náměšť na Hané, DS František, Česká republika","Náměšť na Hané, DS František, Česká republika"
"Odry, Hranická 56","Odry, Hranická 56","Odry, Hranická 56, Česká republika","PS LiftBack 7500/3f-45 minut, 2 x PS Liftback 15kVA/3F-45 minut","PS LiftBack 7500/3f-45 minut, 2 x PS Liftback 15kVA/3F-45 minut",Koláčková - 723 049 017,Koláčková - 723 049 017,Moravskoslezský,,,2026-09-03,2026-03-03,122.0,Více než 60 dnů,zelená,49.65846,17.83115,OK Mapy.com,,čeká na přesné geokódování,"odry, hranická 56, česká republika",2026-03-03,2026-09-03,122.0,Více než 60 dnů,zelená,2026-03-03 (proběhlá); 2026-09-03 (plánovaná),Kalendář FZ - 6 měsíců.xlsx,191,2018 + 2x 2025,,,Koláčková - 723 049 017,"PS LiftBack 7500/3f-45 minut, 2 x PS Liftback 15kVA/3F-45 minut","Odry, Hranická 56",,,,3/26,,,,,,3/26,,,,,,,,,,,,,,,,,,,,,,,,,,,,,,,,,,,,,,,,,,,,,,,,,,,,,,,,,,,,,,,,,,,,,,,,,,,,,2,,,,,"Odry, Hranická 56, Česká republika","Odry, Hranická 56, Česká republika"
"Odry, Vítkovická 391/29, Semperflex Optimit","Odry, Vítkovická 391/29, Semperflex Optimit","Semperflex Optimit, Vítkovická 391/29, Odry, Česká republika",ASTIP PS 20kVA/3F/7 minut/IP65,ASTIP PS 20kVA/3F/7 minut/IP65,"Ing. Pavel Slanina,  731 081 498","Ing. Pavel Slanina,  731 081 498",Moravskoslezský,NENÍ PBZ,NENÍ PBZ,2027-01-06,,247.0,Více než 60 dnů,zelená,49.82789,18.27867,upraveno - znovu geokódovat,,Adresa automaticky upravena pro Mapy.com; spusť znovu geokodér.,"odry, vítkovická 391/29, semperflex optimit, česká republika",,2027-01-06,247.0,Více než 60 dnů,zelená,2027-01-06 (plánovaná),"Kalendář FZ - 12 měsíců, 2023.xlsx",250,2023,,,,ASTIP PS 20kVA/3F/7 minut/IP65,,,6/27,,,,,,,,,,,,,,,,,,,,,,,,,,,,,,,,,,,,,,,,,,,,,,,,,,,,,,,,,,,,,,,,,,,,,,,,,,,,,,,,,,,,,1,"Odry, Vítkovická 391/29, Semperflex Optimit",,,,"Odry, Vítkovická 391/29, Semperflex Optimit, Česká republika","Semperflex Optimit, Vítkovická 391/29, Odry, Česká republika"
"Okříšky, Nová Ves 66, MANN+HUMMEL (CZ)","Okříšky, Nová Ves 66, MANN+HUMMEL (CZ)","Okříšky, Nová Ves 66, MANN+HUMMEL (CZ), Česká republika","2 x STRONG 7,5kVA/3F -15 minut","2 x STRONG 7,5kVA/3F -15 minut",Jan Boček 724 336 164,Jan Boček 724 336 164,Vysočina,,,2026-06-18,2025-12-18,45.0,30–60 dnů,žlutá,49.2533,15.78676,OK Mapy.com,,čeká na přesné geokódování,"okříšky, nová ves 66, mann+hummel (cz), česká republika",2025-12-18,2026-06-18,45.0,30–60 dnů,žlutá,2025-12-18 (proběhlá); 2026-06-18 (plánovaná),Kalendář FZ - 6 měsíců.xlsx,192,"2013, nově 2025",,,Jan Boček 724 336 164,"2 x STRONG 7,5kVA/3F -15 minut","Okříšky, Nová Ves 66, MANN+HUMMEL (CZ) ",,,,,,,18/26,,,,,,18/25,,,,,,,,,,,,,,,,,,,,,,,,,,,,,,,,,,,,,,,,,,,,,,,,,,,,,,,,,,,,,,,,,,,,,,,,,,2,,,,,"Okříšky, Nová Ves 66, MANN+HUMMEL (CZ), Česká republika","Okříšky, Nová Ves 66, MANN+HUMMEL (CZ), Česká republika"
"Olomouc, 17. listopadu 49, SPŠS","Olomouc, 17. listopadu 49, SPŠS","Olomouc, 17. listopadu 49, SPŠS, Česká republika",STRONG 4 000/3F -30 minut,STRONG 4 000/3F -30 minut,Matoušek 585 549 117,Matoušek 585 549 117,Olomoucký,,,2021-12-15,2021-06-15,-1601.0,Po termínu,červená,49.59469,17.26433,OK Mapy.com,,čeká na přesné geokódování,"olomouc, 17. listopadu 49, spšs, česká republika",2021-06-15,2021-12-15,-1601.0,Po termínu,červená,2021-06-15 (proběhlá); 2021-12-15 (plánovaná),Kalendář FZ - 6 měsíců.xlsx,195,2019,,,Matoušek 585 549 117,STRONG 4 000/3F -30 minut,"Olomouc, 17. listopadu 49, SPŠS",,,,,,,15/21,,,,,,15/21,,,,,,,,,,,,,,,,,,,,,,,,,,,,,,,,,,,,,,,,,,,,,,,,,,,,,,,,,,,,,,,,,,,,,,,,,,2,,,,,"Olomouc, 17. listopadu 49, SPŠS, Česká republika","Olomouc, 17. listopadu 49, SPŠS, Česká republika"
"Olomouc, A. Rašína 345_2, BD","Olomouc, A. Rašína 345_2, BD","BD, A. Rašína 345/2, Olomouc, Česká republika",ASTIP STRONG 62/20kVA/3F -60 minut,ASTIP STRONG 62/20kVA/3F -60 minut,p. Čuba 731 494 310,p. Čuba 731 494 310,Olomoucký,,,2026-12-11,,221.0,Více než 60 dnů,zelená,49.60042,17.21776,upraveno - znovu geokódovat,,Adresa automaticky upravena pro Mapy.com; spusť znovu geokodér.,"olomouc, a. rašína 345/2, bd, česká republika",,2026-12-11,221.0,Více než 60 dnů,zelená,2026-12-11 (plánovaná),"Kalendář FZ - 12 měsíců, 2023.xlsx",251,2024,,,,ASTIP STRONG 62/20kVA/3F -60 minut,,,,,,,,,,,,,,11/26,,,,,,,,,,,,,,,,,,,,,,,,,,,,,,,,,,,,,,,,,,,,,,,,,,,,,,,,,,,,,,,,,,,,,,,,,,1,"Olomouc, A. Rašína 345_2, BD",,,,"Olomouc, A. Rašína 345/2, BD, Česká republika","BD, A. Rašína 345/2, Olomouc, Česká republika"
"Olomouc, Dobrovského, Delta servis, Herbárium","Olomouc, Dobrovského, Delta servis, Herbárium","Olomouc, Dobrovského, Delta servis, Herbárium, Česká republika",PS 10 kVA/3f -45 minut,PS 10 kVA/3f -45 minut,"Alena Šišmová, 606730131, Šišma 602 751 883","Alena Šišmová, 606730131, Šišma 602 751 883",Olomoucký,"2025 -posláno na oba šišmy, 05/2021 -přetržená plomba, je to hotel do 10-ti pokojů, tedy 1 x ročně","2025 -posláno na oba šišmy, 05/2021 -přetržená plomba, je to hotel do 10-ti pokojů, tedy 1 x ročně",2024-04-15,2024-04-15,-749.0,Po termínu,červená,49.59912,17.25849,OK Mapy.com,,čeká na přesné geokódování,"olomouc, dobrovského, delta servis, herbárium, česká republika",2024-04-15,2024-04-15,-749.0,Po termínu,červená,2024-04-15 (plánovaná),"Kalendář FZ - 12 měsíců, 2023.xlsx",256,2017,,,,PS 10 kVA/3f -45 minut,,,,,,15/24,,,,,,,,,,,,,,,,,,,,,,,,,,,,,,,,,,,,,,,,,,,,,,,,,,,,,,,,,,,,,,,,,,,,,,,,,,,,,,,,,,1,"Olomouc, Dobrovského, Delta servis, Herbárium",,,,"Olomouc, Dobrovského, Delta servis, Herbárium, Česká republika","Olomouc, Dobrovského, Delta servis, Herbárium, Česká republika"
"Olomouc, Eduarda Hamburgera 3, 5","Olomouc, Eduarda Hamburgera 3, 5","Olomouc, Eduarda Hamburgera 3, 5, Česká republika",2 x ASTIP STRONG 2000/3F -15 minut + STRONG 350 ve 5+3,2 x ASTIP STRONG 2000/3F -15 minut + STRONG 350 ve 5+3,"Ing. Marcela Hélová (správce, jednatel)

Tel. +420 732 263 072","Ing. Marcela Hélová (správce, jednatel)

Tel. +420 732 263 072",Olomoucký,"15.6.2022 -takže už máme jen zdroj na 5, ve 3 je od jiné firmy nový...3.1.2022 -předal M.T, že je vyřízeno 05/2021 -Byl tam Libor, předána reklamace Lukášovi, řešili s Liborem","15.6.2022 -takže už máme jen zdroj na 5, ve 3 je od jiné firmy nový...3.1.2022 -předal M.T, že je vyřízeno 05/2021 -Byl tam Libor, předána reklamace Lukášovi, řešili s Liborem",2027-04-15,,346.0,Více než 60 dnů,zelená,49.58646,17.24538,OK Mapy.com,,čeká na přesné geokódování,"olomouc, eduarda hamburgera 3, 5, česká republika",,2027-04-15,346.0,Více než 60 dnů,zelená,2027-04-15 (plánovaná),"Kalendář FZ - 12 měsíců, 2023.xlsx",257,2019,ano,,,2 x ASTIP STRONG 2000/3F -15 minut + STRONG 350 ve 5+3,,,,,,15/27-1xstop stav 2026,,,,,,,,,,,,,,,,,,,,,,,,,,,,,,,,,,,,,,,,,,,,,,,,,,,,,,,,,,,,,,,,,,,,,,,,,,,,,,,,,,1,"Olomouc, Eduarda Hamburgera 3, 5",,,,"Olomouc, Eduarda Hamburgera 3, 5, Česká republika","Olomouc, Eduarda Hamburgera 3, 5, Česká republika"
"Olomouc, Eduarda Hamburgera 9, 11","Olomouc, Eduarda Hamburgera 9, 11","Olomouc, Eduarda Hamburgera 9, 11, Česká republika",ASTIP STRONG 1500/3F -15 minut + 3000/3F-15 minut,ASTIP STRONG 1500/3F -15 minut + 3000/3F-15 minut,technik@bartonapartner.cz,technik@bartonapartner.cz,Olomoucký,,,2026-07-07,,64.0,Více než 60 dnů,zelená,49.58651,17.24422,OK Mapy.com,,čeká na přesné geokódování,"olomouc, eduarda hamburgera 9, 11, česká republika",,2026-07-07,64.0,Více než 60 dnů,zelená,2026-07-07 (plánovaná); 2026-10-15 (plánovaná),"Kalendář FZ - 12 měsíců, 2023.xlsx",258,2020,ano,ano,,ASTIP STRONG 1500/3F -15 minut + 3000/3F-15 minut,,,,,,,,,7/26-1xstop stav,,,15/26-9,,,,,,,,,,,,,,,,,,,,,,,,,,,,,,,,,,,,,,,,,,,,,,,,,,,,,,,,,,,,,,,,,,,,,,,,,,,,2,"Olomouc, Eduarda Hamburgera 9, 11",,,,"Olomouc, Eduarda Hamburgera 9, 11, Česká republika","Olomouc, Eduarda Hamburgera 9, 11, Česká republika"
"Olomouc,  IP Pavlova","Olomouc,  IP Pavlova","Olomouc, IP Pavlova, Česká republika",PS 15kVA/3F -60 minut,PS 15kVA/3F -60 minut,Janoušek 607 259 254,Janoušek 607 259 254,Olomoucký,,,2025-09-05,2025-09-05,-241.0,Po termínu,červená,49.57937,17.23179,OK Mapy.com,,čeká na přesné geokódování,"olomouc, ip pavlova, česká republika",2025-09-05,2025-09-05,-241.0,Po termínu,červená,2025-09-05 (plánovaná),"Kalendář FZ - 12 měsíců, 2023.xlsx",252,2016,,,, PS 15kVA/3F -60 minut,,,,,,,,,,,5/25,,,,,,,,,,,,,,,,,,,,,,,,,,,,,,,,,,,,,,,,,,,,,,,,,,,,,,,,,,,,,,,,,,,,,,,,,,,,,1,"Olomouc,  IP Pavlova",,,,"Olomouc, IP Pavlova, Česká republika","Olomouc, IP Pavlova, Česká republika"
"Olomouc, Jeremenkova 40A, krajský úřad","Olomouc, Jeremenkova 40A, krajský úřad","Olomouc, Jeremenkova 40A, krajský úřad, Česká republika",ASTIP STRONG LIFTBACK 247/40kVA/3F-45 minut,ASTIP STRONG LIFTBACK 247/40kVA/3F-45 minut,Coufal 585 508 870,Coufal 585 508 870,Olomoucký,,,2026-09-03,2026-03-03,122.0,Více než 60 dnů,zelená,49.59117,17.27656,OK Mapy.com,,čeká na přesné geokódování,"olomouc, jeremenkova 40a, krajský úřad, česká republika",2026-03-03,2026-09-03,122.0,Více než 60 dnů,zelená,2026-03-03 (proběhlá); 2026-09-03 (plánovaná),Kalendář FZ - 6 měsíců.xlsx,193,2025,,,Coufal 585 508 870,ASTIP STRONG LIFTBACK 247/40kVA/3F-45 minut,"Olomouc, Jeremenkova 40A, krajský úřad",,,,3/26,,,,,,3/26,,,,,,,,,,,,,,,,,,,,,,,,,,,,,,,,,,,,,,,,,,,,,,,,,,,,,,,,,,,,,,,,,,,,,,,,,,,,,2,,,,,"Olomouc, Jeremenkova 40A, krajský úřad, Česká republika","Olomouc, Jeremenkova 40A, krajský úřad, Česká republika"
"Olomouc, Lipenská 7, hotel SMART","Olomouc, Lipenská 7, hotel SMART","Olomouc, Lipenská 7, hotel SMART, Česká republika",ASTIP PS 15 kVA/3F - 45 minut,ASTIP PS 15 kVA/3F - 45 minut,Sklenář  602 705 473,Sklenář  602 705 473,Olomoucký,12.3.2025 -posílám dotaz na endllotto@seznam.cz,12.3.2025 -posílám dotaz na endllotto@seznam.cz,2024-08-08,2024-08-08,-634.0,Po termínu,červená,49.591,17.28674,OK Mapy.com,,čeká na přesné geokódování,"olomouc, lipenská 7, hotel smart, česká republika",2024-08-08,2024-08-08,-634.0,Po termínu,červená,2024-08-08 (plánovaná),Kalendář FZ - 6 měsíců.xlsx,196,2018,,,Sklenář  602 705 473,ASTIP PS 15 kVA/3F - 45 minut,"Olomouc, Lipenská 7, hotel SMART",,,,,,,,,8/24,,,,,,,,,,,,,,,,,,,,,,,,,,,,,,,,,,,,,,,,,,,,,,,,,,,,,,,,,,,,,,,,,,,,,,,,,,,,,,1,,,,,"Olomouc, Lipenská 7, hotel SMART, Česká republika","Olomouc, Lipenská 7, hotel SMART, Česká republika"
"Olomouc, Loudova 7 + 11, 15","Olomouc, Loudova 7 + 11, 15","Olomouc, Loudova 7 + 11, 15, Česká republika",2 x ASTIP STRONG 30kVA/5kVA/3F-15 minut,2 x ASTIP STRONG 30kVA/5kVA/3F-15 minut,"technik@bartonapartner.cz, 
Palička 735 171 154","technik@bartonapartner.cz, 
Palička 735 171 154",Olomoucký,,,2027-03-24,,324.0,Více než 60 dnů,zelená,49.56984,17.25261,OK Mapy.com,,čeká na přesné geokódování,"olomouc, loudova 7 + 11, 15, česká republika",,2027-03-24,324.0,Více než 60 dnů,zelená,2027-03-24 (plánovaná),"Kalendář FZ - 12 měsíců, 2023.xlsx",259,"2022, 2022",ano,ano,,2 x ASTIP STRONG 30kVA/5kVA/3F-15 minut,,,,,24/27,,,,,,,,,,,,,,,,,,,,,,,,,,,,,,,,,,,,,,,,,,,,,,,,,,,,,,,,,,,,,,,,,,,,,,,,,,,,,,,,,,,1,"Olomouc, Loudova 7 + 11, 15",,,,"Olomouc, Loudova 7 + 11, 15, Česká republika","Olomouc, Loudova 7 + 11, 15, Česká republika"
"Olomouc, Ostravská, CasinoGo4Games","Olomouc, Ostravská, CasinoGo4Games","Ostravská, CasinoGo4Games, Olomouc, Česká republika",PS 40kVA/3f - 45min.,PS 40kVA/3f - 45min.,Sklenář  602 705 473,Sklenář  602 705 473,Olomoucký,"05/2021 -zdroj odstaven, casino mimo provoz- Libor mluvil s panem Sklenářem, 6.9.2019 -zaslaná nabídka na výměnu baterií","05/2021 -zdroj odstaven, casino mimo provoz- Libor mluvil s panem Sklenářem, 6.9.2019 -zaslaná nabídka na výměnu baterií",,,,Bez termínu,šedá,50.23181,14.88644,upraveno - znovu geokódovat,,Adresa automaticky upravena pro Mapy.com; spusť znovu geokodér.,"olomouc, ostravská, casinogo4games, česká republika",,,,Bez termínu,šedá,,Kalendář FZ - 6 měsíců.xlsx,197,2015,,,Sklenář  602 705 473,PS 40kVA/3f - 45min.,"Olomouc, Ostravská, CasinoGo4Games",,,,,,,,,,3,,,,,,,,,,,,,,,,,,,,,,,,,,,,,,,,,,,,,,,,,,,,,,,,,,,,,,,,,,,,,,,,,,,,,,,,,,,,,0,,,,,"Olomouc, Ostravská, CasinoGo4Games, Česká republika","Ostravská, CasinoGo4Games, Olomouc, Česká republika"
"Olomouc, Ostravská","Olomouc, Ostravská","Olomouc, Ostravská, Česká republika",PS 40kVA/3f-45 minut,PS 40kVA/3f-45 minut,,,Olomoucký,,,,,,Bez termínu,šedá,49.58937,17.28547,OK Mapy.com,,čeká na přesné geokódování,"olomouc, ostravská, česká republika",,,,Bez termínu,šedá,,"Kalendář FZ - 12 měsíců, 2023.xlsx",261,2015,,,,  PS 40kVA/3f-45 minut,,,,,,,,,,,,,22,,,,,,,,,,,,,,,,,,,,,,,,,,,,,,,,,,,,,,,,,,,,,,,,,,,,,,,,,,,,,,,,,,,,,,,,,,,0,"Olomouc, Ostravská",,,,"Olomouc, Ostravská, Česká republika","Olomouc, Ostravská, Česká republika"
"Olomouc, Pavlovická 18, NC Bělidla","Olomouc, Pavlovická 18, NC Bělidla","Olomouc, Pavlovická 18, NC Bělidla, Česká republika",ASTIP PS 20 000/3f-15 min + RPO,ASTIP PS 20 000/3f-15 min + RPO,Colt Bezruč,Colt Bezruč,Olomoucký,,,2026-03-09,2025-09-09,-56.0,Po termínu,červená,49.60165,17.27825,OK Mapy.com,,čeká na přesné geokódování,"olomouc, pavlovická 18, nc bělidla, česká republika",2025-09-09,2026-03-09,-56.0,Po termínu,červená,2025-09-09 (proběhlá); 2026-03-09 (plánovaná),Kalendář FZ - 6 měsíců.xlsx,198,2018,,,Colt Bezruč ,ASTIP PS 20 000/3f-15 min + RPO,"Olomouc, Pavlovická 18, NC Bělidla",,,,9/26,,,,,,9/25,,,,,,,,,,,,,,,,,,,,,,,,,,,,,,,,,,,,,,,,,,,,,,,,,,,,,,,,,,,,,,,,,,,,,,,,,,,,,2,,,,,"Olomouc, Pavlovická 18, NC Bělidla, Česká republika","Olomouc, Pavlovická 18, NC Bělidla, Česká republika"
"Olomouc, Rokycanova 795,1H,1G_796,1F, 802, 808, 809","Olomouc, Rokycanova 795,1H,1G_796,1F, 802, 808, 809","Rokycanova 795, Olomouc, Česká republika","795 -PS 2200/1f, 35 min, 796 -PS 2200/1f, 35 min,796 -1g - PS 2200/1f, 35 min","795 -PS 2200/1f, 35 min, 796 -PS 2200/1f, 35 min,796 -1g - PS 2200/1f, 35 min","p. Píša, 606775654, p. Skoupil, 728358535","p. Píša, 606775654, p. Skoupil, 728358535",Olomoucký,9/22 - 3 x zdrj STOP STAV,9/22 - 3 x zdrj STOP STAV,2023-09-02,2023-09-02,-975.0,Po termínu,červená,49.58418,17.25789,upraveno - znovu geokódovat,,Adresa automaticky upravena pro Mapy.com; spusť znovu geokodér.,"olomouc, rokycanova 795, 1h, 1g/796, 1f, 802, 808, 809, česká republika",2023-09-02,2023-09-02,-975.0,Po termínu,červená,2023-09-02 (plánovaná),"Kalendář FZ - 12 měsíců, 2023.xlsx",262,2016 -2019,,,,"795 -PS 2200/1f, 35 min, 796 -PS 2200/1f, 35 min,796 -1g - PS 2200/1f, 35 min",,,,,,,,,,,2/23,,,,,,,,,,,,,,,,,,,,,,,,,,,,,,,,,,,,,,,,,,,,,,,,,,,,,,,,,,,,,,,,,,,,,,,,,,,,,1,"Olomouc, Rokycanova 795,1H,1G_796,1F, 802, 808, 809",,,,"Olomouc, Rokycanova 795, 1H, 1G/796, 1F, 802, 808, 809, Česká republika","Rokycanova 795, Olomouc, Česká republika"
"Olomouc, Schweizerova 798_99","Olomouc, Schweizerova 798_99","Olomouc, Schweizerova 798/99, Česká republika",PS 5000/3f-45 minut,PS 5000/3f-45 minut,Vlastimil Schejbal -735 171 154,Vlastimil Schejbal -735 171 154,Olomoucký,,,2025-02-04,2025-02-04,-454.0,Po termínu,červená,49.57428,17.24848,OK Mapy.com,,čeká na přesné geokódování,"olomouc, schweizerova 798/99, česká republika",2025-02-04,2025-02-04,-454.0,Po termínu,červená,2025-02-04 (plánovaná),"Kalendář FZ - 12 měsíců, 2023.xlsx",263,2016,,,,  PS 5000/3f-45 minut,,,,4/25,,,,,,,,,,,,,,,,,,,,,,,,,,,,,,,,,,,,,,,,,,,,,,,,,,,,,,,,,,,,,,,,,,,,,,,,,,,,,,,,,,,,1,"Olomouc, Schweizerova 798_99",,6800,,"Olomouc, Schweizerova 798/99, Česká republika","Olomouc, Schweizerova 798/99, Česká republika"
"Olomouc , Tomkova 420_48, ZŠ a MŠ Waldorfská","Olomouc , Tomkova 420_48, ZŠ a MŠ Waldorfská","Olomouc, Tomkova 420/48, ZŠ a MŠ Waldorfská, Česká republika",ASTIP STRONG 4000VA/3F-15 minut,ASTIP STRONG 4000VA/3F-15 minut,Obrtlík 732 109 184,Obrtlík 732 109 184,Olomoucký,,,2026-07-12,2026-01-12,69.0,Více než 60 dnů,zelená,49.60323,17.23738,OK Mapy.com,,čeká na přesné geokódování,"olomouc, tomkova 420/48, zš a mš waldorfská, česká republika",2026-01-12,2026-07-12,69.0,Více než 60 dnů,zelená,2026-01-12 (proběhlá); 2026-07-12 (plánovaná),Kalendář FZ - 6 měsíců.xlsx,194,2021,,,Obrtlík 732 109 184,ASTIP STRONG 4000VA/3F-15 minut,"Olomouc , Tomkova 420_48, ZŠ a MŠ Waldorfská",,12/26,,,,,,12/26,,,,,,,,,,,,,,,,,,,,,,,,,,,,,,,,,,,,,,,,,,,,,,,,,,,,,,,,,,,,,,,,,,,,,,,,,,,,,,,2,,,,,"Olomouc, Tomkova 420/48, ZŠ a MŠ Waldorfská, Česká republika","Olomouc, Tomkova 420/48, ZŠ a MŠ Waldorfská, Česká republika"
"Olomouc, Tř. J. Pelikána 5,7,9,11,13","Olomouc, Tř. J. Pelikána 5,7,9,11,13","Olomouc, Tř. J. Pelikána 5, 7, 9, 11, 13, Česká republika",5 x ELSTON 500VA/1F -15 minut,5 x ELSTON 500VA/1F -15 minut,technik@bartonapartner.cz,technik@bartonapartner.cz,Olomoucký,,,2026-07-07,,64.0,Více než 60 dnů,zelená,49.59874,17.23662,OK Mapy.com,,čeká na přesné geokódování,"olomouc, tř. j. pelikána 5, 7, 9, 11, 13, česká republika",,2026-07-07,64.0,Více než 60 dnů,zelená,2026-07-07 (plánovaná); 2026-10-09 (plánovaná),"Kalendář FZ - 12 měsíců, 2023.xlsx",260,2021,ano,ano,,5 x ELSTON 500VA/1F -15 minut,,,,,,,,,7/26-2xstop stav,,,"9/26, 5+13",,,,,,,,,,,,,,,,,,,,,,,,,,,,,,,,,,,,,,,,,,,,,,,,,,,,,,,,,,,,,,,,,,,,,,,,,,,,2,"Olomouc, Tř. J. Pelikána 5,7,9,11,13",,,,"Olomouc, Tř. J. Pelikána 5, 7, 9, 11, 13, Česká republika","Olomouc, Tř. J. Pelikána 5, 7, 9, 11, 13, Česká republika"
"Olomouc, U letiště 32, AC Baluo","Olomouc, U letiště 32, AC Baluo","AC Baluo, U letiště 32, Olomouc, Česká republika",PS 4000/3f-20 minut,PS 4000/3f-20 minut,Mgr. Hrubeš - 724 027 055,Mgr. Hrubeš - 724 027 055,Olomoucký,Vyměnit kontrolky,Vyměnit kontrolky,2026-04-04,2026-04-04,-30.0,Po termínu,červená,49.59377,17.21265,upraveno - znovu geokódovat,,Adresa automaticky upravena pro Mapy.com; spusť znovu geokodér.,"olomouc, u letiště 32, ac baluo, česká republika",2026-04-04,2026-04-04,-30.0,Po termínu,červená,2026-04-04 (plánovaná),"Kalendář FZ - 12 měsíců, 2023.xlsx",264,2017,,,,  PS 4000/3f-20 minut,,,,,,4/26,,,,,,,,,,,,,,,,,,,,,,,,,,,,,,,,,,,,,,,,,,,,,,,,,,,,,,,,,,,,,,,,,,,,,,,,,,,,,,,,,,1,"Olomouc, U letiště 32, AC Baluo",,,,"Olomouc, U letiště 32, AC Baluo, Česká republika","AC Baluo, U letiště 32, Olomouc, Česká republika"
"Olomouc, Wolkerova, Flora","Olomouc, Wolkerova, Flora","Olomouc, Wolkerova, Flora, Česká republika","40kVA/3F,6000/3f-35 minut","40kVA/3F,6000/3f-35 minut","Svačinka, 603 825 663,585 726 203","Svačinka, 603 825 663,585 726 203",Olomoucký,10/2024 -nové zdroje - u obou pajšly,10/2024 -nové zdroje - u obou pajšly,2026-09-16,,135.0,Více než 60 dnů,zelená,49.5884,17.24551,OK Mapy.com,,čeká na přesné geokódování,"olomouc, wolkerova, flora, česká republika",,2026-09-16,135.0,Více než 60 dnů,zelená,2026-09-16 (plánovaná),"Kalendář FZ - 12 měsíců, 2023.xlsx",265,"2013, 2014",ano,,,"40kVA/3F,6000/3f-35 minut",,,,,,,,,,,16/26,,,,,,,,,,,,,,,,,,,,,,,,,,,,,,,,,,,,,,,,,,,,,,,,,,,,,,,,,,,,,,,,,,,,,,,,,,,,,1,"Olomouc, Wolkerova, Flora",,,,"Olomouc, Wolkerova, Flora, Česká republika","Olomouc, Wolkerova, Flora, Česká republika"
"Olomouc, Čadova 3a, b, c","Olomouc, Čadova 3a, b, c","Olomouc, Čadova 3a, b, c, Česká republika",ASTIP STRONG 1000 + 1500 +1000,ASTIP STRONG 1000 + 1500 +1000,Rusinko 607 270 932,Rusinko 607 270 932,Olomoucký,,,2023-06-15,2023-06-15,-1054.0,Po termínu,červená,49.60711,17.28057,OK Mapy.com,,čeká na přesné geokódování,"olomouc, čadova 3a, b, c, česká republika",2023-06-15,2023-06-15,-1054.0,Po termínu,červená,2023-06-15 (plánovaná),"Kalendář FZ - 12 měsíců, 2023.xlsx",253,"2020, 2021",,,,ASTIP STRONG 1000 + 1500 +1000,,,,,,,,15/23,,,,,,,,,,,,,,,,,,,,,,,,,,,,,,,,,,,,,,,,,,,,,,,,,,,,,,,,,,,,,,,,,,,,,,,,,,,,,,,,1,"Olomouc, Čadova 3a, b, c",,,,"Olomouc, Čadova 3a, b, c, Česká republika","Olomouc, Čadova 3a, b, c, Česká republika"
"Olomouc, Čajkovského 18a","Olomouc, Čajkovského 18a","Olomouc, Čajkovského 18a, Česká republika",ASTIP STRONG 1000/1f-45 minut,ASTIP STRONG 1000/1f-45 minut,,,Olomoucký,,,2020-07-29,2020-07-29,-2105.0,Po termínu,červená,49.57649,17.23245,OK Mapy.com,,čeká na přesné geokódování,"olomouc, čajkovského 18a, česká republika",2020-07-29,2020-07-29,-2105.0,Po termínu,červená,2020-07-29 (plánovaná),"Kalendář FZ - 12 měsíců, 2023.xlsx",254,2016,,,,ASTIP STRONG 1000/1f-45 minut,,,,,,,,,29/20,,,,,,,,,,,,,,,,,,,,,,,,,,,,,,,,,,,,,,,,,,,,,,,,,,,,,,,,,,,,,,,,,,,,,,,,,,,,,,,1,"Olomouc, Čajkovského 18a",,,,"Olomouc, Čajkovského 18a, Česká republika","Olomouc, Čajkovského 18a, Česká republika"
"Olomouc, Čajkovského 20","Olomouc, Čajkovského 20","Olomouc, Čajkovského 20, Česká republika",ASTIP STRONG 1500/1f-15 minut,ASTIP STRONG 1500/1f-15 minut,"Rezidenční správa, Daniel Píša (606 775 654)","Rezidenční správa, Daniel Píša (606 775 654)",Olomoucký,"tady jsou problémy, řešil s nimi Libor, nevíme, jak to celé dopadlo…nemám odvahu do toho tlačit","tady jsou problémy, řešil s nimi Libor, nevíme, jak to celé dopadlo…nemám odvahu do toho tlačit",,2022-09-02,,Bez termínu,šedá,49.57614,17.23224,OK Mapy.com,,čeká na přesné geokódování,"olomouc, čajkovského 20, česká republika",2022-09-02,,,Bez termínu,šedá,2022-09-02 (nezjištěno),"Kalendář FZ - 12 měsíců, 2023.xlsx",255,2018,,,,ASTIP STRONG 1500/1f-15 minut,,,,,,,,,,,2/22,,,,,,,,,,,,,,,,,,,,,,,,,,,,,,,,,,,,,,,,,,,,,,,,,,,,,,,,,,,,,,,,,,,,,,,,,,,,,1,"Olomouc, Čajkovského 20",,,,"Olomouc, Čajkovského 20, Česká republika","Olomouc, Čajkovského 20, Česká republika"
"Opatovice nad Labem, SIKO koupelny","Opatovice nad Labem, SIKO koupelny","Opatovice nad Labem, SIKO koupelny, Česká republika",ASTIP STRONG 1 500VA/1F -30 min.,ASTIP STRONG 1 500VA/1F -30 min.,Jiří Vala 737 260 170,Jiří Vala 737 260 170,Pardubický,,,2025-03-08,2025-03-08,-422.0,Po termínu,červená,50.14219,15.79277,OK Mapy.com,,čeká na přesné geokódování,"opatovice nad labem, siko koupelny, česká republika",2025-03-08,2025-03-08,-422.0,Po termínu,červená,2025-03-08 (plánovaná),"Kalendář FZ - 12 měsíců, 2023.xlsx",266,2020,,ano,,ASTIP STRONG 1 500VA/1F -30 min. ,,,,,8/25,,,,,,,,,,,,,,,,,,,,,,,,,,,,,,,,,,,,,,,,,,,,,,,,,,,,,,,,,,,,,,,,,,,,,,,,,,,,,,,,,,,1,"Opatovice nad Labem, SIKO koupelny",,,,"Opatovice nad Labem, SIKO koupelny, Česká republika","Opatovice nad Labem, SIKO koupelny, Česká republika"
"Opava, Bezručovo nám., slezská univerzita","Opava, Bezručovo nám., slezská univerzita","Opava, Bezručovo nám., slezská univerzita, Česká republika",ASTIP PS 2000/3f-30 minut,ASTIP PS 2000/3f-30 minut,Žižlavský 775 059 008,Žižlavský 775 059 008,Moravskoslezský,,,2026-09-23,,142.0,Více než 60 dnů,zelená,49.93578,17.89699,OK Mapy.com,,čeká na přesné geokódování,"opava, bezručovo nám., slezská univerzita, česká republika",,2026-09-23,142.0,Více než 60 dnů,zelená,2026-09-23 (plánovaná),"Kalendář FZ - 12 měsíců, 2023.xlsx",267,2015,,,,ASTIP PS 2000/3f-30 minut,,,,,,,,,,,23/26,,,,,,,,,,,,,,,,,,,,,,,,,,,,,,,,,,,,,,,,,,,,,,,,,,,,,,,,,,,,,,,,,,,,,,,,,,,,,1,"Opava, Bezručovo nám., slezská univerzita",,,,"Opava, Bezručovo nám., slezská univerzita, Česká republika","Opava, Bezručovo nám., slezská univerzita, Česká republika"
"Opava, Císařského pluku 3078/1","Opava, Císařského pluku 3078/1","Opava, Císařského pluku 3078/1, Česká republika","ASTIP STRONG 133kVA/30kVA/3F - 30,45 minut + RPO","ASTIP STRONG 133kVA/30kVA/3F - 30,45 minut + RPO","Svršková, 775 791 510","Svršková, 775 791 510",Moravskoslezský,,,2026-08-12,,100.0,Více než 60 dnů,zelená,49.93951,17.88365,OK Mapy.com,,čeká na přesné geokódování,"opava, císařského pluku 3078/1, česká republika",,2026-08-12,100.0,Více než 60 dnů,zelená,2026-08-12 (plánovaná),"Kalendář FZ - 12 měsíců, 2023.xlsx",268,2024,ano,ano,,"ASTIP STRONG 133kVA/30kVA/3F - 30,45 minut + RPO",,,,,,,,,,12/26,,,,,,,,,,,,,,,,,,,,,,,,,,,,,,,,,,,,,,,,,,,,,,,,,,,,,,,,,,,,,,,,,,,,,,,,,,,,,,1,"Opava, Císařského pluku 3078/1",,,,"Opava, Císařského pluku 3078/1, Česká republika","Opava, Císařského pluku 3078/1, Česká republika"
"Opava, Kasárenská 8","Opava, Kasárenská 8","Opava, Kasárenská 8, Česká republika",ASTIP STRONG 2000/3f-45 min,ASTIP STRONG 2000/3f-45 min,Nejedly 603 461 845,Nejedly 603 461 845,Moravskoslezský,,,2026-10-09,,158.0,Více než 60 dnů,zelená,49.94171,17.89879,OK Mapy.com,,čeká na přesné geokódování,"opava, kasárenská 8, česká republika",,2026-10-09,158.0,Více než 60 dnů,zelená,2026-10-09 (plánovaná),"Kalendář FZ - 12 měsíců, 2023.xlsx",269,2016,,,,ASTIP STRONG 2000/3f-45 min,,,,,,,,,,,,9/26,,,,,,,,,,,,,,,,,,,,,,,,,,,,,,,,,,,,,,,,,,,,,,,,,,,,,,,,,,,,,,,,,,,,,,,,,,,,1,"Opava, Kasárenská 8",,,,"Opava, Kasárenská 8, Česká republika","Opava, Kasárenská 8, Česká republika"
"Opava, Nákladní 2","Opava, Nákladní 2","Opava, Nákladní 2, Česká republika",Schrack PBZ 5000/3f-30 minut,Schrack PBZ 5000/3f-30 minut,Marcela Štrohalmová 775 665 080,Marcela Štrohalmová 775 665 080,Moravskoslezský,,,2026-05-22,,18.0,7–30 dnů,oranžová,49.94181,17.89903,OK Mapy.com,,čeká na přesné geokódování,"opava, nákladní 2, česká republika",,2026-05-22,18.0,7–30 dnů,oranžová,2026-05-22 (plánovaná),"Kalendář FZ - 12 měsíců, 2023.xlsx",270,2014,,ano,,Schrack PBZ 5000/3f-30 minut,,,,,,,22/26,,,,,,,,,,,,,,,,,,,,,,,,,,,,,,,,,,,,,,,,,,,,,,,,,,,,,,,,,,,,,,,,,,,,,,,,,,,,,,,,,1,"Opava, Nákladní 2",,,,"Opava, Nákladní 2, Česká republika","Opava, Nákladní 2, Česká republika"
"Opava, Olomoucká 88, psychiatrická léčebna","Opava, Olomoucká 88, psychiatrická léčebna","Opava, Olomoucká 88, psychiatrická léčebna, Česká republika","ASTIP PS 15 000/3f-45 minut,  STRONG 1kVA/30 min , 30 kVA -LIFEPO","ASTIP PS 15 000/3f-45 minut,  STRONG 1kVA/30 min , 30 kVA -LIFEPO","Matýsek 601 319 643, Kurka Jiří vedoucí údržby P.N.O. mob. 601319614","Matýsek 601 319 643, Kurka Jiří vedoucí údržby P.N.O. mob. 601319614",Moravskoslezský,"pozor, nesmíme vyjet, bez objednávky ..nejdříve cenovka, pak musí schválit a poslat objednávku…","pozor, nesmíme vyjet, bez objednávky ..nejdříve cenovka, pak musí schválit a poslat objednávku…",2026-05-27,2026-03-27,23.0,7–30 dnů,oranžová,49.93192,17.87509,OK Mapy.com,,čeká na přesné geokódování,"opava, olomoucká 88, psychiatrická léčebna, česká republika",2026-03-27,2026-05-27,23.0,7–30 dnů,oranžová,2026-03-27 (proběhlá); 2026-05-27 (plánovaná); 2026-09-27 (plánovaná),Kalendář FZ - 6 měsíců.xlsx,199,"2018,2019,2020",,ano,"Matýsek 601 319 643, Kurka Jiří vedoucí údržby P.N.O. mob. 601319614","ASTIP PS 15 000/3f-45 minut,  STRONG 1kVA/30 min , 30 kVA -LIFEPO","Opava, Olomoucká 88, psychiatrická léčebna",,,,27/26,,27/26,,,,27/26,,,,,,,,,,,,,,,,,,,,,,,,,,,,,,,,,,,,,,,,,,,,,,,,,,,,,,,,,,,,,,,,,,,,,,,,,,,,,3,,,,,"Opava, Olomoucká 88, psychiatrická léčebna, Česká republika","Opava, Olomoucká 88, psychiatrická léčebna, Česká republika"
"Opava, Purkyňova 12, foliovník","Opava, Purkyňova 12, foliovník","Opava, Purkyňova 12, foliovník, Česká republika",ASTIP PS 6000VA/3F-8 hodin,ASTIP PS 6000VA/3F-8 hodin,Bc. Hřivňák 739 075 605,Bc. Hřivňák 739 075 605,Moravskoslezský,"2025 -uháním znovu, tak nakonec si vyměnili jednu baterii a prý funguje, uháním je tedy aspoň o revizi.…. 2024 - posílám jim CN na výměnu aku, nový zdroj pro ně byl moc drahý","2025 -uháním znovu, tak nakonec si vyměnili jednu baterii a prý funguje, uháním je tedy aspoň o revizi.…. 2024 - posílám jim CN na výměnu aku, nový zdroj pro ně byl moc drahý",,2024-06-26,,Bez termínu,šedá,49.93011,17.88032,OK Mapy.com,,čeká na přesné geokódování,"opava, purkyňova 12, foliovník, česká republika",2024-06-26,,,Bez termínu,šedá,2024-06-26 (nezjištěno),"Kalendář FZ - 12 měsíců, 2023.xlsx",271,2015,,,,ASTIP PS 6000VA/3F-8 hodin,,,,,,,,26/24,,,,,,,,,,,,,,,,,,,,,,,,,,,,,,,,,,,,,,,,,,,,,,,,,,,,,,,,,,,,,,,,,,,,,,,,,,,,,,,,1,"Opava, Purkyňova 12, foliovník",,,,"Opava, Purkyňova 12, foliovník, Česká republika","Opava, Purkyňova 12, foliovník, Česká republika"
"Opava, Rolnická 24","Opava, Rolnická 24","Opava, Rolnická 24, Česká republika",PS 25 000/3F -45 minut,PS 25 000/3F -45 minut,Filip Křenek  777 076 223,Filip Křenek  777 076 223,Moravskoslezský,servisní smlouva - DODRŽET TERMÍN !!! (vždy 14. +-7dní) (chybí hodiny),servisní smlouva - DODRŽET TERMÍN !!! (vždy 14. +-7dní) (chybí hodiny),2026-08-18,2026-02-18,106.0,Více než 60 dnů,zelená,49.94603,17.91177,OK Mapy.com,,čeká na přesné geokódování,"opava, rolnická 24, česká republika",2026-02-18,2026-08-18,106.0,Více než 60 dnů,zelená,2026-02-18 (proběhlá); 2026-08-18 (plánovaná),Kalendář FZ - 6 měsíců.xlsx,200,2017,ano,ano,Filip Křenek  777 076 223,PS 25 000/3F -45 minut,"Opava, Rolnická 24",,,18/26,,,,,,18/26,,,,,,9000,,,,,,,,,,,,,,,,,,,,,,,,,,,,,,,,,,,,,,,,,,,,,,,,,,,,,,,,,,,,,,,,,,,,,,,,2,,,,,"Opava, Rolnická 24, Česká republika","Opava, Rolnická 24, Česká republika"
"Opava, Rolnická 29 Senior centrum","Opava, Rolnická 29 Senior centrum","Rolnická 29 Senior, Opava, Česká republika",PS 15 000/3F -45 minut,PS 15 000/3F -45 minut,Jedlička  775 888 387,Jedlička  775 888 387,Moravskoslezský,,,2026-03-04,2025-09-04,-61.0,Po termínu,červená,49.93906,17.90269,OK final,,"Dotaz zjednodušen na ulici/číslo + město + ČR/SR, bez názvů objektů.","opava, rolnická 29 senior centrum, česká republika",2025-09-04,2026-03-04,-61.0,Po termínu,červená,2025-09-04 (proběhlá); 2026-03-04 (plánovaná),Kalendář FZ - 6 měsíců.xlsx,201,2018,ano,,Jedlička  775 888 387,PS 15 000/3F -45 minut,"Opava, Rolnická 29 Senior centrum",,,,4/26,,,,,,4/25,,,,,10000,,,,,,,,,,,,,,,,,,,,,,,,,,,,,,,,,,,,,,,,,,,,,,,,,,,,,,,,,,,,,,,,,,,,,,,,2,,,,,"Opava, Rolnická 29 Senior centrum, Česká republika","Rolnická 29 Senior centrum, Opava, Česká republika"
"Opava, Rooseveltova 43,45, DPS","Opava, Rooseveltova 43,45, DPS","DPS, Rooseveltova 43, Opava, Česká republika","2 x PS 10kVA/3F -45 minut LIFEPO, STRONG 3kVA/3F -45,60 minut","2 x PS 10kVA/3F -45 minut LIFEPO, STRONG 3kVA/3F -45,60 minut",Krabicová 608 424 542,Krabicová 608 424 542,Moravskoslezský,Domov Svaté Zdislavy,Domov Svaté Zdislavy,2026-09-27,2026-03-27,146.0,Více než 60 dnů,zelená,49.98735,14.62274,upraveno - znovu geokódovat,,Adresa automaticky upravena pro Mapy.com; spusť znovu geokodér.,"opava, rooseveltova 43, 45, dps, česká republika",2026-03-27,2026-09-27,146.0,Více než 60 dnů,zelená,2026-03-27 (proběhlá); 2026-09-27 (plánovaná),Kalendář FZ - 6 měsíců.xlsx,202,2020.2021,,,Krabicová 608 424 542,"2 x PS 10kVA/3F -45 minut LIFEPO, STRONG 3kVA/3F -45,60 minut","Opava, Rooseveltova 43,45, DPS",,,,27/26,,,,,,27/26,,,,,,,,,,,,,,,,,,,,,,,,,,,,,,,,,,,,,,,,,,,,,,,,,,,,,,,,,,,,,,,,,,,,,,,,,,,,,2,,,,,"Opava, Rooseveltova 43, 45, DPS, Česká republika","DPS, Rooseveltova 43, Opava, Česká republika"
"Opava, Suché Lazce, Přerovecká304/2a,RKL","Opava, Suché Lazce, Přerovecká304/2a,RKL","Opava, Suché Lazce, Přerovecká304/2a, RKL, Česká republika",R - ZOTK 2x,R - ZOTK 2x,Corradini 724 230 992,Corradini 724 230 992,Moravskoslezský,10/21-16033101,10/21-16033101,2022-11-10,2022-11-10,-1271.0,Po termínu,červená,49.91181,17.9865,OK Mapy.com,,čeká na přesné geokódování,"opava, suché lazce, přerovecká304/2a, rkl, česká republika",2022-11-10,2022-11-10,-1271.0,Po termínu,červená,2022-11-10 (plánovaná),"Kalendář FZ - 12 měsíců, 2023.xlsx",272,bez,,,,R - ZOTK 2x,,,,,,,,,,,,,10/22,,,,,,,,,,,,,,,,,,,,,,,,,,,,,,,,,,,,,,,,,,,,,,,,,,,,,,,,,,,,,,,,,,,,,,,,,,,1,"Opava, Suché Lazce, Přerovecká304/2a,RKL",,10769,,"Opava, Suché Lazce, Přerovecká304/2a, RKL, Česká republika","Opava, Suché Lazce, Přerovecká304/2a, RKL, Česká republika"
"Orlová - Lutyně , Kpt, Jaroše 999 , domov Vesna","Orlová - Lutyně , Kpt, Jaroše 999 , domov Vesna","Orlová, Lutyně, Kpt, Jaroše 999, domov Vesna, Česká republika",ASTIP Rectifier 15kVA/3F-45 minut,ASTIP Rectifier 15kVA/3F-45 minut,Jiří Janík 778 784 764,Jiří Janík 778 784 764,Moravskoslezský,,,2025-06-19,2025-06-19,-319.0,Po termínu,červená,49.86877,18.43109,OK Mapy.com,,čeká na přesné geokódování,"orlová, lutyně, kpt, jaroše 999, domov vesna, česká republika",2025-06-19,2025-06-19,-319.0,Po termínu,červená,2025-06-19 (plánovaná),Kalendář FZ - 6 měsíců.xlsx,203,2018,,,Jiří Janík 778 784 764,ASTIP Rectifier 15kVA/3F-45 minut,"Orlová - Lutyně , Kpt, Jaroše 999 , domov Vesna",,,,,,,19/25,,,,,,,,,,,,,,,,,,,,,,,,,,,,,,,,,,,,,,,,,,,,,,,,,,,,,,,,,,,,,,,,,,,,,,,,,,,,,,,,1,,,,,"Orlová, Lutyně, Kpt, Jaroše 999, domov Vesna, Česká republika","Orlová, Lutyně, Kpt, Jaroše 999, domov Vesna, Česká republika"
"Osoblaha, Klášterní 34 - DPS","Osoblaha, Klášterní 34 - DPS","Osoblaha, Klášterní 34, DPS, Česká republika",PS 30 000/3f/ 45min.,PS 30 000/3f/ 45min.,Bartoníková 732 734 711,Bartoníková 732 734 711,Moravskoslezský,,,2026-06-09,2025-12-09,36.0,30–60 dnů,žlutá,50.27574,17.7131,OK Mapy.com,,čeká na přesné geokódování,"osoblaha, klášterní 34, dps, česká republika",2025-12-09,2026-06-09,36.0,30–60 dnů,žlutá,2025-12-09 (proběhlá); 2026-06-09 (plánovaná),Kalendář FZ - 6 měsíců.xlsx,204,2019,ano,ano,Bartoníková 732 734 711,PS 30 000/3f/ 45min.,"Osoblaha, Klášterní 34 - DPS",,,,,,,9/26,,,,,,9/25,,,,,,,,,,,,,,,,,,,,,,,,,,,,,,,,,,,,,,,,,,,,,,,,,,,,,,,,,,,,,,,,,,,,,,,,,,2,,,,,"Osoblaha, Klášterní 34, DPS, Česká republika","Osoblaha, Klášterní 34, DPS, Česká republika"
"Ostrava, 17. listopadu 1123/70","Ostrava, 17. listopadu 1123/70","Ostrava, 17. listopadu 1123/70, Česká republika",ASTIP STRONG 30kVA/20kVA/3F-45 min,ASTIP STRONG 30kVA/20kVA/3F-45 min,pan Chlebek 737 249 870,pan Chlebek 737 249 870,Moravskoslezský,SŠ profesora Zdeňka Matějíčka,SŠ profesora Zdeňka Matějíčka,2026-04-15,2025-10-15,-19.0,Po termínu,červená,49.83593,18.16788,OK Mapy.com,,čeká na přesné geokódování,"ostrava, 17. listopadu 1123/70, česká republika",2025-10-15,2026-04-15,-19.0,Po termínu,červená,2025-10-15 (proběhlá); 2026-04-15 (plánovaná),Kalendář FZ - 6 měsíců.xlsx,205,2021,,,pan Chlebek 737 249 870,ASTIP STRONG 30kVA/20kVA/3F-45 min,"Ostrava, 17. listopadu 1123/70",,,,,15/26,,,,,,15/25,,,,,,,,,,,,,,,,,,,,,,,,,,,,,,,,,,,,,,,,,,,,,,,,,,,,,,,,,,,,,,,,,,,,,,,,,,,,2,,,,,"Ostrava, 17. listopadu 1123/70, Česká republika","Ostrava, 17. listopadu 1123/70, Česká republika"
"Ostrava, 28. října, RED HOUSE","Ostrava, 28. října, RED HOUSE","RED HOUSE, 28. října, Ostrava, Česká republika",ASTIP PS 100 000VA/3f,ASTIP PS 100 000VA/3f,Loska 608 739 936,Loska 608 739 936,Moravskoslezský,"12.3.2025 - posílám opět dotaz na Losku 17.6.2024 -zdroj je tam stále nefunkční, posílám jim nabídku po slevě…na pana Losku","12.3.2025 - posílám opět dotaz na Losku 17.6.2024 -zdroj je tam stále nefunkční, posílám jim nabídku po slevě…na pana Losku",2026-10-14,2026-04-14,163.0,Více než 60 dnů,zelená,49.82934,18.26593,upraveno - znovu geokódovat,,Adresa automaticky upravena pro Mapy.com; spusť znovu geokodér.,"ostrava, 28. října, red house, česká republika",2026-04-14,2026-10-14,163.0,Více než 60 dnů,zelená,2026-04-14 (proběhlá); 2026-10-14 (plánovaná),Kalendář FZ - 6 měsíců.xlsx,206,2018,ano,ano,Loska 608 739 936,ASTIP PS 100 000VA/3f,"Ostrava, 28. října, RED HOUSE",,,,,14/26,,,,,,14/26,,,,,,,,,,,,,,,,,,,,,,,,,,,,,,,,,,,,,,,,,,,,,,,,,,,,,,,,,,,,,,,,,,,,,,,,,,,,2,,,,,"Ostrava, 28. října, RED HOUSE, Česká republika","RED HOUSE, 28. října, Ostrava, Česká republika"
"Ostrava, Bartovická 12","Ostrava, Bartovická 12","Ostrava, Bartovická 12, Česká republika",ASTIP STRONG 3000/3f-30 minut,ASTIP STRONG 3000/3f-30 minut,Peška 722 987 839,Peška 722 987 839,Moravskoslezský,3.7.2024 - takže baterky si měnili sami,3.7.2024 - takže baterky si měnili sami,,2023-10-17,,Bez termínu,šedá,49.79967,18.34738,OK Mapy.com,,čeká na přesné geokódování,"ostrava, bartovická 12, česká republika",2023-10-17,,,Bez termínu,šedá,2023-10-17 (nezjištěno),Kalendář FZ - 6 měsíců.xlsx,207,2018,,,Peška 722 987 839,ASTIP STRONG 3000/3f-30 minut,"Ostrava, Bartovická 12",,,,,,,,,,,17/23,,,,,,,,,,,,,,,,,,,,,,,,,,,,,,,,,,,,,,,,,,,,,,,,,,,,,,,,,,,,,,,,,,,,,,,,,,,,1,,,,,"Ostrava, Bartovická 12, Česká republika","Ostrava, Bartovická 12, Česká republika"
"Ostrava, Gregorová 3","Ostrava, Gregorová 3","Ostrava, Gregorová 3, Česká republika",ASTIP PS 3600/3F -35 minut,ASTIP PS 3600/3F -35 minut,pan Novák 724 437 111,pan Novák 724 437 111,Moravskoslezský,12.3.2025 -poslán dotaz ..18.6.2024 - jsme domluveni a pošleme aktualizci cenovky …,12.3.2025 -poslán dotaz ..18.6.2024 - jsme domluveni a pošleme aktualizci cenovky …,2022-10-20,2022-10-20,-1292.0,Po termínu,červená,49.84186,18.2887,OK Mapy.com,,čeká na přesné geokódování,"ostrava, gregorová 3, česká republika",2022-10-20,2022-10-20,-1292.0,Po termínu,červená,2022-10-20 (plánovaná),Kalendář FZ - 6 měsíců.xlsx,208,2011,,,pan Novák 724 437 111,ASTIP PS 3600/3F -35 minut,"Ostrava, Gregorová 3",,,,,,,,,,,20/22,,,,,,,,,,,,,,,,,,,,,,,,,,,,,,,,,,,,,,,,,,,,,,,,,,,,,,,,,,,,,,,,,,,,,,,,,,,,1,,,,,"Ostrava, Gregorová 3, Česká republika","Ostrava, Gregorová 3, Česká republika"
"Ostrava, Havlíčkovo nábř. 34, krajský soud","Ostrava, Havlíčkovo nábř. 34, krajský soud","Ostrava, Havlíčkovo nábř. 34, krajský soud, Česká republika","PS 15 000/3f - 30min., ASTIP PS 10 000/3f – 45 min","PS 15 000/3f - 30min., ASTIP PS 10 000/3f – 45 min","Rabiec, 601 358 113","Rabiec, 601 358 113",Moravskoslezský,,,2026-10-14,2026-04-14,163.0,Více než 60 dnů,zelená,49.83869,18.29412,OK Mapy.com,,čeká na přesné geokódování,"ostrava, havlíčkovo nábř. 34, krajský soud, česká republika",2026-04-14,2026-10-14,163.0,Více než 60 dnů,zelená,2026-04-14 (proběhlá); 2026-10-14 (plánovaná),Kalendář FZ - 6 měsíců.xlsx,209,"2018, 2019",,,"Rabiec, 601 358 113","PS 15 000/3f - 30min., ASTIP PS 10 000/3f – 45 min","Ostrava, Havlíčkovo nábř. 34, krajský soud ",,,,,14/26,,,,,,14/26,,,,,,,,,,,,,,,,,,,,,,,,,,,,,,,,,,,,,,,,,,,,,,,,,,,,,,,,,,,,,,,,,,,,,,,,,,,,2,,,,,"Ostrava, Havlíčkovo nábř. 34, krajský soud, Česká republika","Ostrava, Havlíčkovo nábř. 34, krajský soud, Česká republika"
"Ostrava, Hornopolní 34, Global electric, ORCHARD","Ostrava, Hornopolní 34, Global electric, ORCHARD","Global electric, ORCHARD, Hornopolní 34, Ostrava, Česká republika",PS 30kVA/3F-45minut,PS 30kVA/3F-45minut,"p. Skalka, 731 113 354","p. Skalka, 731 113 354",Moravskoslezský,,,2027-03-05,,305.0,Více než 60 dnů,zelená,49.841,18.2715,upraveno - znovu geokódovat,,Adresa automaticky upravena pro Mapy.com; spusť znovu geokodér.,"ostrava, hornopolní 34, global electric, orchard, česká republika",,2027-03-05,305.0,Více než 60 dnů,zelená,2027-03-05 (plánovaná),"Kalendář FZ - 12 měsíců, 2023.xlsx",273,2016,,,,PS 30kVA/3F-45minut,,,,,5/27,,,,,,,,,,,,,,,,,,,,,,,,,,,,,,,,,,,,,,,,,,,,,,,,,,,,,,,,,,,,,,,,,,,,,,,,,,,,,,,,,,,1,"Ostrava, Hornopolní 34, Global electric, ORCHARD",,,,"Ostrava, Hornopolní 34, Global electric, ORCHARD, Česká republika","Global electric, ORCHARD, Hornopolní 34, Ostrava, Česká republika"
"Ostrava, Mjr. Nováka 34, Čmeláček","Ostrava, Mjr. Nováka 34, Čmeláček","Ostrava, Mjr. Nováka 34, Čmeláček, Česká republika",PS 10 000/3f - 45min.,PS 10 000/3f - 45min.,Holková - 607 057 824,Holková - 607 057 824,Moravskoslezský,Čmeláček,Čmeláček,2026-08-17,2026-02-17,105.0,Více než 60 dnů,zelená,49.78041,18.26693,OK Mapy.com,,čeká na přesné geokódování,"ostrava, mjr. nováka 34, čmeláček, česká republika",2026-02-17,2026-08-17,105.0,Více než 60 dnů,zelená,2026-02-17 (proběhlá); 2026-08-17 (plánovaná),Kalendář FZ - 6 měsíců.xlsx,210,2018,,,Holková - 607 057 824,PS 10 000/3f - 45min.,"Ostrava, Mjr. Nováka 34, Čmeláček",,,17/26,,,,,,17/26,,,,,,,,,,,,,,,,,,,,,,,,,,,,,,,,,,,,,,,,,,,,,,,,,,,,,,,,,,,,,,,,,,,,,,,,,,,,,,2,,,,,"Ostrava, Mjr. Nováka 34, Čmeláček, Česká republika","Ostrava, Mjr. Nováka 34, Čmeláček, Česká republika"
"Ostrava, Reální 5, filozofická fakulta","Ostrava, Reální 5, filozofická fakulta","Ostrava, Reální 5, filozofická fakulta, Česká republika",ASTIP PS LIFTBACK 30kVA/15kVA/3F -45 minut,ASTIP PS LIFTBACK 30kVA/15kVA/3F -45 minut,Ing. Jakub Vaško 734 797 496,Ing. Jakub Vaško 734 797 496,Moravskoslezský,,,2026-11-04,,184.0,Více než 60 dnů,zelená,49.83638,18.29008,OK Mapy.com,,čeká na přesné geokódování,"ostrava, reální 5, filozofická fakulta, česká republika",,2026-11-04,184.0,Více než 60 dnů,zelená,2026-11-04 (plánovaná),"Kalendář FZ - 12 měsíců, 2023.xlsx",274,2019,ano,,,ASTIP PS LIFTBACK 30kVA/15kVA/3F -45 minut,,,,,,,,,,,,,4/26,,,,,,,,,,,,,,,,,,,,,,,,,,,,,,,,,,,,,,,,,,,,,,,,,,,,,,,,,,,,,,,,,,,,,,,,,,,1,"Ostrava, Reální 5, filozofická fakulta",,,,"Ostrava, Reální 5, filozofická fakulta, Česká republika","Ostrava, Reální 5, filozofická fakulta, Česká republika"
"Ostrava, Rolnická 55/360, SILOE","Ostrava, Rolnická 55/360, SILOE","Ostrava, Rolnická 55/360, SILOE, Česká republika",PS 30kVA/3F -45 minut,PS 30kVA/3F -45 minut,Raszková 733 142 425,Raszková 733 142 425,Moravskoslezský,"2024 -vytopený zdroj, už řešíme","2024 -vytopený zdroj, už řešíme",2026-10-14,2026-04-14,163.0,Více než 60 dnů,zelená,49.82511,18.22808,OK Mapy.com,,čeká na přesné geokódování,"ostrava, rolnická 55/360, siloe, česká republika",2026-04-14,2026-10-14,163.0,Více než 60 dnů,zelená,2026-04-14 (proběhlá); 2026-10-14 (plánovaná),Kalendář FZ - 6 měsíců.xlsx,211,2020,ano,,Raszková 733 142 425,PS 30kVA/3F -45 minut,"Ostrava, Rolnická 55/360, SILOE",,,,,14/26,,,,,,14/26,,,,,,,,,,,,,,,,,,,,,,,,,,,,,,,,,,,,,,,,,,,,,,,,,,,,,,,,,,,,,,,,,,,,,,,,,,,,2,,,,,"Ostrava, Rolnická 55/360, SILOE, Česká republika","Ostrava, Rolnická 55/360, SILOE, Česká republika"
"Ostrava, Spojovací 396, Géčko","Ostrava, Spojovací 396, Géčko","Ostrava, Spojovací 396, Géčko, Česká republika",PS 30 000/3f/ 45min,PS 30 000/3f/ 45min,Krejčiřík - 602 273 483,Krejčiřík - 602 273 483,Moravskoslezský,Géčko,Géčko,2026-05-04,2025-11-04,0.0,Méně než 7 dnů,červená,49.84902,18.14562,OK Mapy.com,,čeká na přesné geokódování,"ostrava, spojovací 396, géčko, česká republika",2025-11-04,2026-05-04,0.0,Méně než 7 dnů,červená,2025-11-04 (proběhlá); 2026-05-04 (plánovaná),Kalendář FZ - 6 měsíců.xlsx,212,2018,,,Krejčiřík - 602 273 483,PS 30 000/3f/ 45min,"Ostrava, Spojovací 396, Géčko",,,,,,4/26,,,,,,4/25,,,,,,,,,,,,,,,,,,,,,,,,,,,,,,,,,,,,,,,,,,,,,,,,,,,,,,,,,,,,,,,,,,,,,,,,,,,2,,,,,"Ostrava, Spojovací 396, Géčko, Česká republika","Ostrava, Spojovací 396, Géčko, Česká republika"
"Ostrava, Závodní 86, Ridera","Ostrava, Závodní 86, Ridera","Ostrava, Závodní 86, Ridera, Česká republika",PBZ 3kVA/1F -10 minut,PBZ 3kVA/1F -10 minut,Juchelka 739 246 610,Juchelka 739 246 610,Moravskoslezský,,,2026-11-27,,207.0,Více než 60 dnů,zelená,49.80386,18.25825,OK Mapy.com,,čeká na přesné geokódování,"ostrava, závodní 86, ridera, česká republika",,2026-11-27,207.0,Více než 60 dnů,zelená,2026-11-27 (plánovaná),"Kalendář FZ - 12 měsíců, 2023.xlsx",275,2016,,,,PBZ 3kVA/1F -10 minut,,,,,,,,,,,,,27/26,,,,,,,,,,,,,,,,,,,,,,,,,,,,,,,,,,,,,,,,,,,,,,,,,,,,,,,,,,,,,,,,,,,,,,,,,,,1,"Ostrava, Závodní 86, Ridera",,,,"Ostrava, Závodní 86, Ridera, Česká republika","Ostrava, Závodní 86, Ridera, Česká republika"
"Otice, Rybníčky 338, SEMIX","Otice, Rybníčky 338, SEMIX","Otice, Rybníčky 338, SEMIX, Česká republika",2 x STRONG 1500/3F -30minut,2 x STRONG 1500/3F -30minut,Gališ 773 943 004,Gališ 773 943 004,Moravskoslezský,,,2026-05-26,2025-11-26,22.0,7–30 dnů,oranžová,49.90403,17.88222,OK Mapy.com,,čeká na přesné geokódování,"otice, rybníčky 338, semix, česká republika",2025-11-26,2026-05-26,22.0,7–30 dnů,oranžová,2025-11-26 (proběhlá); 2026-05-26 (plánovaná),Kalendář FZ - 6 měsíců.xlsx,213,"2019, 2022",,,Gališ 773 943 004,2 x STRONG 1500/3F -30minut,"Otice, Rybníčky 338, SEMIX",,,,,,26/26,,,,,,26/25,,,,,,,,,,,,,,,,,,,,,,,,,,,,,,,,,,,,,,,,,,,,,,,,,,,,,,,,,,,,,,,,,,,,,,,,,,,2,,,,,"Otice, Rybníčky 338, SEMIX, Česká republika","Otice, Rybníčky 338, SEMIX, Česká republika"
"Otrokovice, Barum,Objízdná 1628","Otrokovice, Barum,Objízdná 1628","Otrokovice, Barum, Objízdná 1628, Česká republika","ASTIP R – SOZ, Výrobní číslo: 17011901","ASTIP R – SOZ, Výrobní číslo: 17011901",,,Zlínský,,,2022-05-26,2022-05-26,-1439.0,Po termínu,červená,49.20022,17.52628,OK Mapy.com,,čeká na přesné geokódování,"otrokovice, barum, objízdná 1628, česká republika",2022-05-26,2022-05-26,-1439.0,Po termínu,červená,2022-05-26 (plánovaná),"Kalendář FZ - 12 měsíců, 2023.xlsx",276,bez,,,,"ASTIP R – SOZ, Výrobní číslo: 17011901",,,,,,,26/22,,,,,,,,,,,,,,,,,,,,,,,,,,,,,,,,,,,,,,,,,,,,,,,,,,,,,,,,,,,,,,,,,,,,,,,,,,,,,,,,,1,"Otrokovice, Barum,Objízdná 1628",,,,"Otrokovice, Barum, Objízdná 1628, Česká republika","Otrokovice, Barum, Objízdná 1628, Česká republika"
"Otrokovice, Moravní","Otrokovice, Moravní","Otrokovice, Moravní, Česká republika","R-SOZ 1 - 4, R-SOZ 5 - 8","R-SOZ 1 - 4, R-SOZ 5 - 8",,,Zlínský,,,2021-03-24,2021-03-24,-1867.0,Po termínu,červená,49.21287,17.51254,OK Mapy.com,,čeká na přesné geokódování,"otrokovice, moravní, česká republika",2021-03-24,2021-03-24,-1867.0,Po termínu,červená,2021-03-24 (plánovaná),"Kalendář FZ - 12 měsíců, 2023.xlsx",277,bez,,,,"R-SOZ 1 - 4, R-SOZ 5 - 8",,,,,24/21,,,,,,,,,,,,,,,,,,,,,,,,,,,,,,,,,,,,,,,,,,,,,,,,,,,,,,,,,,,,,,,,,,,,,,,,,,,,,,,,,,,1,"Otrokovice, Moravní",,,,"Otrokovice, Moravní, Česká republika","Otrokovice, Moravní, Česká republika"
"Otrokovice, nám. 3. května","Otrokovice, nám. 3. května","Otrokovice, nám. 3. května, Česká republika",ASTIP PS 5000/3f-30 minut + RPO,ASTIP PS 5000/3f-30 minut + RPO,,,Zlínský,"2025 -konec zdroje -13.3.2025 - šel mail na bezruče, 13.2.2024 - šla aktualizovaná nabídka na výměnu aku ...ATRUIM, 27.5.2019 -šla jim nabídka na výměnu baterií","2025 -konec zdroje -13.3.2025 - šel mail na bezruče, 13.2.2024 - šla aktualizovaná nabídka na výměnu aku ...ATRUIM, 27.5.2019 -šla jim nabídka na výměnu baterií",,2023-02-28,,Bez termínu,šedá,49.20898,17.53491,OK Mapy.com,,čeká na přesné geokódování,"otrokovice, nám. 3. května, česká republika",2023-02-28,,,Bez termínu,šedá,2023-02-28 (nezjištěno),Kalendář FZ - 6 měsíců.xlsx,214,2017,,,,ASTIP PS 5000/3f-30 minut + RPO,"Otrokovice, nám. 3. května",,,28/23,,,,,,,,,,,,,,,,,,,,,,,,,,,,,,,,,,,,,,,,,,,,,,,,,,,,,,,,,,,,,,,,,,,,,,,,,,,,,,,,,,,,1,,,,,"Otrokovice, nám. 3. května, Česká republika","Otrokovice, nám. 3. května, Česká republika"
"Otrokovice, sportovní hala","Otrokovice, sportovní hala","Otrokovice, sportovní hala, Česká republika",ASTIP PS 15 kVA/3F - 15 minut,ASTIP PS 15 kVA/3F - 15 minut,Colt Bezruč,Colt Bezruč,Zlínský,,,2026-05-28,2025-11-28,24.0,7–30 dnů,oranžová,49.22001,17.50916,OK Mapy.com,,čeká na přesné geokódování,"otrokovice, sportovní hala, česká republika",2025-11-28,2026-05-28,24.0,7–30 dnů,oranžová,2025-11-28 (proběhlá); 2026-05-28 (plánovaná),Kalendář FZ - 6 měsíců.xlsx,215,2018,,,Colt Bezruč ,ASTIP PS 15 kVA/3F - 15 minut,"Otrokovice, sportovní hala",,,,,,28/26,,,,,,28/25,,,,,,,,,,,,,,,,,,,,,,,,,,,,,,,,,,,,,,,,,,,,,,,,,,,,,,,,,,,,,,,,,,,,,,,,,,,2,,,,,"Otrokovice, sportovní hala, Česká republika","Otrokovice, sportovní hala, Česká republika"
"Pacov, Malovcova 1080","Pacov, Malovcova 1080","Pacov, Malovcova 1080, Česká republika",ASTIP STRONG 10 000/3f-30 min,ASTIP STRONG 10 000/3f-30 min,"Míla Daněk  +420 725708563
provoz@dssp.cz","Míla Daněk  +420 725708563
provoz@dssp.cz",Vysočina,HLÍDAT SAMI,HLÍDAT SAMI,2026-08-10,2026-02-10,98.0,Více než 60 dnů,zelená,49.47272,14.99766,OK Mapy.com,,čeká na přesné geokódování,"pacov, malovcova 1080, česká republika",2026-02-10,2026-08-10,98.0,Více než 60 dnů,zelená,2026-02-10 (proběhlá); 2026-08-10 (plánovaná),Kalendář FZ - 6 měsíců.xlsx,216,2018,,ano,"Míla Daněk  +420 725708563
provoz@dssp.cz
",ASTIP STRONG 10 000/3f-30 min,"Pacov, Malovcova 1080",,,10/26,,,,,,10/26,,,,,,,,,,,,,,,,,,,,,,,,,,,,,,,,,,,,,,,,,,,,,,,,,,,,,,,,,,,,,,,,,,,,,,,,,,,,,,2,,,,,"Pacov, Malovcova 1080, Česká republika","Pacov, Malovcova 1080, Česká republika"
"Pacov, Žižkova 894, Albert","Pacov, Žižkova 894, Albert","Pacov, Žižkova 894, Albert, Česká republika",ASTIP PS 40kVA/3f-15 minut + RPO,ASTIP PS 40kVA/3f-15 minut + RPO,Corradini - Mercor,Corradini - Mercor,Vysočina,datumově sjednotit pak kontrolu RPO se zdrojem,datumově sjednotit pak kontrolu RPO se zdrojem,2025-04-15,2024-10-15,-384.0,Po termínu,červená,49.4703,15.00267,OK Mapy.com,,čeká na přesné geokódování,"pacov, žižkova 894, albert, česká republika",2024-10-15,2025-04-15,-384.0,Po termínu,červená,2024-10-15 (proběhlá); 2025-04-15 (plánovaná),Kalendář FZ - 6 měsíců.xlsx,217,2019,,,Corradini - Mercor,ASTIP PS 40kVA/3f-15 minut + RPO,"Pacov, Žižkova 894, Albert",,,,,15/25,,,,,,15/24,,,,,,,,,,,,,,,,,,,,,,,,,,,,,,,,,,,,,,,,,,,,,,,,,,,,,,,,,,,,,,,,,,,,,,,,,,,,2,,,,,"Pacov, Žižkova 894, Albert, Česká republika","Pacov, Žižkova 894, Albert, Česká republika"
"Pardubice, Chrudimská 2830, casino GO4games","Pardubice, Chrudimská 2830, casino GO4games","Pardubice, Chrudimská 2830, casino GO4games, Česká republika",ASTIP STRONG 134kVA/30kVA/3F-30 minut,ASTIP STRONG 134kVA/30kVA/3F-30 minut,Nesvadba 724 055 658,Nesvadba 724 055 658,Pardubický,,,2026-08-16,2026-02-16,104.0,Více než 60 dnů,zelená,50.01368,15.77153,OK Mapy.com,,čeká na přesné geokódování,"pardubice, chrudimská 2830, casino go4games, česká republika",2026-02-16,2026-08-16,104.0,Více než 60 dnů,zelená,2026-02-16 (proběhlá); 2026-08-16 (plánovaná),Kalendář FZ - 6 měsíců.xlsx,218,2023,,,Nesvadba 724 055 658,ASTIP STRONG 134kVA/30kVA/3F-30 minut,"Pardubice, Chrudimská 2830, casino GO4games",,,16/26,,,,,,16/26,,,,,,,,,,,,,,,,,,,,,,,,,,,,,,,,,,,,,,,,,,,,,,,,,,,,,,,,,,,,,,,,,,,,,,,,,,,,,,2,,,,,"Pardubice, Chrudimská 2830, casino GO4games, Česká republika","Pardubice, Chrudimská 2830, casino GO4games, Česká republika"
"Pardubice, Dašická, Sportovní hala","Pardubice, Dašická, Sportovní hala","Pardubice, Dašická, Sportovní hala, Česká republika",PS 20kVA/3f 30min.,PS 20kVA/3f 30min.,Špička - 739 028 138,Špička - 739 028 138,Pardubický,28.2.2025 -posílám na burian.ludek@gypce.cz,28.2.2025 -posílám na burian.ludek@gypce.cz,2024-04-22,2024-04-22,-742.0,Po termínu,červená,50.03587,15.78856,OK Mapy.com,,čeká na přesné geokódování,"pardubice, dašická, sportovní hala, česká republika",2024-04-22,2024-04-22,-742.0,Po termínu,červená,2024-04-22 (plánovaná),"Kalendář FZ - 12 měsíců, 2023.xlsx",278,2016,,,,PS 20kVA/3f 30min.,,,,,,22/24,,,,,,,,,,,,,,,,,,,,,,,,,,,,,,,,,,,,,,,,,,,,,,,,,,,,,,,,,,,,,,,,,,,,,,,,,,,,,,,,,,1,"Pardubice, Dašická, Sportovní hala",,,,"Pardubice, Dašická, Sportovní hala, Česká republika","Pardubice, Dašická, Sportovní hala, Česká republika"
"Pardubice, Husova 1951, v-podlahy","Pardubice, Husova 1951, v-podlahy","Pardubice, Husova 1951, v-podlahy, Česká republika",STRONG 1000/1f 30M,STRONG 1000/1f 30M,Bučilová - 724 848 905,Bučilová - 724 848 905,Pardubický,,,2026-04-29,2026-04-29,-5.0,Po termínu,červená,50.04491,15.80149,OK Mapy.com,,čeká na přesné geokódování,"pardubice, husova 1951, v-podlahy, česká republika",2026-04-29,2026-04-29,-5.0,Po termínu,červená,2026-04-29 (plánovaná),"Kalendář FZ - 12 měsíců, 2023.xlsx",279,2019,,,,STRONG 1000/1f 30M,,,,,,29/26,,,,,,,,,,,,,,,,,,,,,,,,,,,,,,,,,,,,,,,,,,,,,,,,,,,,,,,,,,,,,,,,,,,,,,,,,,,,,,,,,,1,"Pardubice, Husova 1951, v-podlahy",,,,"Pardubice, Husova 1951, v-podlahy, Česká republika","Pardubice, Husova 1951, v-podlahy, Česká republika"
"Pardubice, Na Drážce 1568","Pardubice, Na Drážce 1568","Pardubice, Na Drážce 1568, Česká republika",PS 10kVA/3f-45 minut,PS 10kVA/3f-45 minut,Hanousek - 723 955 312,Hanousek - 723 955 312,Pardubický,"22.1.2021 -ok vyměněno,14.1.2021- nutná výměna střídače v záruce","22.1.2021 -ok vyměněno,14.1.2021- nutná výměna střídače v záruce",2026-10-02,,151.0,Více než 60 dnů,zelená,50.03635,15.79692,OK Mapy.com,,čeká na přesné geokódování,"pardubice, na drážce 1568, česká republika",,2026-10-02,151.0,Více než 60 dnů,zelená,2026-10-02 (plánovaná),"Kalendář FZ - 12 měsíců, 2023.xlsx",280,2018,,,,  PS 10kVA/3f-45 minut,,,,,,,,,,,,2/26,,,,,,,,,,,,,,,,,,,,,,,,,,,,,,,,,,,,,,,,,,,,,,,,,,,,,,,,,,,,,,,,,,,,,,,,,,,,1,"Pardubice, Na Drážce 1568",,,,"Pardubice, Na Drážce 1568, Česká republika","Pardubice, Na Drážce 1568, Česká republika"
"Pardubice, Na Spravedlnosti 2919, BD Babylon","Pardubice, Na Spravedlnosti 2919, BD Babylon","BD Babylon, Na Spravedlnosti 2919, Pardubice, Česká republika",ASTIP PS 30kVA/3F -60 minut,ASTIP PS 30kVA/3F -60 minut,"Pavel Janeček,  736 611 796","Pavel Janeček,  736 611 796",Pardubický,,,2026-09-12,,131.0,Více než 60 dnů,zelená,50.02901,15.77675,upraveno - znovu geokódovat,,Adresa automaticky upravena pro Mapy.com; spusť znovu geokodér.,"pardubice, na spravedlnosti 2919, bd babylon, česká republika",,2026-09-12,131.0,Více než 60 dnů,zelená,2026-09-12 (plánovaná),"Kalendář FZ - 12 měsíců, 2023.xlsx",281,2020,,,,ASTIP PS 30kVA/3F -60 minut,,,,,,,,,,,12/26,,,,,,,,,,,,,,,,,,,,,,,,,,,,,,,,,,,,,,,,,,,,,,,,,,,,,,,,,,,,,,,,,,,,,,,,,,,,,1,"Pardubice, Na Spravedlnosti 2919, BD Babylon",,,,"Pardubice, Na Spravedlnosti 2919, BD Babylon, Česká republika","BD Babylon, Na Spravedlnosti 2919, Pardubice, Česká republika"
"Pardubice, Nádražní 641, BD","Pardubice, Nádražní 641, BD","BD, Nádražní 641, Pardubice, Česká republika",STRONG 3000VA/3F -10 minut,STRONG 3000VA/3F -10 minut,"JHV, Kábele 778 769 779","JHV, Kábele 778 769 779",Pardubický,,,2026-05-29,,25.0,7–30 dnů,oranžová,49.01318,14.76017,upraveno - znovu geokódovat,,Adresa automaticky upravena pro Mapy.com; spusť znovu geokodér.,"pardubice, nádražní 641, bd, česká republika",,2026-05-29,25.0,7–30 dnů,oranžová,2026-05-29 (plánovaná),"Kalendář FZ - 12 měsíců, 2023.xlsx",282,2019,,,,STRONG 3000VA/3F -10 minut,,,,,,,29/26,,,,,,,,,,,,,,,,,,,,,,,,,,,,,,,,,,,,,,,,,,,,,,,,,,,,,,,,,,,,,,,,,,,,,,,,,,,,,,,,,1,"Pardubice, Nádražní 641, BD",,,,"Pardubice, Nádražní 641, BD, Česká republika","BD, Nádražní 641, Pardubice, Česká republika"
"Pardubice, Ohrazenice, U sportovní školy 374,375,376, BD","Pardubice, Ohrazenice, U sportovní školy 374,375,376, BD","Ohrazenice, BD, U sportovní školy 374, Pardubice, Česká republika","2 x STRONG 7,5kVA + 4 kVA","2 x STRONG 7,5kVA + 4 kVA",Bittner 604 937 764,Bittner 604 937 764,Pardubický,,,2026-11-11,,191.0,Více než 60 dnů,zelená,50.06255,15.7573,upraveno - znovu geokódovat,,Adresa automaticky upravena pro Mapy.com; spusť znovu geokodér.,"pardubice, ohrazenice, u sportovní školy 374, 375, 376, bd, česká republika",,2026-11-11,191.0,Více než 60 dnů,zelená,2026-11-11 (plánovaná),"Kalendář FZ - 12 měsíců, 2023.xlsx",285,2023,,,,"2 x STRONG 7,5kVA + 4 kVA",,,,,,,,,,,,,11/26,,,,,,,,,,,,,,,,,,,,,,,,,,,,,,,,,,,,,,,,,,,,,,,,,,,,,,,,,,,,,,,,,,,,,,,,,,,1,"Pardubice, Ohrazenice, U sportovní školy 374,375,376, BD",,,,"Pardubice, Ohrazenice, U sportovní školy 374, 375, 376, BD, Česká republika","Ohrazenice, BD, U sportovní školy 374, Pardubice, Česká republika"
"Pardubice, Pod Vinici 2846 +2848 , Zelené Předměstí","Pardubice, Pod Vinici 2846 +2848 , Zelené Předměstí","Pardubice, Pod Vinici 2846 +2848, Zelené Předměstí, Česká republika","PS 75 000/3f, STRONG 4kVA/3F -60 minut","PS 75 000/3f, STRONG 4kVA/3F -60 minut",Rejman - 737 215 130,Rejman - 737 215 130,Pardubický,"4kv - nechtějí od nás opravu, tedy skončeno…","4kv - nechtějí od nás opravu, tedy skončeno…",2027-02-24,2025-08-28,296.0,Více než 60 dnů,zelená,50.02685,15.78024,OK Mapy.com,,čeká na přesné geokódování,"pardubice, pod vinici 2846 +2848, zelené předměstí, česká republika",2025-08-28,2027-02-24,296.0,Více než 60 dnů,zelená,2025-08-28 (plánovaná); 2027-02-24 (plánovaná),"Kalendář FZ - 12 měsíců, 2023.xlsx",283,"2018, 2020",ano,,,"PS 75 000/3f, STRONG 4kVA/3F -60 minut",,,,24/27 75kVA,,,,,,28/25-4kVA,,,,,,,,,,,,,,,,,,,,,,,,,,,,,,,,,,,,,,,,,,,,,,,,,,,,,,,,,,,,,,,,,,,,,,,,,,,,,,2,"Pardubice, Pod Vinici 2846 +2848 , Zelené Předměstí",,,,"Pardubice, Pod Vinici 2846 +2848, Zelené Předměstí, Česká republika","Pardubice, Pod Vinici 2846 +2848, Zelené Předměstí, Česká republika"
"Pardubice, Studentská 201, univerzita","Pardubice, Studentská 201, univerzita","Pardubice, Studentská 201, univerzita, Česká republika",PS 7500/3f - 30 min.,PS 7500/3f - 30 min.,pan Svatoň 702 256 317,pan Svatoň 702 256 317,Pardubický,,,2026-09-05,2026-03-05,124.0,Více než 60 dnů,zelená,50.04892,15.76744,OK Mapy.com,,čeká na přesné geokódování,"pardubice, studentská 201, univerzita, česká republika",2026-03-05,2026-09-05,124.0,Více než 60 dnů,zelená,2026-03-05 (proběhlá); 2026-09-05 (plánovaná),Kalendář FZ - 6 měsíců.xlsx,219,2017,,,pan Svatoň 702 256 317,PS 7500/3f - 30 min.,"Pardubice, Studentská 201, univerzita",,,,5/26,,,,,,5/26,,,,,,,,,,,,,,,,,,,,,,,,,,,,,,,,,,,,,,,,,,,,,,,,,,,,,,,,,,,,,,,,,,,,,,,,,,,,,2,,,,,"Pardubice, Studentská 201, univerzita, Česká republika","Pardubice, Studentská 201, univerzita, Česká republika"
"Pardubice, U sportovní školy 369, BD","Pardubice, U sportovní školy 369, BD","BD, U sportovní školy 369, Pardubice, Česká republika",ASTIP STRONG 2000VA/3F -45 minut,ASTIP STRONG 2000VA/3F -45 minut,Jaroslav Úlehla  775 674 057,Jaroslav Úlehla  775 674 057,Pardubický,,,2025-10-31,2025-10-31,-185.0,Po termínu,červená,50.0606,15.76091,upraveno - znovu geokódovat,,Adresa automaticky upravena pro Mapy.com; spusť znovu geokodér.,"pardubice, u sportovní školy 369, bd, česká republika",2025-10-31,2025-10-31,-185.0,Po termínu,červená,2025-10-31 (plánovaná),"Kalendář FZ - 12 měsíců, 2023.xlsx",284,2021,,,,ASTIP STRONG 2000VA/3F -45 minut,,,,,,,,,,,,31/25,,,,,,,,,,,,,,,,,,,,,,,,,,,,,,,,,,,,,,,,,,,,,,,,,,,,,,,,,,,,,,,,,,,,,,,,,,,,1,"Pardubice, U sportovní školy 369, BD",,,,"Pardubice, U sportovní školy 369, BD, Česká republika","BD, U sportovní školy 369, Pardubice, Česká republika"
"Partizánske, Nitrianska 503/60, Novesta, SK","Partizánske, Nitrianska 503/60, Novesta, SK","Novesta, SK, Nitrianska 503/60, Partizánske, Slovensko",ASTIP PS 20 kVA/3F -90 minut,ASTIP PS 20 kVA/3F -90 minut,"Mráz 0903 241 924, Sága 0903 510 709","Mráz 0903 241 924, Sága 0903 510 709",Slovensko,,,2025-12-12,2025-12-12,-143.0,Po termínu,červená,48.62736,18.39487,upraveno - znovu geokódovat,,Adresa automaticky upravena pro Mapy.com; spusť znovu geokodér.,"partizánske, nitrianska 503/60, novesta, sk, slovensko",2025-12-12,2025-12-12,-143.0,Po termínu,červená,2025-12-12 (plánovaná),"Kalendář FZ - 12 měsíců, 2023.xlsx",286,2019,,,,ASTIP PS 20 kVA/3F -90 minut,,,,,,,,,,,,,,12/25,,,,,,,,,,,,,,,,,,,,,,,,,,,,,,,,,,,,,,,,,,,,,,,,,,,,,,,,,,,,,,,,,,,,,,,,,,1,"Partizánske, Nitrianska 503/60, Novesta, SK",,,,"Partizánske, Nitrianska 503/60, Novesta, SK, Slovensko","Novesta, SK, Nitrianska 503/60, Partizánske, Slovensko"
"Pec pod Sněžkou č.p. 217, Lidická bouda","Pec pod Sněžkou č.p. 217, Lidická bouda","Pec pod Sněžkou . 217, Lidická bouda, Česká republika",ASTIP STRONG 13kVA/3kVA/1F-15 minut,ASTIP STRONG 13kVA/3kVA/1F-15 minut,Stonišová 605 468 726,Stonišová 605 468 726,Královehradecký,,,2026-07-08,,65.0,Více než 60 dnů,zelená,50.67099,15.72685,OK Mapy.com,,čeká na přesné geokódování,"pec pod sněžkou . 217, lidická bouda, česká republika",,2026-07-08,65.0,Více než 60 dnů,zelená,2026-07-08 (plánovaná),"Kalendář FZ - 12 měsíců, 2023.xlsx",287,2024,ano,,,ASTIP STRONG 13kVA/3kVA/1F-15 minut,,,,,,,,,8/26,,,,,,,,,,,,,,,,,,,,,,,,,,,,,,,,,,,,,,,,,,,,,,,,,,,,,,,,,,,,,,,,,,,,,,,,,,,,,,,1,"Pec pod Sněžkou č.p. 217, Lidická bouda",,,,"Pec pod Sněžkou . 217, Lidická bouda, Česká republika","Pec pod Sněžkou . 217, Lidická bouda, Česká republika"
"Pec pod Sněžkou, Pec pod Sněžkou 354","Pec pod Sněžkou, Pec pod Sněžkou 354","Pec pod Sněžkou, Pec pod Sněžkou 354, Česká republika",ASTIP STRONG 5kVA/1f-10 minut,ASTIP STRONG 5kVA/1f-10 minut,Keslerová 777 949 263,Keslerová 777 949 263,Královehradecký,,,2026-08-12,2026-02-12,100.0,Více než 60 dnů,zelená,50.69506,15.73556,OK Mapy.com,,čeká na přesné geokódování,"pec pod sněžkou, pec pod sněžkou 354, česká republika",2026-02-12,2026-08-12,100.0,Více než 60 dnů,zelená,2026-02-12 (proběhlá); 2026-08-12 (plánovaná),Kalendář FZ - 6 měsíců.xlsx,221,2018,,,Keslerová 777 949 263,ASTIP STRONG 5kVA/1f-10 minut,"Pec pod Sněžkou, Pec pod Sněžkou 354",,,12/26,,,,,,12/26,,,,,,,,,,,,,,,,,,,,,,,,,,,,,,,,,,,,,,,,,,,,,,,,,,,,,,,,,,,,,,,,,,,,,,,,,,,,,,2,,,,,"Pec pod Sněžkou, Pec pod Sněžkou 354, Česká republika","Pec pod Sněžkou, Pec pod Sněžkou 354, Česká republika"
"Pec pod Sněžkou, Pod Sněžkou 349, hotel Zelený potok","Pec pod Sněžkou, Pod Sněžkou 349, hotel Zelený potok","Pec pod Sněžkou, Pod Sněžkou 349, hotel Zelený potok, Česká republika",ASTIP STRONG 20kVA/3f-45 minut,ASTIP STRONG 20kVA/3f-45 minut,Benák 778 006 010,Benák 778 006 010,Královehradecký,,,2025-11-29,2025-05-29,-156.0,Po termínu,červená,50.69095,15.729,OK Mapy.com,,čeká na přesné geokódování,"pec pod sněžkou, pod sněžkou 349, hotel zelený potok, česká republika",2025-05-29,2025-11-29,-156.0,Po termínu,červená,2025-05-29 (proběhlá); 2025-11-29 (plánovaná),Kalendář FZ - 6 měsíců.xlsx,220,2020,,,Benák 778 006 010,ASTIP STRONG 20kVA/3f-45 minut,"Pec pod Sněžkou, Pod Sněžkou 349, hotel Zelený potok",,,,,,29/25,,,,,,29/25,,,,,,,,,,,,,,,,,,,,,,,,,,,,,,,,,,,,,,,,,,,,,,,,,,,,,,,,,,,,,,,,,,,,,,,,,,,2,,,,,"Pec pod Sněžkou, Pod Sněžkou 349, hotel Zelený potok, Česká republika","Pec pod Sněžkou, Pod Sněžkou 349, hotel Zelený potok, Česká republika"
"Pec pod Sněžkou, Velká Úpa 360, BD","Pec pod Sněžkou, Velká Úpa 360, BD","BD, Velká Úpa 360, Pec pod Sněžkou, Česká republika","ASTIP STRONG 6,7kVA/1,5kVA/1F-15 minut","ASTIP STRONG 6,7kVA/1,5kVA/1F-15 minut",Kateřina de Rijke 603 909 985,Kateřina de Rijke 603 909 985,Královehradecký,,,2026-02-12,2026-02-12,-81.0,Po termínu,červená,50.69427,15.74401,upraveno - znovu geokódovat,,Adresa automaticky upravena pro Mapy.com; spusť znovu geokodér.,"pec pod sněžkou, velká úpa 360, bd, česká republika",2026-02-12,2026-02-12,-81.0,Po termínu,červená,2026-02-12 (plánovaná),"Kalendář FZ - 12 měsíců, 2023.xlsx",288,2022,ano,ano,,"ASTIP STRONG 6,7kVA/1,5kVA/1F-15 minut ",,,,12/26,,,,,,,,,,,,,,,,,,,,,,,,,,,,,,,,,,,,,,,,,,,,,,,,,,,,,,,,,,,,,,,,,,,,,,,,,,,,,,,,,,,,1,"Pec pod Sněžkou, Velká Úpa 360, BD",,,,"Pec pod Sněžkou, Velká Úpa 360, BD, Česká republika","BD, Velká Úpa 360, Pec pod Sněžkou, Česká republika"
"Pelhřimov, Habrová 2523 + 2524, BD","Pelhřimov, Habrová 2523 + 2524, BD","BD, Habrová 2523 + 2524, Pelhřimov, Česká republika",2 x STRONG 1 000/1F -30 minut,2 x STRONG 1 000/1F -30 minut,Vacek 777 568 074,Vacek 777 568 074,Vysočina,,,2026-09-24,2026-03-20,143.0,Více než 60 dnů,zelená,49.42526,15.23125,upraveno - znovu geokódovat,,Adresa automaticky upravena pro Mapy.com; spusť znovu geokodér.,"pelhřimov, habrová 2523 + 2524, bd, česká republika",2026-03-20,2026-09-24,143.0,Více než 60 dnů,zelená,2026-03-20 (plánovaná); 2026-09-24 (plánovaná); 2027-04-01 (plánovaná),"Kalendář FZ - 12 měsíců, 2023.xlsx",289,2020,,ano,,2 x STRONG 1 000/1F -30 minut,,,,,20/26-1 x stop stav 2025,1/27-2523,,,,,24/26,,,,,,,,,,,,,,,,,,,,,,,,,,,,,,,,,,,,,,,,,,,,,,,,,,,,,,,,,,,,,,,,,,,,,,,,,,,,,3,"Pelhřimov, Habrová 2523 + 2524, BD",,,,"Pelhřimov, Habrová 2523 + 2524, BD, Česká republika","BD, Habrová 2523 + 2524, Pelhřimov, Česká republika"
"Pelhřimov, Habrová 2525, 2526, BD","Pelhřimov, Habrová 2525, 2526, BD","BD, Habrová 2525, Pelhřimov, Česká republika",2 x STRONG 1 000/1F -30 minut,2 x STRONG 1 000/1F -30 minut,Vacek 777 568 074,Vacek 777 568 074,Vysočina,,,2026-12-09,,219.0,Více než 60 dnů,zelená,49.42462,15.23173,upraveno - znovu geokódovat,,Adresa automaticky upravena pro Mapy.com; spusť znovu geokodér.,"pelhřimov, habrová 2525, 2526, bd, česká republika",,2026-12-09,219.0,Více než 60 dnů,zelená,2026-12-09 (plánovaná),"Kalendář FZ - 12 měsíců, 2023.xlsx",290,2021,,ano,,2 x STRONG 1 000/1F -30 minut,,,,,,,,,,,,,,9/26,,,,,,,,,,,,,,,,,,,,,,,,,,,,,,,,,,,,,,,,,,,,,,,,,,,,,,,,,,,,,,,,,,,,,,,,,,1,"Pelhřimov, Habrová 2525, 2526, BD",,,,"Pelhřimov, Habrová 2525, 2526, BD, Česká republika","BD, Habrová 2525, Pelhřimov, Česká republika"
"Pelhřimov, Matějkova, FIA","Pelhřimov, Matějkova, FIA","Pelhřimov, Matějkova, FIA, Česká republika",PS 4000/3f-30 minut,PS 4000/3f-30 minut,Poduška - 725 404 167,Poduška - 725 404 167,Vysočina,V roce 16 objednali nový zdroj,V roce 16 objednali nový zdroj,2026-04-01,2026-04-01,-33.0,Po termínu,červená,49.40573,15.21978,OK Mapy.com,,čeká na přesné geokódování,"pelhřimov, matějkova, fia, česká republika",2026-04-01,2026-04-01,-33.0,Po termínu,červená,2026-04-01 (plánovaná),"Kalendář FZ - 12 měsíců, 2023.xlsx",291,2017,,,,  PS 4000/3f-30 minut,,,,,,1/26,,,,,,,,,,,,,,,,,,,,,,,,,,,,,,,,,,,,,,,,,,,,,,,,,,,,,,,,,,,,,,,,,,,,,,,,,,,,,,,,,,1,"Pelhřimov, Matějkova, FIA ",,,,"Pelhřimov, Matějkova, FIA, Česká republika","Pelhřimov, Matějkova, FIA, Česká republika"
"Pelhřimov, U Rendlíku 1902, Dolnokubínská 1931","Pelhřimov, U Rendlíku 1902, Dolnokubínská 1931","Pelhřimov, U Rendlíku 1902, Dolnokubínská 1931, Česká republika",3x Astip PS 20 000/15 000/7500,3x Astip PS 20 000/15 000/7500,Kasalý Jiří - 777 162 957,Kasalý Jiří - 777 162 957,Vysočina,,,2026-06-09,2025-12-09,36.0,30–60 dnů,žlutá,49.43365,15.21135,OK Mapy.com,,čeká na přesné geokódování,"pelhřimov, u rendlíku 1902, dolnokubínská 1931, česká republika",2025-12-09,2026-06-09,36.0,30–60 dnů,žlutá,2025-12-09 (proběhlá); 2026-06-09 (plánovaná),Kalendář FZ - 6 měsíců.xlsx,223,2018,,,Kasalý Jiří - 777 162 957,3x Astip PS 20 000/15 000/7500,"Pelhřimov, U Rendlíku 1902, Dolnokubínská 1931",,,,,,,9/26,,,,,,9/25-1x stop stav,,,,,,,,,,,,,,,,,,,,,,,,,,,,,,,,,,,,,,,,,,,,,,,,,,,,,,,,,,,,,,,,,,,,,,,,,,2,,,,,"Pelhřimov, U Rendlíku 1902, Dolnokubínská 1931, Česká republika","Pelhřimov, U Rendlíku 1902, Dolnokubínská 1931, Česká republika"
"Petrov na Desnou 203, diakonie Sobotín","Petrov na Desnou 203, diakonie Sobotín","diakonie Sobotín, Petrov na Desnou 203, Česká republika",Astip PS 20kVA/3f-45 minut,Astip PS 20kVA/3f-45 minut,Vlček 736 114 893,Vlček 736 114 893,Olomoucký,,,2025-12-09,2025-12-09,-146.0,Po termínu,červená,50.01893,17.07291,upraveno - znovu geokódovat,,Adresa automaticky upravena pro Mapy.com; spusť znovu geokodér.,"petrov na desnou 203, diakonie sobotín, česká republika",2025-12-09,2025-12-09,-146.0,Po termínu,červená,2025-12-09 (plánovaná),Kalendář FZ - 6 měsíců.xlsx,224,2021,,,Vlček 736 114 893,Astip PS 20kVA/3f-45 minut,"Petrov na Desnou 203, diakonie Sobotín",,,,,,,,,,,,,9/25,,,,,,,,,,,,,,,,,,,,,,,,,,,,,,,,,,,,,,,,,,,,,,,,,,,,,,,,,,,,,,,,,,,,,,,,,,1,,,,,"Petrov na Desnou 203, diakonie Sobotín, Česká republika","diakonie Sobotín, Petrov na Desnou 203, Česká republika"
"Petřvald, Modrá, Benjamin","Petřvald, Modrá, Benjamin","Petřvald, Modrá, Benjamin, Česká republika","PS 3000/3f-20 minut-out, nově 4000va/3F-20 minut","PS 3000/3f-20 minut-out, nově 4000va/3F-20 minut","731644590, Richard Gulec","731644590, Richard Gulec",Moravskoslezský,,,2026-05-04,2025-11-04,0.0,Méně než 7 dnů,červená,49.82013,18.36793,OK Mapy.com,,čeká na přesné geokódování,"petřvald, modrá, benjamin, česká republika",2025-11-04,2026-05-04,0.0,Méně než 7 dnů,červená,2025-11-04 (proběhlá); 2026-05-04 (plánovaná),Kalendář FZ - 6 měsíců.xlsx,225,"2014- OUT, 2022",ano,,"731644590, Richard Gulec","  PS 3000/3f-20 minut-out, nově 4000va/3F-20 minut","Petřvald, Modrá, Benjamin",,,,,,4/26,,,,,,4/25,,,,,,,,,,,,,,,,,,,,,,,,,,,,,,,,,,,,,,,,,,,,,,,,,,,,,,,,,,,,,,,,,,,,,,,,,,,2,,,,,"Petřvald, Modrá, Benjamin, Česká republika","Petřvald, Modrá, Benjamin, Česká republika"
"Pečky, Senior Resort ,ul. Chvalovická 32","Pečky, Senior Resort ,ul. Chvalovická 32","Pečky, Senior Resort, ul. Chvalovická 32, Česká republika",PS 10 000/3f - 45 min.,PS 10 000/3f - 45 min.,Šimáček - 602 431 063,Šimáček - 602 431 063,Středočeský,12.3.2025 -šel mail na šimáčka,12.3.2025 -šel mail na šimáčka,2025-08-04,2025-08-04,-273.0,Po termínu,červená,50.09127,15.02969,OK Mapy.com,,čeká na přesné geokódování,"pečky, senior resort, ul. chvalovická 32, česká republika",2025-08-04,2025-08-04,-273.0,Po termínu,červená,2024-05-30 (plánovaná); 2025-08-04 (plánovaná),Kalendář FZ - 6 měsíců.xlsx,222,2018,ano,,Šimáček - 602 431 063,PS 10 000/3f - 45 min.,"Pečky, Senior Resort ,ul. Chvalovická 32",,,,,,30/24,,,4/25,,,,,,7500,,,,,,,,,,,,,,,,,,,,,,,,,,,,,,,,,,,,,,,,,,,,,,,,,,,,,,,,,,,,,,,,,,,,,,,,2,,,,,"Pečky, Senior Resort, ul. Chvalovická 32, Česká republika","Pečky, Senior Resort, ul. Chvalovická 32, Česká republika"
Planá nad Lužnicí,Planá nad Lužnicí,"Planá nad Lužnicí, Česká republika","PS 900/3f,240/1f-15 minut","PS 900/3f,240/1f-15 minut",Pekárek - 731 677 201,Pekárek - 731 677 201,Jihočeský,,,2020-06-25,2020-06-25,-2139.0,Po termínu,červená,49.35444,14.70147,OK Mapy.com,,čeká na přesné geokódování,"planá nad lužnicí, česká republika",2020-06-25,2020-06-25,-2139.0,Po termínu,červená,2020-06-25 (plánovaná),"Kalendář FZ - 12 měsíců, 2023.xlsx",293,2012,,,,"  PS 900/3f,240/1f-15 minut",,,,,,,,25/20,,,,,,,,,,,,,,,,,,,,,,,,,,,,,,,,,,,,,,,,,,,,,,,,,,,,,,,,,,,,,,,,,,,,,,,,,,,,,,,,1,Planá nad Lužnicí,,,,"Planá nad Lužnicí, Česká republika","Planá nad Lužnicí, Česká republika"
"Plesná, Spojovací 80, KODUS, okres Cheb","Plesná, Spojovací 80, KODUS, okres Cheb","Plesná, Spojovací 80, KODUS, okres Cheb, Česká republika",ASTIP STRONG Liftback 46kVA/15kVA/3F -45 minut,ASTIP STRONG Liftback 46kVA/15kVA/3F -45 minut,"Zdeněk Francůz – vedoucí technických služeb, tel. 724 196 146","Zdeněk Francůz – vedoucí technických služeb, tel. 724 196 146",Karlovarský,chtějí roční revize….,chtějí roční revize….,2024-11-01,2024-11-01,-549.0,Po termínu,červená,50.21147,12.34834,OK Mapy.com,,čeká na přesné geokódování,"plesná, spojovací 80, kodus, okres cheb, česká republika",2024-11-01,2024-11-01,-549.0,Po termínu,červená,2024-11-01 (plánovaná),"Kalendář FZ - 12 měsíců, 2023.xlsx",294,2022,ano,ano,,ASTIP STRONG Liftback 46kVA/15kVA/3F -45 minut,,,,,,,,,,,,,1/24,,,,,,,,,,,,,,,,,,,,,,,,,,,,,,,,,,,,,,,,,,,,,,,,,,,,,,,,,,,,,,,,,,,,,,,,,,,1,"Plesná, Spojovací 80, KODUS, okres Cheb",,,,"Plesná, Spojovací 80, KODUS, okres Cheb, Česká republika","Plesná, Spojovací 80, KODUS, okres Cheb, Česká republika"
"Plzeň, Americká, ČSOB","Plzeň, Americká, ČSOB","Plzeň, Americká, ČSOB, Česká republika",PS 10 000/3f-60 min,PS 10 000/3f-60 min,Petr Tlstý - 606 708 856,Petr Tlstý - 606 708 856,Plzeňský,,,2026-12-11,,221.0,Více než 60 dnů,zelená,49.74319,13.38227,OK Mapy.com,,čeká na přesné geokódování,"plzeň, americká, čsob, česká republika",,2026-12-11,221.0,Více než 60 dnů,zelená,2026-12-11 (plánovaná),"Kalendář FZ - 12 měsíců, 2023.xlsx",295,2017,,,,PS 10 000/3f-60 min,,,,,,,,,,,,,,11/26,,,,,,,,,,,,,,,,,,,,,,,,,,,,,,,,,,,,,,,,,,,,,,,,,,,,,,,,,,,,,,,,,,,,,,,,,,1,"Plzeň, Americká, ČSOB",,,,"Plzeň, Americká, ČSOB, Česká republika","Plzeň, Americká, ČSOB, Česká republika"
"Plzeň, Blatenská, MŠ, ZŠ","Plzeň, Blatenská, MŠ, ZŠ","Blatenská, MŠ, Plzeň, Česká republika",PS 2000/3f-10 minut,PS 2000/3f-10 minut,"2018 malem zabil elektrikare, hrabal do toho","2018 malem zabil elektrikare, hrabal do toho",Plzeňský,2024 - toto asi nechávám...V roce 16 oprava systému,2024 - toto asi nechávám...V roce 16 oprava systému,,,,Bez termínu,šedá,49.76096,15.91046,upraveno - znovu geokódovat,,Adresa automaticky upravena pro Mapy.com; spusť znovu geokodér.,"plzeň, blatenská, mš, zš, česká republika",,,,Bez termínu,šedá,,"Kalendář FZ - 12 měsíců, 2023.xlsx",296,2015,,,,  PS 2000/3f-10 minut,,,,Stop stav od 2017,20,,,,,,,,,,,,,,,,,,,,,,,,,,,,,,,,,,,,,,,,,,,,,,,,,,,,,,,,,,,,,,,,,,,,,,,,,,,,,,,,,,,0,"Plzeň, Blatenská, MŠ, ZŠ",,,,"Plzeň, Blatenská, MŠ, ZŠ, Česká republika","Blatenská, MŠ, Plzeň, Česká republika"
"Plzeň, Borská 2694, Škoda Plzeň, Bammer","Plzeň, Borská 2694, Škoda Plzeň, Bammer","Škoda Plzeň, Bammer, Borská 2694, Plzeň, Česká republika",21 zdrojů = Moc chození,21 zdrojů = Moc chození,p. Piontek - 731 128 249,p. Piontek - 731 128 249,Plzeňský,Borská 2694,Borská 2694,2026-05-27,,23.0,7–30 dnů,oranžová,49.73577,13.35315,upraveno - znovu geokódovat,,Adresa automaticky upravena pro Mapy.com; spusť znovu geokodér.,"plzeň, borská 2694, škoda plzeň, bammer, česká republika",,2026-05-27,23.0,7–30 dnů,oranžová,2026-05-27 (plánovaná); 2026-09-24 (plánovaná),"Kalendář FZ - 12 měsíců, 2023.xlsx",316,,,,,21 zdrojů = Moc chození,,,,,,,27/26-3xstop stav 2025,,,,24/26,,,,,,,,,,,,,,,,,,,,,,,,,,,,,,,,,,,,,,,,,,,,,,,,,,,,,,,,,,,,,,,,,,,,,,,,,,,,,2,"Plzeň, Borská 2694, Škoda Plzeň, Bammer",,,,"Plzeň, Borská 2694, Škoda Plzeň, Bammer, Česká republika","Škoda Plzeň, Bammer, Borská 2694, Plzeň, Česká republika"
"Plzeň, Hotel Avenue Pallova 28 -Mlýnská strouha","Plzeň, Hotel Avenue Pallova 28 -Mlýnská strouha","Plzeň, Hotel Avenue Pallova 28 -Mlýnská strouha, Česká republika",ASTIP STRONG 15kVA/3F -45 minut,ASTIP STRONG 15kVA/3F -45 minut,Denisa Kramlová 727 901 661,Denisa Kramlová 727 901 661,Plzeňský,,,2026-09-19,2026-03-19,138.0,Více než 60 dnů,zelená,49.74813,13.38341,OK Mapy.com,,čeká na přesné geokódování,"plzeň, hotel avenue pallova 28 -mlýnská strouha, česká republika",2026-03-19,2026-09-19,138.0,Více než 60 dnů,zelená,2026-03-19 (proběhlá); 2026-09-19 (plánovaná),Kalendář FZ - 6 měsíců.xlsx,226,2019,,,Denisa Kramlová 727 901 661,ASTIP STRONG 15kVA/3F -45 minut,"Plzeň, Hotel Avenue Pallova 28 -Mlýnská strouha",,,,19/26,,,,,,19/26,,,,,,,,,,,,,,,,,,,,,,,,,,,,,,,,,,,,,,,,,,,,,,,,,,,,,,,,,,,,,,,,,,,,,,,,,,,,,2,,,,,"Plzeň, Hotel Avenue Pallova 28 -Mlýnská strouha, Česká republika","Plzeň, Hotel Avenue Pallova 28 -Mlýnská strouha, Česká republika"
"Plzeň, Hrachová 942/4 objekt F","Plzeň, Hrachová 942/4 objekt F","Plzeň, Hrachová 942/4 objekt F, Česká republika",ASTIP STRONG 17/2kVA/3F-10 minut,ASTIP STRONG 17/2kVA/3F-10 minut,Rojíková 778 419 504,Rojíková 778 419 504,Plzeňský,,,2026-12-16,,226.0,Více než 60 dnů,zelená,49.70158,13.35718,OK Mapy.com,,čeká na přesné geokódování,"plzeň, hrachová 942/4 objekt f, česká republika",,2026-12-16,226.0,Více než 60 dnů,zelená,2026-12-16 (plánovaná),"Kalendář FZ - 12 měsíců, 2023.xlsx",299,2024,,,,ASTIP STRONG 17/2kVA/3F-10 minut,,,,,,,,,,,,,,16/26,,,,,,,,,,,,,,,,,,,,,,,,,,,,,,,,,,,,,,,,,,,,,,,,,,,,,,,,,,,,,,,,,,,,,,,,,,1,"Plzeň, Hrachová 942/4 objekt F",,,,"Plzeň, Hrachová 942/4 objekt F, Česká republika","Plzeň, Hrachová 942/4 objekt F, Česká republika"
"Plzeň, Hrachová 943/6 -objekt E","Plzeň, Hrachová 943/6 -objekt E","Plzeň, Hrachová 943/6 -objekt E, Česká republika",ASTIP STRONG 17/2kVA/3F-10 minut,ASTIP STRONG 17/2kVA/3F-10 minut,Rojíková 778 419 504,Rojíková 778 419 504,Plzeňský,,,2026-12-16,,226.0,Více než 60 dnů,zelená,49.70159,13.35781,OK Mapy.com,,čeká na přesné geokódování,"plzeň, hrachová 943/6 -objekt e, česká republika",,2026-12-16,226.0,Více než 60 dnů,zelená,2026-12-16 (plánovaná),"Kalendář FZ - 12 měsíců, 2023.xlsx",298,2024,,,,ASTIP STRONG 17/2kVA/3F-10 minut,,,,,,,,,,,,,,16/26,,,,,,,,,,,,,,,,,,,,,,,,,,,,,,,,,,,,,,,,,,,,,,,,,,,,,,,,,,,,,,,,,,,,,,,,,,1,"Plzeň, Hrachová 943/6 -objekt E",,,,"Plzeň, Hrachová 943/6 -objekt E, Česká republika","Plzeň, Hrachová 943/6 -objekt E, Česká republika"
"Plzeň, Hradišťská 2a, BD","Plzeň, Hradišťská 2a, BD","BD, Hradišťská 2a, Plzeň, Česká republika","STRONG 6,6kVA/1kVA/1F -45 minut","STRONG 6,6kVA/1kVA/1F -45 minut",Popelka 725 847 000,Popelka 725 847 000,Plzeňský,,,2026-10-07,,156.0,Více než 60 dnů,zelená,49.73425,13.39037,upraveno - znovu geokódovat,,Adresa automaticky upravena pro Mapy.com; spusť znovu geokodér.,"plzeň, hradišťská 2a, bd, česká republika",,2026-10-07,156.0,Více než 60 dnů,zelená,2026-10-07 (plánovaná),"Kalendář FZ - 12 měsíců, 2023.xlsx",297,2022,,,,"STRONG 6,6kVA/1kVA/1F -45 minut",,,,,,,,,,,,7/26,,,,,,,,,,,,,,,,,,,,,,,,,,,,,,,,,,,,,,,,,,,,,,,,,,,,,,,,,,,,,,,,,,,,,,,,,,,,1,"Plzeň, Hradišťská 2a, BD",,,,"Plzeň, Hradišťská 2a, BD, Česká republika","BD, Hradišťská 2a, Plzeň, Česká republika"
"Plzeň, Inženýrská 2,4,6 -BD Zelený trojůhelník","Plzeň, Inženýrská 2,4,6 -BD Zelený trojůhelník","Inženýrská 2, Plzeň, Česká republika","2 x STRONG 5kVA + 1 x 7,5kVA","2 x STRONG 5kVA + 1 x 7,5kVA","Tišer 602 365 981, SVJ Šamánek svjinzenyrska@gmail.com","Tišer 602 365 981, SVJ Šamánek svjinzenyrska@gmail.com",Plzeňský,,,2027-01-08,,249.0,Více než 60 dnů,zelená,49.72871,13.35373,upraveno - znovu geokódovat,,Adresa automaticky upravena pro Mapy.com; spusť znovu geokodér.,"plzeň, inženýrská 2, 4, 6 -bd zelený trojůhelník, česká republika",,2027-01-08,249.0,Více než 60 dnů,zelená,2027-01-08 (plánovaná),"Kalendář FZ - 12 měsíců, 2023.xlsx",300,2020,,,,"2 x STRONG 5kVA + 1 x 7,5kVA",,,8/27,,,,,,,,,,,,,,,,,,,,,,,,,,,,,,,,,,,,,,,,,,,,,,,,,,,,,,,,,,,,,,,,,,,,,,,,,,,,,,,,,,,,,1,"Plzeň, Inženýrská 2,4,6 -BD Zelený trojůhelník",,,,"Plzeň, Inženýrská 2, 4, 6 -BD Zelený trojůhelník, Česká republika","Inženýrská 2, Plzeň, Česká republika"
"Plzeň, Jablonského 22","Plzeň, Jablonského 22","Plzeň, Jablonského 22, Česká republika",ASTIP PS 5 000/3F -30 minut,ASTIP PS 5 000/3F -30 minut,"SEL, Křivanec 732 538 672","SEL, Křivanec 732 538 672",Plzeňský,"8.4.2021 -stop stav, nikdy jsme nebyli, první revize","8.4.2021 -stop stav, nikdy jsme nebyli, první revize",2024-09-22,2024-09-22,-589.0,Po termínu,červená,49.7385,13.39124,OK Mapy.com,,čeká na přesné geokódování,"plzeň, jablonského 22, česká republika",2024-09-22,2024-09-22,-589.0,Po termínu,červená,2024-09-22 (plánovaná),"Kalendář FZ - 12 měsíců, 2023.xlsx",301,2017,,,,ASTIP PS 5 000/3F -30 minut,,,,,,,,,,,22/24,,,,,,,,,,,,,,,,,,,,,,,,,,,,,,,,,,,,,,,,,,,,,,,,,,,,,,,,,,,,,,,,,,,,,,,,,,,,,1,"Plzeň, Jablonského 22",,,,"Plzeň, Jablonského 22, Česká republika","Plzeň, Jablonského 22, Česká republika"
"Plzeň, Jablonského 37","Plzeň, Jablonského 37","Plzeň, Jablonského 37, Česká republika",PS 15kVA/3f-30 min,PS 15kVA/3f-30 min,Matějka - 728 352 137,Matějka - 728 352 137,Plzeňský,,,2025-01-23,2025-01-23,-466.0,Po termínu,červená,49.7377,13.39288,OK Mapy.com,,čeká na přesné geokódování,"plzeň, jablonského 37, česká republika",2025-01-23,2025-01-23,-466.0,Po termínu,červená,2025-01-23 (plánovaná),"Kalendář FZ - 12 měsíců, 2023.xlsx",302,2016,,,,PS 15kVA/3f-30 min,,,23/25,,,,,,,,,,,,,,,,,,,,,,,,,,,,,,,,,,,,,,,,,,,,,,,,,,,,,,,,,,,,,,,,,,,,,,,,,,,,,,,,,,,,,1,"Plzeň, Jablonského 37",,,,"Plzeň, Jablonského 37, Česká republika","Plzeň, Jablonského 37, Česká republika"
"Plzeň, Koterovská 85 A,B,C","Plzeň, Koterovská 85 A,B,C","Plzeň, Koterovská 85 A, B, C, Česká republika",STRONG 4000/3f,STRONG 4000/3f,,,Plzeňský,,,2025-03-06,2025-03-06,-424.0,Po termínu,červená,49.73299,13.4036,OK Mapy.com,,čeká na přesné geokódování,"plzeň, koterovská 85 a, b, c, česká republika",2025-03-06,2025-03-06,-424.0,Po termínu,červená,2025-03-06 (plánovaná),"Kalendář FZ - 12 měsíců, 2023.xlsx",303,2018,,,,STRONG 4000/3f ,,,,,6/25,,,,,,,,,,,,,,,,,,,,,,,,,,,,,,,,,,,,,,,,,,,,,,,,,,,,,,,,,,,,,,,,,,,,,,,,,,,,,,,,,,,1,"Plzeň, Koterovská 85 A,B,C",,,,"Plzeň, Koterovská 85 A, B, C, Česká republika","Plzeň, Koterovská 85 A, B, C, Česká republika"
"Plzeň, Magisterská 2, 8, 10","Plzeň, Magisterská 2, 8, 10","Plzeň, Magisterská 2, 8, 10, Česká republika","2 x 40kVA/3F-60minut, 1 x 4kVA","2 x 40kVA/3F-60minut, 1 x 4kVA","pan Brindza, DARAMIS, 777 746 460","pan Brindza, DARAMIS, 777 746 460",Plzeňský,,,2026-12-02,,212.0,Více než 60 dnů,zelená,49.72849,13.35516,OK Mapy.com,,čeká na přesné geokódování,"plzeň, magisterská 2, 8, 10, česká republika",,2026-12-02,212.0,Více než 60 dnů,zelená,2026-12-02 (plánovaná),"Kalendář FZ - 12 měsíců, 2023.xlsx",305,2019,,,,"2 x 40kVA/3F-60minut, 1 x 4kVA",,,,,,,,,,,,,,"2/26-2,8,10",,,,,,,,,,,,,,,,,,,,,,,,,,,,,,,,,,,,,,,,,,,,,,,,,,,,,,,,,,,,,,,,,,,,,,,,,,1,"Plzeň, Magisterská 2, 8, 10",,,,"Plzeň, Magisterská 2, 8, 10, Česká republika","Plzeň, Magisterská 2, 8, 10, Česká republika"
"Plzeň, Magisterská  4, 6","Plzeň, Magisterská  4, 6","Plzeň, Magisterská 4, 6, Česká republika",2 x 40kVA/3F-60minut,2 x 40kVA/3F-60minut,Tišer 602 365 981,Tišer 602 365 981,Plzeňský,,,2027-01-08,,249.0,Více než 60 dnů,zelená,49.7282,13.35475,OK Mapy.com,,čeká na přesné geokódování,"plzeň, magisterská 4, 6, česká republika",,2027-01-08,249.0,Více než 60 dnů,zelená,2027-01-08 (plánovaná),"Kalendář FZ - 12 měsíců, 2023.xlsx",304,2019,,,,2 x 40kVA/3F-60minut,,,8/27,,,,,,,,,,,,,,,,,,,,,,,,,,,,,,,,,,,,,,,,,,,,,,,,,,,,,,,,,,,,,,,,,,,,,,,,,,,,,,,,,,,,,1,"Plzeň, Magisterská  4, 6",,,,"Plzeň, Magisterská 4, 6, Česká republika","Plzeň, Magisterská 4, 6, Česká republika"
"Plzeň, Nemocniční 6 a Stehlíkova 5,7,9","Plzeň, Nemocniční 6 a Stehlíkova 5,7,9","Nemocniční 6 a Stehlíkova 5, Plzeň, Česká republika",200 kVA/3f - 60min,200 kVA/3f - 60min,"Kozel, předseda SVJ 603 214 259","Kozel, předseda SVJ 603 214 259",Plzeňský,"27.2.2025 - posílám dotaz na triumfa - košutka, bude kontaktovat předsedu, tak uvidíme","27.2.2025 - posílám dotaz na triumfa - košutka, bude kontaktovat předsedu, tak uvidíme",2024-08-06,2024-08-06,-636.0,Po termínu,červená,49.73726,13.37331,upraveno - znovu geokódovat,,Adresa automaticky upravena pro Mapy.com; spusť znovu geokodér.,"plzeň, nemocniční 6 a stehlíkova 5, 7, 9, česká republika",2024-08-06,2024-08-06,-636.0,Po termínu,červená,2024-08-06 (plánovaná),"Kalendář FZ - 12 měsíců, 2023.xlsx",306,2019,ano,ano,,200 kVA/3f - 60min,,,,,,,,,,6/24,,,,,,,,,,,,,,,,,,,,,,,,,,,,,,,,,,,,,,,,,,,,,,,,,,,,,,,,,,,,,,,,,,,,,,,,,,,,,,1,"Plzeň, Nemocniční 6 a Stehlíkova 5,7,9",,,,"Plzeň, Nemocniční 6 a Stehlíkova 5, 7, 9, Česká republika","Nemocniční 6 a Stehlíkova 5, Plzeň, Česká republika"
"Plzeň, Otýlie Beníškové 16,18","Plzeň, Otýlie Beníškové 16,18","Plzeň, Otýlie Beníškové 16, 18, Česká republika",ASTIP STRONG 10kVA/3F -45 minut,ASTIP STRONG 10kVA/3F -45 minut,"námi zaškolený pan Ing. Roman Jeníček
mobil 602145580","námi zaškolený pan Ing. Roman Jeníček
mobil 602145580",Plzeňský,"06/2022 -proběhlo zaškolení, bude provádět revize sám","06/2022 -proběhlo zaškolení, bude provádět revize sám",2027-01-21,,262.0,Více než 60 dnů,zelená,49.75328,13.37818,OK Mapy.com,,čeká na přesné geokódování,"plzeň, otýlie beníškové 16, 18, česká republika",,2027-01-21,262.0,Více než 60 dnů,zelená,2027-01-21 (plánovaná),"Kalendář FZ - 12 měsíců, 2023.xlsx",307,2020,,,,ASTIP STRONG 10kVA/3F -45 minut,,,21/27,,,,,,,,,,,,,,,,,,,,,,,,,,,,,,,,,,,,,,,,,,,,,,,,,,,,,,,,,,,,,,,,,,,,,,,,,,,,,,,,,,,,,1,"Plzeň, Otýlie Beníškové 16,18",,,,"Plzeň, Otýlie Beníškové 16, 18, Česká republika","Plzeň, Otýlie Beníškové 16, 18, Česká republika"
"Plzeň, Palackého nám, Sylván, parkovací dům - sady pětatřicáníků","Plzeň, Palackého nám, Sylván, parkovací dům - sady pětatřicáníků","Palackého nám, Sylván, Plzeň, Česká republika","PS 4000/3f, PS 2000/3f-45 minut","PS 4000/3f, PS 2000/3f-45 minut","p. Schneberger
tel.+420 727 871 445","p. Schneberger
tel.+420 727 871 445",Plzeňský,"2023 -důležité info, svolat hromadnou zkoušku …","2023 -důležité info, svolat hromadnou zkoušku …",2026-08-17,2026-04-21,105.0,Více než 60 dnů,zelená,50.07326,14.41492,upraveno - znovu geokódovat,,Adresa automaticky upravena pro Mapy.com; spusť znovu geokodér.,"plzeň, palackého nám, sylván, parkovací dům, sady pětatřicáníků, česká republika",2026-04-21,2026-08-17,105.0,Více než 60 dnů,zelená,2026-02-17 (proběhlá); 2026-04-21 (proběhlá); 2026-08-17 (plánovaná); 2026-10-21 (plánovaná),Kalendář FZ - 6 měsíců.xlsx,227,2014,,," p. Schneberger
tel.+420 727 871 445","PS 4000/3f, PS 2000/3f-45 minut","Plzeň, Palackého nám, Sylván, parkovací dům - sady pětatřicáníků",,,17/26-2kVA,,21/26-4kva,,,,17/26-2kVA,,21/26-4kva,,,,,,,,,,,,,,,,,,,,,,,,,,,,,,,,,,,,,,,,,,,,,,,,,,,,,,,,,,,,,,,,,,,,,,,,,,,,4,,,,,"Plzeň, Palackého nám, Sylván, parkovací dům, sady pětatřicáníků, Česká republika","Palackého nám, Sylván, Plzeň, Česká republika"
"Plzeň, Pallova 18, 20, 22, 24","Plzeň, Pallova 18, 20, 22, 24","Plzeň, Pallova 18, 20, 22, 24, Česká republika","STRONG 2,4, a 2x 5kVA","STRONG 2,4, a 2x 5kVA",Ing. Tichý 739 064 056,Ing. Tichý 739 064 056,Plzeňský,,,2025-02-02,2025-02-02,-456.0,Po termínu,červená,49.74795,13.38295,OK Mapy.com,,čeká na přesné geokódování,"plzeň, pallova 18, 20, 22, 24, česká republika",2025-02-02,2025-02-02,-456.0,Po termínu,červená,2025-02-02 (plánovaná),"Kalendář FZ - 12 měsíců, 2023.xlsx",308,2019,,,,"STRONG 2,4, a 2x 5kVA",,,,2/25-2xstop stav 2024,,,,,,,,,,,,,,,,,,,,,,,,,,,,,,,,,,,,,,,,,,,,,,,,,,,,,,,,,,,,,,,,,,,,,,,,,,,,,,,,,,,,1,"Plzeň, Pallova 18, 20, 22, 24",,,,"Plzeň, Pallova 18, 20, 22, 24, Česká republika","Plzeň, Pallova 18, 20, 22, 24, Česká republika"
"Plzeň, Pallova 26, Mlýnská strouha - vedle hotelu Avenue","Plzeň, Pallova 26, Mlýnská strouha - vedle hotelu Avenue","Mlýnská strouha, vedle hotelu Avenue, Pallova 26, Plzeň, Česká republika",ASTIP STRONG 5000/3F -10 minut,ASTIP STRONG 5000/3F -10 minut,Denisa Kramlová 727 901 661,Denisa Kramlová 727 901 661,Plzeňský,"Vedle hotelu Avenue, který také revidujeme","Vedle hotelu Avenue, který také revidujeme",2025-09-05,2025-09-05,-241.0,Po termínu,červená,49.74781,13.38371,upraveno - znovu geokódovat,,Adresa automaticky upravena pro Mapy.com; spusť znovu geokodér.,"plzeň, pallova 26, mlýnská strouha, vedle hotelu avenue, česká republika",2025-09-05,2025-09-05,-241.0,Po termínu,červená,2025-09-05 (plánovaná),"Kalendář FZ - 12 měsíců, 2023.xlsx",309,2019,,,,ASTIP STRONG 5000/3F -10 minut,,,,,,,,,,,5/25,,,,,,,,,,,,,,,,,,,,,,,,,,,,,,,,,,,,,,,,,,,,,,,,,,,,,,,,,,,,,,,,,,,,,,,,,,,,,1,"Plzeň, Pallova 26, Mlýnská strouha - vedle hotelu Avenue",,,,"Plzeň, Pallova 26, Mlýnská strouha, vedle hotelu Avenue, Česká republika","Mlýnská strouha, vedle hotelu Avenue, Pallova 26, Plzeň, Česká republika"
"Plzeň, Papírnická 11, SeneCura SeniorCentrum MOTP a.s.","Plzeň, Papírnická 11, SeneCura SeniorCentrum MOTP a.s.","SeneCura SeniorCentrum MOTP a.s., Papírnická 11, Plzeň, Česká republika",3xUPS,3xUPS,Bělohlavý 727 844 338,Bělohlavý 727 844 338,Plzeňský,,,2026-06-11,2025-12-11,38.0,30–60 dnů,žlutá,49.73634,13.38467,upraveno - znovu geokódovat,,Adresa automaticky upravena pro Mapy.com; spusť znovu geokodér.,"plzeň, papírnická 11, senecura seniorcentrum motp a.s., česká republika",2025-12-11,2026-06-11,38.0,30–60 dnů,žlutá,2025-12-11 (proběhlá); 2026-06-11 (plánovaná),Kalendář FZ - 6 měsíců.xlsx,229,2015,,,Bělohlavý 727 844 338,3xUPS,"Plzeň, Papírnická 11, SeneCura SeniorCentrum MOTP a.s.",,,,,,,11/26,,,,,,11/25,,,,,,,,,,,,,,,,,,,,,,,,,,,,,,,,,,,,,,,,,,,,,,,,,,,,,,,,,,,,,,,,,,,,,,,,,,2,,,,,"Plzeň, Papírnická 11, SeneCura SeniorCentrum MOTP a.s., Česká republika","SeneCura SeniorCentrum MOTP a.s., Papírnická 11, Plzeň, Česká republika"
"Plzeň, Plzeňská 61, DPS Křimice","Plzeň, Plzeňská 61, DPS Křimice","Plzeň, Plzeňská 61, DPS Křimice, Česká republika","PS 7,5kVA + PS 25kVA","PS 7,5kVA + PS 25kVA",Šindelář jednatel 728 995 491,Šindelář jednatel 728 995 491,Plzeňský,,,2026-04-22,2025-10-22,-12.0,Po termínu,červená,49.75433,13.32091,OK Mapy.com,,čeká na přesné geokódování,"plzeň, plzeňská 61, dps křimice, česká republika",2025-10-22,2026-04-22,-12.0,Po termínu,červená,2025-10-22 (proběhlá); 2026-04-22 (plánovaná),Kalendář FZ - 6 měsíců.xlsx,228,2018,,,Šindelář jednatel 728 995 491,"PS 7,5kVA + PS 25kVA","Plzeň, Plzeňská 61, DPS Křimice",,,,,22/26,,,,,,22/25,,,,,,,,,,,,,,,,,,,,,,,,,,,,,,,,,,,,,,,,,,,,,,,,,,,,,,,,,,,,,,,,,,,,,,,,,,,,2,,,,,"Plzeň, Plzeňská 61, DPS Křimice, Česká republika","Plzeň, Plzeňská 61, DPS Křimice, Česká republika"
"Plzeň, Poděbradova 17","Plzeň, Poděbradova 17","Plzeň, Poděbradova 17, Česká republika",ASTIP PS 40/15kVA/3f-60 minut,ASTIP PS 40/15kVA/3f-60 minut,Fraňková 603 177 508,Fraňková 603 177 508,Plzeňský,,,2026-10-07,,156.0,Více než 60 dnů,zelená,49.74656,13.36765,OK Mapy.com,,čeká na přesné geokódování,"plzeň, poděbradova 17, česká republika",,2026-10-07,156.0,Více než 60 dnů,zelená,2026-10-07 (plánovaná),"Kalendář FZ - 12 měsíců, 2023.xlsx",311,2017,ano,,,ASTIP PS 40/15kVA/3f-60 minut,,,,,,,,,,,,7/26,,,,,,,,,,,,,,,,,,,,,,,,,,,,,,,,,,,,,,,,,,,,,,,,,,,,,,,,,,,,,,,,,,,,,,,,,,,,1,"Plzeň, Poděbradova 17",,,,"Plzeň, Poděbradova 17, Česká republika","Plzeň, Poděbradova 17, Česká republika"
"Plzeň, Poděbradova 8, BD","Plzeň, Poděbradova 8, BD","BD, Poděbradova 8, Plzeň, Česká republika",ASTIP STRONG 10kVA/3F-15 minut,ASTIP STRONG 10kVA/3F-15 minut,Páník 733 590 134,Páník 733 590 134,Plzeňský,,,2026-10-16,,165.0,Více než 60 dnů,zelená,50.20504,15.81051,upraveno - znovu geokódovat,,Adresa automaticky upravena pro Mapy.com; spusť znovu geokodér.,"plzeň, poděbradova 8, bd, česká republika",,2026-10-16,165.0,Více než 60 dnů,zelená,2026-10-16 (plánovaná),"Kalendář FZ - 12 měsíců, 2023.xlsx",310,2021,,,,ASTIP STRONG 10kVA/3F-15 minut,,,,,,,,,,,,16/26,,,,,,,,,,,,,,,,,,,,,,,,,,,,,,,,,,,,,,,,,,,,,,,,,,,,,,,,,,,,,,,,,,,,,,,,,,,,1,"Plzeň, Poděbradova 8, BD",,,,"Plzeň, Poděbradova 8, BD, Česká republika","BD, Poděbradova 8, Plzeň, Česká republika"
"Plzeň, Průmyslová 2a, Škoda Electric","Plzeň, Průmyslová 2a, Škoda Electric","Plzeň, Průmyslová 2a, Škoda Electric, Česká republika",ASTIP PS LiftBack 7 500/3f-45 min,ASTIP PS LiftBack 7 500/3f-45 min,Petr Lavička 702 256 446,Petr Lavička 702 256 446,Plzeňský,,,2026-04-22,2025-10-22,-12.0,Po termínu,červená,49.72418,13.38539,OK Mapy.com,,čeká na přesné geokódování,"plzeň, průmyslová 2a, škoda electric, česká republika",2025-10-22,2026-04-22,-12.0,Po termínu,červená,2025-10-22 (proběhlá); 2026-04-22 (plánovaná),Kalendář FZ - 6 měsíců.xlsx,230,2018,ano,ano,Petr Lavička 702 256 446,ASTIP PS LiftBack 7 500/3f-45 min,"Plzeň, Průmyslová 2a, Škoda Electric",,,,,22/26,,,,,,22/25,,,,,,,,,,,,,,,,,,,,,,,,,,,,,,,,,,,,,,,,,,,,,,,,,,,,,,,,,,,,,,,,,,,,,,,,,,,,2,,,,,"Plzeň, Průmyslová 2a, Škoda Electric, Česká republika","Plzeň, Průmyslová 2a, Škoda Electric, Česká republika"
"Plzeň, Rybářská 26, BD","Plzeň, Rybářská 26, BD","BD, Rybářská 26, Plzeň, Česká republika",ASTIP STRONG 5 000VA/3F-10 minut,ASTIP STRONG 5 000VA/3F-10 minut,Kazilovská 720 849 638,Kazilovská 720 849 638,Plzeňský,"14 dní předem, posalt mailem na sprava@plzenskyservis.cz","14 dní předem, posalt mailem na sprava@plzenskyservis.cz",2027-01-27,,268.0,Více než 60 dnů,zelená,49.74976,13.36558,upraveno - znovu geokódovat,,Adresa automaticky upravena pro Mapy.com; spusť znovu geokodér.,"plzeň, rybářská 26, bd, česká republika",,2027-01-27,268.0,Více než 60 dnů,zelená,2027-01-27 (plánovaná),"Kalendář FZ - 12 měsíců, 2023.xlsx",312,2021,ano,ano,,ASTIP STRONG 5 000VA/3F-10 minut,,,27/27,,,,,,,,,,,,,,,,,,,,,,,,,,,,,,,,,,,,,,,,,,,,,,,,,,,,,,,,,,,,,,,,,,,,,,,,,,,,,,,,,,,,,1,"Plzeň, Rybářská 26, BD",,,,"Plzeň, Rybářská 26, BD, Česká republika","BD, Rybářská 26, Plzeň, Česká republika"
"Plzeň, Sladová 7","Plzeň, Sladová 7","Plzeň, Sladová 7, Česká republika",ASTIP PS 3000/3F-10 minut,ASTIP PS 3000/3F-10 minut,"SEL, Křivanec 732 538 672","SEL, Křivanec 732 538 672",Plzeňský,,,2026-06-03,,30.0,30–60 dnů,žlutá,49.72929,13.40732,OK Mapy.com,,čeká na přesné geokódování,"plzeň, sladová 7, česká republika",,2026-06-03,30.0,30–60 dnů,žlutá,2026-06-03 (plánovaná),"Kalendář FZ - 12 měsíců, 2023.xlsx",314,2017,,,,ASTIP PS 3000/3F-10 minut,,,,,,,,3/26,,,,,,,,,,,,,,,,,,,,,,,,,,,,,,,,,,,,,,,,,,,,,,,,,,,,,,,,,,,,,,,,,,,,,,,,,,,,,,,,1,"Plzeň, Sladová 7",,,,"Plzeň, Sladová 7, Česká republika","Plzeň, Sladová 7, Česká republika"
"Plzeň, Studentská 2320_59","Plzeň, Studentská 2320_59","Plzeň, Studentská 2320/59, Česká republika",STRONG 1 000VA/1F -15 minut,STRONG 1 000VA/1F -15 minut,"Walter, předseda SVJ 723 593 453","Walter, předseda SVJ 723 593 453",Plzeňský,,,2027-01-27,,268.0,Více než 60 dnů,zelená,49.77506,13.35982,OK Mapy.com,,čeká na přesné geokódování,"plzeň, studentská 2320/59, česká republika",,2027-01-27,268.0,Více než 60 dnů,zelená,2027-01-27 (plánovaná),"Kalendář FZ - 12 měsíců, 2023.xlsx",315,2019,,,,STRONG 1 000VA/1F -15 minut,,,27/27,,,,,,,,,,,,,,,,,,,,,,,,,,,,,,,,,,,,,,,,,,,,,,,,,,,,,,,,,,,,,,,,,,,,,,,,,,,,,,,,,,,,,1,"Plzeň, Studentská 2320_59",,,,"Plzeň, Studentská 2320/59, Česká republika","Plzeň, Studentská 2320/59, Česká republika"
"Plzeň, Technická 5, 7, 9","Plzeň, Technická 5, 7, 9","Plzeň, Technická 5, 7, 9, Česká republika",3x záložní zdroj,3x záložní zdroj,Tišer 602 365 981,Tišer 602 365 981,Plzeňský,,,2027-01-08,,249.0,Více než 60 dnů,zelená,49.72835,13.35315,OK Mapy.com,,čeká na přesné geokódování,"plzeň, technická 5, 7, 9, česká republika",,2027-01-08,249.0,Více než 60 dnů,zelená,2027-01-08 (plánovaná),"Kalendář FZ - 12 měsíců, 2023.xlsx",317,2018,ano,,,3x záložní zdroj,,,8/27,,,,,,,,,,,,,,,,,,,,,,,,,,,,,,,,,,,,,,,,,,,,,,,,,,,,,,,,,,,,,,,,,,,,,,,,,,,,,,,,,,,,,1,"Plzeň, Technická 5, 7, 9",,,,"Plzeň, Technická 5, 7, 9, Česká republika","Plzeň, Technická 5, 7, 9, Česká republika"
"Plzeň, Truhlářská 12, BD","Plzeň, Truhlářská 12, BD","BD, Truhlářská 12, Plzeň, Česká republika","ASTIP STRONG 60kVA/7,5kVA/3F -10 minut","ASTIP STRONG 60kVA/7,5kVA/3F -10 minut",Vostracký 602 641 090,Vostracký 602 641 090,Plzeňský,,,2025-09-05,2025-09-05,-241.0,Po termínu,červená,50.22647,15.8395,upraveno - znovu geokódovat,,Adresa automaticky upravena pro Mapy.com; spusť znovu geokodér.,"plzeň, truhlářská 12, bd, česká republika",2025-09-05,2025-09-05,-241.0,Po termínu,červená,2025-09-05 (plánovaná),"Kalendář FZ - 12 měsíců, 2023.xlsx",318,2023,,,,"ASTIP STRONG 60kVA/7,5kVA/3F -10 minut",,,,,,,,,,,5/25,,,,,,,,,,,,,,,,,,,,,,,,,,,,,,,,,,,,,,,,,,,,,,,,,,,,,,,,,,,,,,,,,,,,,,,,,,,,,1,"Plzeň, Truhlářská 12, BD",,,,"Plzeň, Truhlářská 12, BD, Česká republika","BD, Truhlářská 12, Plzeň, Česká republika"
"Plzeň, Univerzitní, Lidl Skvrňany","Plzeň, Univerzitní, Lidl Skvrňany","Univerzitní, Lidl Skvrňany, Plzeň, Česká republika",RPO,RPO,Corradini 724 230 992,Corradini 724 230 992,Plzeňský,,,2024-09-20,2024-09-20,-591.0,Po termínu,červená,49.72299,13.34321,upraveno - znovu geokódovat,,Adresa automaticky upravena pro Mapy.com; spusť znovu geokodér.,"plzeň, univerzitní, lidl skvrňany, česká republika",2024-09-20,2024-09-20,-591.0,Po termínu,červená,2024-09-20 (plánovaná),"Kalendář FZ - 12 měsíců, 2023.xlsx",319,bez,,,,RPO,,,,,,,,,,,20/24,,,,,,,,,,,,,,,,,,,,,,,,,,,,,,,,,,,,,,,,,,,,,,,,,,,,,,,,,,,,,,,,,,,,,,,,,,,,,1,"Plzeň, Univerzitní, Lidl Skvrňany",,,,"Plzeň, Univerzitní, Lidl Skvrňany, Česká republika","Univerzitní, Lidl Skvrňany, Plzeň, Česká republika"
"Plzeň, V Hliníku 12, Lvíček","Plzeň, V Hliníku 12, Lvíček","Plzeň, V Hliníku 12, Lvíček, Česká republika",Astip PS 3000/1f-30 minut,Astip PS 3000/1f-30 minut,,,Plzeňský,"jiný majitel,servisuje někdo jiný","jiný majitel,servisuje někdo jiný",,2020-01-20,,Bez termínu,šedá,49.69561,13.42333,OK Mapy.com,,čeká na přesné geokódování,"plzeň, v hliníku 12, lvíček, česká republika",2020-01-20,,,Bez termínu,šedá,2020-01-20 (nezjištěno),Kalendář FZ - 6 měsíců.xlsx,231,2016,,,,Astip PS 3000/1f-30 minut,"Plzeň, V Hliníku 12, Lvíček",,20/20,,,,,,,,,,,,,,,,,,,,,,,,,,,,,,,,,,,,,,,,,,,,,,,,,,,,,,,,,,,,,,,,,,,,,,,,,,,,,,,,,,,,,1,,,,,"Plzeň, V Hliníku 12, Lvíček, Česká republika","Plzeň, V Hliníku 12, Lvíček, Česká republika"
"Plzeň, V Hliníku 1318/12, dětský svět Lvíček","Plzeň, V Hliníku 1318/12, dětský svět Lvíček","dětský svět Lvíček, V Hliníku 1318/12, Plzeň, Česká republika",PS 3kVA/1f-30 minut,PS 3kVA/1f-30 minut,Milan Kojan 604 816 120,Milan Kojan 604 816 120,Plzeňský,3.3.2025 -poslán mail Kojanovi i s nabídkou,3.3.2025 -poslán mail Kojanovi i s nabídkou,2024-11-20,2024-11-20,-530.0,Po termínu,červená,49.69561,13.42333,upraveno - znovu geokódovat,,Adresa automaticky upravena pro Mapy.com; spusť znovu geokodér.,"plzeň, v hliníku 1318/12, dětský svět lvíček, česká republika",2024-11-20,2024-11-20,-530.0,Po termínu,červená,2024-11-20 (plánovaná),"Kalendář FZ - 12 měsíců, 2023.xlsx",320,2016,,,,  PS 3kVA/1f-30 minut,,,,,,,,,,,,,20/24,,,,,,,,,,,,,,,,,,,,,,,,,,,,,,,,,,,,,,,,,,,,,,,,,,,,,,,,,,,,,,,,,,,,,,,,,,,1,"Plzeň, V Hliníku 1318/12, dětský svět Lvíček",,,,"Plzeň, V Hliníku 1318/12, dětský svět Lvíček, Česká republika","dětský svět Lvíček, V Hliníku 1318/12, Plzeň, Česká republika"
"Plzeň, Workpress Aviation","Plzeň, Workpress Aviation","Plzeň, Workpress Aviation, Česká republika",STRONG 3000/3f-60 min,STRONG 3000/3f-60 min,,,Plzeňský,????,????,,,,Bez termínu,šedá,49.73038,13.355,OK Mapy.com,,čeká na přesné geokódování,"plzeň, workpress aviation, česká republika",,,,Bez termínu,šedá,,"Kalendář FZ - 12 měsíců, 2023.xlsx",321,2016,ano,,,STRONG 3000/3f-60 min,,,,,,,,,,,,,,12,,,,,,,,,,,,,,,,,,,,,,,,,,,,,,,,,,,,,,,,,,,,,,,,,,,,,,,,,,,,,,,,,,,,,,,,,,0,"Plzeň, Workpress Aviation",,,,"Plzeň, Workpress Aviation, Česká republika","Plzeň, Workpress Aviation, Česká republika"
"Plzeň, Řenče - sportovní hala","Plzeň, Řenče - sportovní hala","Plzeň, Řenče, sportovní hala, Česká republika",ASTIP STRONG 1 kVA/3F -30 minut,ASTIP STRONG 1 kVA/3F -30 minut,správce 606 526 700,správce 606 526 700,Plzeňský,,,2024-11-21,2024-11-21,-529.0,Po termínu,červená,49.58686,13.43122,OK Mapy.com,,čeká na přesné geokódování,"plzeň, řenče, sportovní hala, česká republika",2024-11-21,2024-11-21,-529.0,Po termínu,červená,2024-11-21 (plánovaná),"Kalendář FZ - 12 měsíců, 2023.xlsx",313,2020,,,,ASTIP STRONG 1 kVA/3F -30 minut,,,,,,,,,,,,,21/24,,,,,,,,,,,,,,,,,,,,,,,,,,,,,,,,,,,,,,,,,,,,,,,,,,,,,,,,,,,,,,,,,,,,,,,,,,,1,"Plzeň, Řenče - sportovní hala",,,,"Plzeň, Řenče, sportovní hala, Česká republika","Plzeň, Řenče, sportovní hala, Česká republika"
"Poděbrady,  Lázeňská 5, Hotel & Spa Chariclea","Poděbrady,  Lázeňská 5, Hotel & Spa Chariclea","Hotel & Spa Chariclea, Lázeňská 5, Poděbrady, Česká republika",ASTIP LIFTBACK 50kVA/20kVA/3F -30 minut,ASTIP LIFTBACK 50kVA/20kVA/3F -30 minut,Bc. Vojta 603 488 666,Bc. Vojta 603 488 666,Středočeský,,,2025-05-29,2025-05-29,-340.0,Po termínu,červená,50.14449,15.12086,upraveno - znovu geokódovat,,Adresa automaticky upravena pro Mapy.com; spusť znovu geokodér.,"poděbrady, lázeňská 5, hotel & spa chariclea, česká republika",2025-05-29,2025-05-29,-340.0,Po termínu,červená,2025-05-29 (plánovaná),Kalendář FZ - 6 měsíců.xlsx,232,2022,,,Bc. Vojta 603 488 666,ASTIP LIFTBACK 50kVA/20kVA/3F -30 minut,"Poděbrady,  Lázeňská 5, Hotel & Spa Chariclea",,,,,,29/25,,,,,,,,,,,,,,,,,,,,,,,,,,,,,,,,,,,,,,,,,,,,,,,,,,,,,,,,,,,,,,,,,,,,,,,,,,,,,,,,,1,,,,,"Poděbrady, Lázeňská 5, Hotel & Spa Chariclea, Česká republika","Hotel & Spa Chariclea, Lázeňská 5, Poděbrady, Česká republika"
"Poděbrady, nám. Jiřího 39/1, Hotel Libenský","Poděbrady, nám. Jiřího 39/1, Hotel Libenský","Hotel Libenský, nám. Jiřího 39/1, Poděbrady, Česká republika",2 x ASTIP PS 10kVA/3F-45 minut,2 x ASTIP PS 10kVA/3F-45 minut,Berger 724 172 331,Berger 724 172 331,Středočeský,,,2026-03-26,2026-03-26,-39.0,Po termínu,červená,50.14271,15.11663,upraveno - znovu geokódovat,,Adresa automaticky upravena pro Mapy.com; spusť znovu geokodér.,"poděbrady, nám. jiřího 39/1, hotel libenský, česká republika",2026-03-26,2026-03-26,-39.0,Po termínu,červená,2026-03-26 (plánovaná),Kalendář FZ - 6 měsíců.xlsx,233,2015,,,Berger 724 172 331,2 x ASTIP PS 10kVA/3F-45 minut,"Poděbrady, nám. Jiřího 39/1, Hotel Libenský",,,,26/26,,,,,,,,,,,,,,,,,,,,,,,,,,,,,,,,,,,,,,,,,,,,,,,,,,,,,,,,,,,,,,,,,,,,,,,,,,,,,,,,,,,1,,,,,"Poděbrady, nám. Jiřího 39/1, Hotel Libenský, Česká republika","Hotel Libenský, nám. Jiřího 39/1, Poděbrady, Česká republika"
"Poděbrady, Tyršova 1359, DPS Luxor","Poděbrady, Tyršova 1359, DPS Luxor","DPS Luxor, Tyršova 1359, Poděbrady, Česká republika",ASTIP PS 15kVA/3F-45 minut,ASTIP PS 15kVA/3F-45 minut,paní Hladká 607 520 135,paní Hladká 607 520 135,Středočeský,,,2026-08-26,2026-02-26,114.0,Více než 60 dnů,zelená,50.14633,15.12291,upraveno - znovu geokódovat,,Adresa automaticky upravena pro Mapy.com; spusť znovu geokodér.,"poděbrady, tyršova 1359, dps luxor, česká republika",2026-02-26,2026-08-26,114.0,Více než 60 dnů,zelená,2026-02-26 (proběhlá); 2026-08-26 (plánovaná),Kalendář FZ - 6 měsíců.xlsx,234,2021,,,paní Hladká 607 520 135,ASTIP PS 15kVA/3F-45 minut,"Poděbrady, Tyršova 1359, DPS Luxor",,,26/26,,,,,,26/26,,,,,,,,,,,,,,,,,,,,,,,,,,,,,,,,,,,,,,,,,,,,,,,,,,,,,,,,,,,,,,,,,,,,,,,,,,,,,,2,,,,,"Poděbrady, Tyršova 1359, DPS Luxor, Česká republika","DPS Luxor, Tyršova 1359, Poděbrady, Česká republika"
"Poděbrady, Za nádražím 58, BD","Poděbrady, Za nádražím 58, BD","BD, Za nádražím 58, Poděbrady, Česká republika",ASTIP STRONG 10kVA/3F -45 minut,ASTIP STRONG 10kVA/3F -45 minut,Herčík 775 662 749,Herčík 775 662 749,,,,2026-11-11,,191.0,Více než 60 dnů,zelená,50.1511,15.12365,upraveno - znovu geokódovat,,Adresa automaticky upravena pro Mapy.com; spusť znovu geokodér.,"poděbrady, za nádražím 58, bd, česká republika",,2026-11-11,191.0,Více než 60 dnů,zelená,2026-11-11 (plánovaná),"Kalendář FZ - 12 měsíců, 2023.xlsx",322,2023,,,,ASTIP STRONG 10kVA/3F -45 minut,,,,,,,,,,,,,11/26,,,,,,,,,,,,,,,,,,,,,,,,,,,,,,,,,,,,,,,,,,,,,,,,,,,,,,,,,,,,,,,,,,,,,,,,,,,1,"Poděbrady, Za nádražím 58, BD",,,,"Poděbrady, Za nádražím 58, BD, Česká republika","BD, Za nádražím 58, Poděbrady, Česká republika"
"Polkovice 198, Farpol s.r.o","Polkovice 198, Farpol s.r.o","Polkovice 198, Farpol s.r.o, Česká republika",STRONG 1500/1F -30 min.,STRONG 1500/1F -30 min.,"Petr Hlavinka
+420 736 645 793","Petr Hlavinka
+420 736 645 793",Olomoucký,,,2027-03-10,,310.0,Více než 60 dnů,zelená,49.3932,17.25246,OK Mapy.com,,čeká na přesné geokódování,"polkovice 198, farpol s.r.o, česká republika",,2027-03-10,310.0,Více než 60 dnů,zelená,2027-03-10 (plánovaná),"Kalendář FZ - 12 měsíců, 2023.xlsx",323,2019,,,,STRONG 1500/1F -30 min.,,,,,10/27,,,,,,,,,,,,,,,,,,,,,,,,,,,,,,,,,,,,,,,,,,,,,,,,,,,,,,,,,,,,,,,,,,,,,,,,,,,,,,,,,,,1,"Polkovice 198, Farpol s.r.o",,,,"Polkovice 198, Farpol s.r.o, Česká republika","Polkovice 198, Farpol s.r.o, Česká republika"
"Polná okr. Jihlava, Malá cihelna, PENNY","Polná okr. Jihlava, Malá cihelna, PENNY","Polná okr. Jihlava, Malá cihelna, PENNY, Česká republika",ASTIP STRONG 33kVA/3kVA/3F-30 minut,ASTIP STRONG 33kVA/3kVA/3F-30 minut,Kundrát 602 174 589,Kundrát 602 174 589,Vysočina,,,2024-09-21,2024-03-21,-590.0,Po termínu,červená,49.48741,15.69661,OK Mapy.com,,čeká na přesné geokódování,"polná okr. jihlava, malá cihelna, penny, česká republika",2024-03-21,2024-09-21,-590.0,Po termínu,červená,2024-03-21 (proběhlá); 2024-09-21 (plánovaná),Kalendář FZ - 6 měsíců.xlsx,235,2023,,,Kundrát 602 174 589,ASTIP STRONG 33kVA/3kVA/3F-30 minut,"Polná okr. Jihlava, Malá cihelna, PENNY",,,,21/24,,,,,,21/24,,,,,,,,,,,,,,,,,,,,,,,,,,,,,,,,,,,,,,,,,,,,,,,,,,,,,,,,,,,,,,,,,,,,,,,,,,,,,2,,,,,"Polná okr. Jihlava, Malá cihelna, PENNY, Česká republika","Polná okr. Jihlava, Malá cihelna, PENNY, Česká republika"
"Pomezí nad Ohří 55 , Casino","Pomezí nad Ohří 55 , Casino","Pomezí nad Ohří 55, Casino, Česká republika","ASTIP STRONG 30/10kVA/3F-30,45 minut","ASTIP STRONG 30/10kVA/3F-30,45 minut","Kontaktní osoba: Tomáš Vafek, mob.774 423 646","Kontaktní osoba: Tomáš Vafek, mob.774 423 646",,,,2027-04-15,,346.0,Více než 60 dnů,zelená,50.08695,12.26078,OK Mapy.com,,čeká na přesné geokódování,"pomezí nad ohří 55, casino, česká republika",,2027-04-15,346.0,Více než 60 dnů,zelená,2027-04-15 (plánovaná),"Kalendář FZ - 12 měsíců, 2023.xlsx",324,2023,,,,"ASTIP STRONG 30/10kVA/3F-30,45 minut",,,,,,15/27,,,,,,,,,,,,,,,,,,,,,,,,,,,,,,,,,,,,,,,,,,,,,,,,,,,,,,,,,,,,,,,,,,,,,,,,,,,,,,,,,,1,"Pomezí nad Ohří 55 , Casino",,,,"Pomezí nad Ohří 55, Casino, Česká republika","Pomezí nad Ohří 55, Casino, Česká republika"
"Poprad, Slovenského odboja, Karpatská rezidence","Poprad, Slovenského odboja, Karpatská rezidence","Slovenského odboja, Karpatská rezidence, Poprad, Slovensko",ASTIP STRONG LIFTBACK 100kVA/3F -45 minut,ASTIP STRONG LIFTBACK 100kVA/3F -45 minut,Ivana Gräczer +421 2 436 300 44,Ivana Gräczer +421 2 436 300 44,Slovensko,,,2027-03-20,,320.0,Více než 60 dnů,zelená,49.0578,20.28949,upraveno - znovu geokódovat,,Adresa automaticky upravena pro Mapy.com; spusť znovu geokodér.,"poprad, slovenského odboja, karpatská rezidence, slovensko",,2027-03-20,320.0,Více než 60 dnů,zelená,2027-03-20 (plánovaná),"Kalendář FZ - 12 měsíců, 2023.xlsx",326,2023,ano,ano,,ASTIP STRONG LIFTBACK 100kVA/3F -45 minut,,,,,20/27,,,,,,,,,,,,,,,,,,,,,,,,,,,,,,,,,,,,,,,,,,,,,,,,,,,,,,,,,,,,,,,,,,,,,,,,,,,,,,,,,,,1,"Poprad, Slovenského odboja, Karpatská rezidence",,,,"Poprad, Slovenského odboja, Karpatská rezidence, Slovensko","Slovenského odboja, Karpatská rezidence, Poprad, Slovensko"
"Povážská Bystrica, Mpark","Povážská Bystrica, Mpark","Povážská Bystrica, Mpark, Slovensko",PS 3500/3f-60 minut,PS 3500/3f-60 minut,,,Slovensko,26.6.2024- poslán dotaz panu Folvarčíkovi i s nabídkou,26.6.2024- poslán dotaz panu Folvarčíkovi i s nabídkou,,,,Bez termínu,šedá,49.13044,18.42468,OK Mapy.com,,čeká na přesné geokódování,"povážská bystrica, mpark, slovensko",,,,Bez termínu,šedá,,"Kalendář FZ - 12 měsíců, 2023.xlsx",328,2014,,,,  PS 3500/3f-60 minut,,,,,,,,,,"MOB, SS",,16-SS,,,,,,,,,,,,,,,,,,,,,,,,,,,,,,,,,,,,,,,,,,,,,,,,,,,,,,,,,,,,,,,,,,,,,,,,,,,,0,"Povážská Bystrica, Mpark",,,,"Povážská Bystrica, Mpark, Slovensko","Povážská Bystrica, Mpark, Slovensko"
"Poříčí nad Sázavou, parc. č. 190-71, hala H1 + H2","Poříčí nad Sázavou, parc. č. 190-71, hala H1 + H2","parc. č. 190-71, parc. č. 190-71, Česká republika",ASTIP STRONG 1500VA + 2000VA,ASTIP STRONG 1500VA + 2000VA,"Radek Havlík, mob.: 602 297 255","Radek Havlík, mob.: 602 297 255",,,,2027-04-08,,339.0,Více než 60 dnů,zelená,49.83895,14.67446,OK final,,"Dotaz zjednodušen na ulici/číslo + město + ČR/SR, bez názvů objektů.","poříčí nad sázavou, parc. č. 190-71, hala h1 + h2, česká republika",,2027-04-08,339.0,Více než 60 dnů,zelená,2027-04-08 (plánovaná),"Kalendář FZ - 12 měsíců, 2023.xlsx",327,2025,,ano,,ASTIP STRONG 1500VA + 2000VA,,,,,,8/27,,,,,,,,,,,,,,,,,,,,,,,,,,,,,,,,,,,,,,,,,,,,,,,,,,,,,,,,,,,,,,,,,,,,,,,,,,,,,,,,,,1,"Poříčí nad Sázavou, parc. č. 190-71, hala H1 + H2",,,,"Poříčí nad Sázavou, parc. č. 190-71, hala H1 + H2, Česká republika","parc. č. 190-71, Poříčí nad Sázavou, Česká republika"
"Praha 10, BD u Hranic","Praha 10, BD u Hranic","Praha 10, BD u Hranic, Česká republika",PS LiftBack 75 kVA/3F -60 minut,PS LiftBack 75 kVA/3F -60 minut,Dvořák  731 121 070,Dvořák  731 121 070,Praha,tak je zprovozněno jinou firmou…..nabízím mu aspoň servis 4.3.2025 -poslán dotaz gregarovi,tak je zprovozněno jinou firmou…..nabízím mu aspoň servis 4.3.2025 -poslán dotaz gregarovi,,2023-03-29,,Bez termínu,šedá,50.07402,14.49136,OK Mapy.com,,čeká na přesné geokódování,"praha 10, bd u hranic, česká republika",2023-03-29,,,Bez termínu,šedá,2023-03-29 (nezjištěno),"Kalendář FZ - 12 měsíců, 2023.xlsx",329,2017,ano,ano,,PS LiftBack 75 kVA/3F -60 minut,,,,,29/23,,,,,,,,,,,,,,,,,,,,,,,,,,,,,,,,,,,,,,,,,,,,,,,,,,,,,,,,,,,,,,,,,,,,,,,,,,,,,,,,,,,1,"Praha 10, BD u Hranic",,,,"Praha 10, BD u Hranic, Česká republika","Praha 10, BD u Hranic, Česká republika"
"Praha 10, Ramonova 3466, BD Hagibor","Praha 10, Ramonova 3466, BD Hagibor","BD Hagibor, Praha 10, Česká republika",ASTIP STRONG 150kVA/3F -60 minut,ASTIP STRONG 150kVA/3F -60 minut,Gregar 777 327 401,Gregar 777 327 401,Praha,hlídáme taky revize,hlídáme taky revize,2027-04-09,,340.0,Více než 60 dnů,zelená,50.07949,14.48447,upraveno - znovu geokódovat,,Adresa automaticky upravena pro Mapy.com; spusť znovu geokodér.,"praha 10, ramonova 3466, bd hagibor, česká republika",,2027-04-09,340.0,Více než 60 dnů,zelená,2027-04-09 (plánovaná),"Kalendář FZ - 12 měsíců, 2023.xlsx",330,2022,ano,ano,,ASTIP STRONG 150kVA/3F -60 minut,,,,,,9/27,,,,,,,,,,,,,,,,,,,,,,,,,,,,,,,,,,,,,,,,,,,,,,,,,,,,,,,,,,,,,,,,,,,,,,,,,,,,,,,,,,1,"Praha 10, Ramonova 3466, BD Hagibor",,,,"Praha 10, Ramonova 3466, BD Hagibor, Česká republika","BD Hagibor, Praha 10, Česká republika"
"Praha, 17. Listopadu 2_2, ÚMPRUM","Praha, 17. Listopadu 2_2, ÚMPRUM","Praha, 17. Listopadu 2/2, ÚMPRUM, Česká republika",ELSTON STRONG 500/1F/4C/1H,ELSTON STRONG 500/1F/4C/1H,Lewinger 771 517 505,Lewinger 771 517 505,Praha,,,2026-04-09,2026-04-09,-25.0,Po termínu,červená,50.08993,14.41631,OK Mapy.com,,čeká na přesné geokódování,"praha, 17. listopadu 2/2, úmprum, česká republika",2026-04-09,2026-04-09,-25.0,Po termínu,červená,2026-04-09 (plánovaná),Kalendář FZ - 6 měsíců.xlsx,236,2017,,,Lewinger 771 517 505,ELSTON STRONG 500/1F/4C/1H,"Praha, 17. Listopadu 2_2, ÚMPRUM",,,,,9/26,,,,,,,,,,,,,,,,,,,,,,,,,,,,,,,,,,,,,,,,,,,,,,,,,,,,,,,,,,,,,,,,,,,,,,,,,,,,,,,,,,1,,,,,"Praha, 17. Listopadu 2/2, ÚMPRUM, Česká republika","Praha, 17. Listopadu 2/2, ÚMPRUM, Česká republika"
"Praha, Akáciová 2, BD","Praha, Akáciová 2, BD","BD, Akáciová 2, Praha, Česká republika",ASTIP STRONG 2000VA/1F-45 minut,ASTIP STRONG 2000VA/1F-45 minut,Janeček 736 611 796,Janeček 736 611 796,Praha,,,2026-06-25,,52.0,30–60 dnů,žlutá,50.07307,14.35968,upraveno - znovu geokódovat,,Adresa automaticky upravena pro Mapy.com; spusť znovu geokodér.,"praha, akáciová 2, bd, česká republika",,2026-06-25,52.0,30–60 dnů,žlutá,2026-06-25 (plánovaná),"Kalendář FZ - 12 měsíců, 2023.xlsx",331,2024,,,,ASTIP STRONG 2000VA/1F-45 minut,,,,,,,,25/26,,,,,,,,,,,,,,,,,,,,,,,,,,,,,,,,,,,,,,,,,,,,,,,,,,,,,,,,,,,,,,,,,,,,,,,,,,,,,,,,1,"Praha, Akáciová 2, BD",,,,"Praha, Akáciová 2, BD, Česká republika","BD, Akáciová 2, Praha, Česká republika"
"Praha, Anny Čížkové, BD","Praha, Anny Čížkové, BD","Anny Čížkové, BD, Praha, Česká republika",ASTIP STRONG 10kVA/3kVA/3F -10 minut,ASTIP STRONG 10kVA/3kVA/3F -10 minut,Nikola Pajerová 777 355 757,Nikola Pajerová 777 355 757,Praha,,,2026-04-14,2026-04-14,-20.0,Po termínu,červená,50.10495,14.53302,upraveno - znovu geokódovat,,Adresa automaticky upravena pro Mapy.com; spusť znovu geokodér.,"praha, anny čížkové, bd, česká republika",2026-04-14,2026-04-14,-20.0,Po termínu,červená,2026-04-14 (plánovaná),"Kalendář FZ - 12 měsíců, 2023.xlsx",332,2022,,,,ASTIP STRONG 10kVA/3kVA/3F -10 minut,,,,,,14/26,,,,,,,,,,,,,,,,,,,,,,,,,,,,,,,,,,,,,,,,,,,,,,,,,,,,,,,,,,,,,,,,,,,,,,,,,,,,,,,,,,1,"Praha, Anny Čížkové, BD",,,,"Praha, Anny Čížkové, BD, Česká republika","Anny Čížkové, BD, Praha, Česká republika"
"Praha, Baarové 1, Kaskády Barrandov","Praha, Baarové 1, Kaskády Barrandov","Praha, Baarové 1, Kaskády Barrandov, Česká republika",ASTIP STRONG 104kVA/10kVA/3F -45 minut,ASTIP STRONG 104kVA/10kVA/3F -45 minut,,,Praha,"původně měli ve správě uldrich, k 31.5.2026, ukončili smlouvu o kontrolní činnosti…","původně měli ve správě uldrich, k 31.5.2026, ukončili smlouvu o kontrolní činnosti…",2026-12-10,,220.0,Více než 60 dnů,zelená,50.03036,14.36039,OK Mapy.com,,čeká na přesné geokódování,"praha, baarové 1, kaskády barrandov, česká republika",,2026-12-10,220.0,Více než 60 dnů,zelená,2026-12-10 (plánovaná),"Kalendář FZ - 12 měsíců, 2023.xlsx",333,2023,,poznámka,,ASTIP STRONG 104kVA/10kVA/3F -45 minut,,,,,,,,,,,,,,10/26,,,,,,,,,,,,,,,,,,,,,,,,,,,,,,,,,,,,,,,,,,,,,,,,,,,,,,,,,,,,,,,,,,,,,,,,,,1,"Praha, Baarové 1, Kaskády Barrandov",,,,"Praha, Baarové 1, Kaskády Barrandov, Česká republika","Praha, Baarové 1, Kaskády Barrandov, Česká republika"
"Praha, Belgická 10, CITY BELL","Praha, Belgická 10, CITY BELL","Praha, Belgická 10, CITY BELL, Česká republika",STRONG 4kVA +PS 10 kVA,STRONG 4kVA +PS 10 kVA,Huňáček 777 73 61 25,Huňáček 777 73 61 25,Praha,,,,2025-07-07,,Bez termínu,šedá,50.07166,14.43665,OK Mapy.com,,čeká na přesné geokódování,"praha, belgická 10, city bell, česká republika",2025-07-07,,,Bez termínu,šedá,2025-07-07 (nezjištěno),Kalendář FZ - 6 měsíců.xlsx,238,2020.2019,ano,,Huňáček 777 73 61 25,STRONG 4kVA +PS 10 kVA,"Praha, Belgická 10, CITY BELL",,,,,,,,7/25,,,,,,,,,,,,,,,,,,,,,,,,,,,,,,,,,,,,,,,,,,,,,,,,,,,,,,,,,,,,,,,,,,,,,,,,,,,,,,,1,,,,,"Praha, Belgická 10, CITY BELL, Česká republika","Praha, Belgická 10, CITY BELL, Česká republika"
"Praha, Bolevecká 474","Praha, Bolevecká 474","Praha, Bolevecká 474, Česká republika",ASTIP PS 15kVA/3F -45 minut,ASTIP PS 15kVA/3F -45 minut,Kop 734 767 594,Kop 734 767 594,Praha,"2026-pozor, střídač se nevyměnil, zákazní myslí, že ano…držíme tedy 2 roky záruku…","2026-pozor, střídač se nevyměnil, zákazní myslí, že ano…držíme tedy 2 roky záruku…",2027-02-26,,298.0,Více než 60 dnů,zelená,50.0421,14.55736,OK Mapy.com,,čeká na přesné geokódování,"praha, bolevecká 474, česká republika",,2027-02-26,298.0,Více než 60 dnů,zelená,2027-02-26 (plánovaná),"Kalendář FZ - 12 měsíců, 2023.xlsx",336,2017,,,,ASTIP PS 15kVA/3F -45 minut,,,,26/27,,,,,,,,,,,,,,,,,,,,,,,,,,,,,,,,,,,,,,,,,,,,,,,,,,,,,,,,,,,,,,,,,,,,,,,,,,,,,,,,,,,,1,"Praha, Bolevecká 474",,,,"Praha, Bolevecká 474, Česká republika","Praha, Bolevecká 474, Česká republika"
"Praha, Branická 65/46, DPS","Praha, Branická 65/46, DPS","Praha, Branická 65/46, DPS, Česká republika",ASTIP PS 15kVA/3F-45 minut,ASTIP PS 15kVA/3F-45 minut,Martin Svoboda 778 888 373,Martin Svoboda 778 888 373,Praha,,,2026-07-22,2026-01-22,79.0,Více než 60 dnů,zelená,50.03634,14.41262,OK Mapy.com,,čeká na přesné geokódování,"praha, branická 65/46, dps, česká republika",2026-01-22,2026-07-22,79.0,Více než 60 dnů,zelená,2026-01-22 (proběhlá); 2026-07-22 (plánovaná),Kalendář FZ - 6 měsíců.xlsx,241,2022,,,Martin Svoboda 778 888 373,ASTIP PS 15kVA/3F-45 minut,"Praha, Branická 65/46, DPS",,22/26,,,,,,22/26,,,,,,,,,,,,,,,,,,,,,,,,,,,,,,,,,,,,,,,,,,,,,,,,,,,,,,,,,,,,,,,,,,,,,,,,,,,,,,,2,,,,,"Praha, Branická 65/46, DPS, Česká republika","Praha, Branická 65/46, DPS, Česká republika"
"Praha, Breitfeldova 704_1 BD - PORT KAROLINA C","Praha, Breitfeldova 704_1 BD - PORT KAROLINA C","Breitfeldova 704/1 BD, PORT KAROLINA C, Česká republika",ASTIP STRONG 20kVA/3F-45 minut,ASTIP STRONG 20kVA/3F-45 minut,"pan Šrepl AVEMA - správa nemovitostí
727 875 750
Domovnk objektu - pan Borovička    602 143 824","pan Šrepl AVEMA - správa nemovitostí
727 875 750
Domovnk objektu - pan Borovička    602 143 824",Praha,,,2027-04-22,,353.0,Více než 60 dnů,zelená,,,zjednodušeno - geokódovat znovu,,"Dotaz zjednodušen na ulici/číslo + město + ČR/SR, bez názvů objektů.","praha, breitfeldova 704/1 bd, port karolina c, česká republika",,2027-04-22,353.0,Více než 60 dnů,zelená,2027-04-22 (plánovaná),"Kalendář FZ - 12 měsíců, 2023.xlsx",515,2020,,,,ASTIP STRONG 20kVA/3F-45 minut,,,,,,22/27-Breitf. 704/1,,,,,,,,,,,,,,,,,,,,,,,,,,,,,,,,,,,,,,,,,,,,,,,,,,,,,,,,,,,,,,,,,,,,,,,,,,,,,,,,,,1,"Praha, Breitfeldova 704_1 BD - PORT KAROLINA C",,,,"Praha, Breitfeldova 704/1 BD, PORT KAROLINA C, Česká republika","PORT KAROLINA C, Breitfeldova 704/1 BD, Praha, Česká republika"
"Praha, Budínova 2, protialkoholní záchytka, Bulovka","Praha, Budínova 2, protialkoholní záchytka, Bulovka","Praha, Budínova 2, protialkoholní záchytka, Bulovka, Česká republika",ASTIP STRONG 20kVA/3F -45 minut,ASTIP STRONG 20kVA/3F -45 minut,Petr Křivánek 602 220 435,Petr Křivánek 602 220 435,Praha,,,2026-09-25,2026-03-25,144.0,Více než 60 dnů,zelená,50.11538,14.46408,OK Mapy.com,,čeká na přesné geokódování,"praha, budínova 2, protialkoholní záchytka, bulovka, česká republika",2026-03-25,2026-09-25,144.0,Více než 60 dnů,zelená,2026-03-25 (proběhlá); 2026-09-25 (plánovaná),Kalendář FZ - 6 měsíců.xlsx,242,2020,ano,ano,Petr Křivánek 602 220 435,ASTIP STRONG 20kVA/3F -45 minut,"Praha, Budínova 2, protialkoholní záchytka, Bulovka",,,,25/26,,,,,,25/26,,,,,,,,,,,,,,,,,,,,,,,,,,,,,,,,,,,,,,,,,,,,,,,,,,,,,,,,,,,,,,,,,,,,,,,,,,,,,2,,,,,"Praha, Budínova 2, protialkoholní záchytka, Bulovka, Česká republika","Praha, Budínova 2, protialkoholní záchytka, Bulovka, Česká republika"
"Praha, Bělohorská 107, hotel Valcha","Praha, Bělohorská 107, hotel Valcha","Praha, Bělohorská 107, hotel Valcha, Česká republika",PS LiftBack 10 000/3f – 45min.,PS LiftBack 10 000/3f – 45min.,Aleš Malina - 777 250 283,Aleš Malina - 777 250 283,Praha,"hurá …máme objednávku 18.6.2024 -má ještě hotel Avion, tam jsme dodali zdroj v dubnu, posílám aktualizaci CN","hurá …máme objednávku 18.6.2024 -má ještě hotel Avion, tam jsme dodali zdroj v dubnu, posílám aktualizaci CN",2026-07-08,2026-01-08,65.0,Více než 60 dnů,zelená,50.08383,14.36562,OK Mapy.com,,čeká na přesné geokódování,"praha, bělohorská 107, hotel valcha, česká republika",2026-01-08,2026-07-08,65.0,Více než 60 dnů,zelená,2026-01-08 (proběhlá); 2026-07-08 (plánovaná),Kalendář FZ - 6 měsíců.xlsx,239,2018,ano,,Aleš Malina - 777 250 283,PS LiftBack 10 000/3f – 45min.,"Praha, Bělohorská 107, hotel Valcha",,8/26,,,,,,8/26,,,,,,,,,,,,,,,,,,,,,,,,,,,,,,,,,,,,,,,,,,,,,,,,,,,,,,,,,,,,,,,,,,,,,,,,,,,,,,,2,,,,,"Praha, Bělohorská 107, hotel Valcha, Česká republika","Praha, Bělohorská 107, hotel Valcha, Česká republika"
"Praha, Bělohorská 50","Praha, Bělohorská 50","Praha, Bělohorská 50, Česká republika",STRONG 20 000/3f - 45min.,STRONG 20 000/3f - 45min.,Bauman - 731 956 325,Bauman - 731 956 325,Praha,,,2026-08-19,2026-02-19,107.0,Více než 60 dnů,zelená,50.08478,14.37611,OK Mapy.com,,čeká na přesné geokódování,"praha, bělohorská 50, česká republika",2026-02-19,2026-08-19,107.0,Více než 60 dnů,zelená,2026-02-19 (proběhlá); 2026-08-19 (plánovaná),Kalendář FZ - 6 měsíců.xlsx,240,2018,,,Bauman - 731 956 325,STRONG 20 000/3f - 45min.,"Praha, Bělohorská 50",,,19/26,,,,,,19/26,,,,,,,,,,,,,,,,,,,,,,,,,,,,,,,,,,,,,,,,,,,,,,,,,,,,,,,,,,,,,,,,,,,,,,,,,,,,,,2,,,,,"Praha, Bělohorská 50, Česká republika","Praha, Bělohorská 50, Česká republika"
"Praha, Březinova","Praha, Březinova","Praha, Březinova, Česká republika",PS 2000/3f-10 minut,PS 2000/3f-10 minut,,,Praha,,,,,,Bez termínu,šedá,50.09361,14.45642,OK Mapy.com,,čeká na přesné geokódování,"praha, březinova, česká republika",,,,Bez termínu,šedá,,"Kalendář FZ - 12 měsíců, 2023.xlsx",337,2016,,,,  PS 2000/3f-10 minut,,,,,23,,,,,,,,,,,,,,,,,,,,,,,,,,,,,,,,,,,,,,,,,,,,,,,,,,,,,,,,,,,,,,,,,,,,,,,,,,,,,,,,,,,0,"Praha, Březinova",,,,"Praha, Březinova, Česká republika","Praha, Březinova, Česká republika"
"Praha, Chlumecká, FLEXI PARK","Praha, Chlumecká, FLEXI PARK","Praha, Chlumecká, FLEXI PARK, Česká republika",ASTIP STRONG 50kVA/5kVA/3F-60 minut,ASTIP STRONG 50kVA/5kVA/3F-60 minut,Jana Naušová 602 305 888,Jana Naušová 602 305 888,Praha,,,2026-08-05,2026-02-05,93.0,Více než 60 dnů,zelená,50.11157,14.58513,OK Mapy.com,,čeká na přesné geokódování,"praha, chlumecká, flexi park, česká republika",2026-02-05,2026-08-05,93.0,Více než 60 dnů,zelená,2026-02-05 (proběhlá); 2026-08-05 (plánovaná),Kalendář FZ - 6 měsíců.xlsx,250,2023,ano,,Jana Naušová 602 305 888,ASTIP STRONG 50kVA/5kVA/3F-60 minut,"Praha, Chlumecká, FLEXI PARK",,,5/26,,,,,,5/26,,,,,,,,,,,,,,,,,,,,,,,,,,,,,,,,,,,,,,,,,,,,,,,,,,,,,,,,,,,,,,,,,,,,,,,,,,,,,,2,,,,,"Praha, Chlumecká, FLEXI PARK, Česká republika","Praha, Chlumecká, FLEXI PARK, Česká republika"
"Praha, Chlumova 3, BD","Praha, Chlumova 3, BD","BD, Chlumova 3, Praha, Česká republika",ASTIP SRONG 3000VA/3F/45 min,ASTIP SRONG 3000VA/3F/45 min,Ing. Hošnová 605 707 014,Ing. Hošnová 605 707 014,Praha,,,2026-03-13,2026-03-13,-52.0,Po termínu,červená,49.40195,15.58679,upraveno - znovu geokódovat,,Adresa automaticky upravena pro Mapy.com; spusť znovu geokodér.,"praha, chlumova 3, bd, česká republika",2026-03-13,2026-03-13,-52.0,Po termínu,červená,2026-03-13 (plánovaná),"Kalendář FZ - 12 měsíců, 2023.xlsx",372,2024,ano,,,ASTIP SRONG 3000VA/3F/45 min,,,,,13/26,,,,,,,,,,,,,,,,,,,,,,,,,,,,,,,,,,,,,,,,,,,,,,,,,,,,,,,,,,,,,,,,,,,,,,,,,,,,,,,,,,,1,"Praha, Chlumova 3, BD",,,,"Praha, Chlumova 3, BD, Česká republika","BD, Chlumova 3, Praha, Česká republika"
"Praha, Choceradská 2, BD","Praha, Choceradská 2, BD","BD, Choceradská 2, Praha, Česká republika",STRONG 15 kVA + 5 kVA,STRONG 15 kVA + 5 kVA,Koura 725 406 407,Koura 725 406 407,Praha,,,2027-04-14,,345.0,Více než 60 dnů,zelená,50.04329,14.49036,upraveno - znovu geokódovat,,Adresa automaticky upravena pro Mapy.com; spusť znovu geokodér.,"praha, choceradská 2, bd, česká republika",,2027-04-14,345.0,Více než 60 dnů,zelená,2027-04-14 (plánovaná),"Kalendář FZ - 12 měsíců, 2023.xlsx",373,2021,ano,ano,,STRONG 15 kVA + 5 kVA,,,,,,14/27,,,,,,,,,,,,,,,,,,,,,,,,,,,,,,,,,,,,,,,,,,,,,,,,,,,,,,,,,,,,,,,,,,,,,,,,,,,,,,,,,,1,"Praha, Choceradská 2, BD",,,,"Praha, Choceradská 2, BD, Česká republika","BD, Choceradská 2, Praha, Česká republika"
"Praha, Chudenická 1062","Praha, Chudenická 1062","Praha, Chudenická 1062, Česká republika",PS 2000/3f-45 minut,PS 2000/3f-45 minut,Antonín Čepela - 777 800 262,Antonín Čepela - 777 800 262,Praha,,,2026-10-14,,163.0,Více než 60 dnů,zelená,50.04677,14.51968,OK Mapy.com,,čeká na přesné geokódování,"praha, chudenická 1062, česká republika",,2026-10-14,163.0,Více než 60 dnů,zelená,2026-10-14 (plánovaná),"Kalendář FZ - 12 měsíců, 2023.xlsx",374,"2013, nově 2024",,,,  PS 2000/3f-45 minut,,,,,,,,,,,,14/26,,,,,,,,,,,,,,,,,,,,,,,,,,,,,,,,,,,,,,,,,,,,,,,,,,,,,,,,,,,,,,,,,,,,,,,,,,,,1,"Praha, Chudenická 1062",,,,"Praha, Chudenická 1062, Česká republika","Praha, Chudenická 1062, Česká republika"
"Praha, Dalimilova 7, BD","Praha, Dalimilova 7, BD","BD, Dalimilova 7, Praha, Česká republika",ASTIP STRONG 1000/1F -10 minut,ASTIP STRONG 1000/1F -10 minut,Hanousková 724 258 954,Hanousková 724 258 954,Praha,,,2026-11-18,,198.0,Více než 60 dnů,zelená,50.08614,14.44901,upraveno - znovu geokódovat,,Adresa automaticky upravena pro Mapy.com; spusť znovu geokodér.,"praha, dalimilova 7, bd, česká republika",,2026-11-18,198.0,Více než 60 dnů,zelená,2026-11-18 (plánovaná),"Kalendář FZ - 12 měsíců, 2023.xlsx",342,2022,,,,ASTIP STRONG 1000/1F -10 minut,,,,,,,,,,,,,18/26,,,,,,,,,,,,,,,,,,,,,,,,,,,,,,,,,,,,,,,,,,,,,,,,,,,,,,,,,,,,,,,,,,,,,,,,,,,1,"Praha, Dalimilova 7, BD",,,,"Praha, Dalimilova 7, BD, Česká republika","BD, Dalimilova 7, Praha, Česká republika"
"Praha, Dobratická 525, ZŠ Tupolevova","Praha, Dobratická 525, ZŠ Tupolevova","Praha, Dobratická 525, ZŠ Tupolevova, Česká republika",ASTIP STRONG 5 000/3f-30 min,ASTIP STRONG 5 000/3f-30 min,školník - 602 129 890,školník - 602 129 890,Praha,hlídat sami kontroly,hlídat sami kontroly,2026-09-03,2026-03-03,122.0,Více než 60 dnů,zelená,50.13058,14.50962,OK Mapy.com,,čeká na přesné geokódování,"praha, dobratická 525, zš tupolevova, česká republika",2026-03-03,2026-09-03,122.0,Více než 60 dnů,zelená,2026-03-03 (proběhlá); 2026-09-03 (plánovaná),Kalendář FZ - 6 měsíců.xlsx,244,"2018, 2023 - nový pajšl",ano,ano,školník - 602 129 890,ASTIP STRONG 5 000/3f-30 min,"Praha, Dobratická 525, ZŠ Tupolevova",,,,3/26,,,,,,3/26,,,,,,,,,,,,,,,,,,,,,,,,,,,,,,,,,,,,,,,,,,,,,,,,,,,,,,,,,,,,,,,,,,,,,,,,,,,,,2,,,,,"Praha, Dobratická 525, ZŠ Tupolevova, Česká republika","Praha, Dobratická 525, ZŠ Tupolevova, Česká republika"
"Praha, Domalípova 1189/01 B - Tesla Hloubětín","Praha, Domalípova 1189/01 B - Tesla Hloubětín","Domalípova 1189/01 B, Tesla Hloubětín, Česká republika",ASTIP STRONG 60/50kVA/3F -45 minut,ASTIP STRONG 60/50kVA/3F -45 minut,"Vedral OptimCare -771 500 078, Technik objektu Urban 778 743 149","Vedral OptimCare -771 500 078, Technik objektu Urban 778 743 149",Praha,,,2026-09-09,,128.0,Více než 60 dnů,zelená,,,zjednodušeno - geokódovat znovu,,"Dotaz zjednodušen na ulici/číslo + město + ČR/SR, bez názvů objektů.","praha, domalípova 1189/01 b, tesla hloubětín, česká republika",,2026-09-09,128.0,Více než 60 dnů,zelená,2026-09-09 (plánovaná),"Kalendář FZ - 12 měsíců, 2023.xlsx",344,2024,,,,ASTIP STRONG 60/50kVA/3F -45 minut,,,,,,,,,,,9/26,,,,,,,,,,,,,,,,,,,,,,,,,,,,,,,,,,,,,,,,,,,,,,,,,,,,,,,,,,,,,,,,,,,,,,,,,,,,,1,"Praha, Domalípova 1189/01 B - Tesla Hloubětín",,,,"Praha, Domalípova 1189/01 B, Tesla Hloubětín, Česká republika","Tesla Hloubětín, Domalípova 1189/01 B, Praha, Česká republika"
"Praha, Domalípova 1189/01 - Tesla Hloubětín","Praha, Domalípova 1189/01 - Tesla Hloubětín","Tesla Hloubětín, Domalípova 1189/01, Praha, Česká republika",ASTIP STRONG Liftback 125kVA/3F -60 minut,ASTIP STRONG Liftback 125kVA/3F -60 minut,"Vedral OptimCare -771 500 078, Technik objektu Urban 778 743 149","Vedral OptimCare -771 500 078, Technik objektu Urban 778 743 149",Praha,,,2026-09-09,,128.0,Více než 60 dnů,zelená,50.10278,14.52505,upraveno - znovu geokódovat,,Adresa automaticky upravena pro Mapy.com; spusť znovu geokodér.,"praha, domalípova 1189/01, tesla hloubětín, česká republika",,2026-09-09,128.0,Více než 60 dnů,zelená,2026-09-09 (plánovaná),"Kalendář FZ - 12 měsíců, 2023.xlsx",345,2024,,,,ASTIP STRONG Liftback 125kVA/3F -60 minut,,,,,,,,,,,9/26,,,,,,,,,,,,,,,,,,,,,,,,,,,,,,,,,,,,,,,,,,,,,,,,,,,,,,,,,,,,,,,,,,,,,,,,,,,,,1,"Praha, Domalípova 1189/01 - Tesla Hloubětín",,,,"Praha, Domalípova 1189/01, Tesla Hloubětín, Česká republika","Tesla Hloubětín, Domalípova 1189/01, Praha, Česká republika"
"Praha, Donská 12, BD","Praha, Donská 12, BD","BD, Donská 12, Praha, Česká republika",ASTIP STRONG 3kVA/3F-45 minut + STRONG 120/1F,ASTIP STRONG 3kVA/3F-45 minut + STRONG 120/1F,Tušová 606 160 326,Tušová 606 160 326,Praha,,,2025-07-25,2025-07-25,-283.0,Po termínu,červená,50.07107,14.44725,upraveno - znovu geokódovat,,Adresa automaticky upravena pro Mapy.com; spusť znovu geokodér.,"praha, donská 12, bd, česká republika",2025-07-25,2025-07-25,-283.0,Po termínu,červená,2025-07-25 (plánovaná),"Kalendář FZ - 12 měsíců, 2023.xlsx",346,2023 + 2024,ano,,,ASTIP STRONG 3kVA/3F-45 minut + STRONG 120/1F,,,,,,,,,25/25,,,,,,,,,,,,,,,,,,,,,,,,,,,,,,,,,,,,,,,,,,,,,,,,,,,,,,,,,,,,,,,,,,,,,,,,,,,,,,,1,"Praha, Donská 12, BD",,,,"Praha, Donská 12, BD, Česká republika","BD, Donská 12, Praha, Česká republika"
"Praha, Dopraváků 749/3, Stiebel Eltron","Praha, Dopraváků 749/3, Stiebel Eltron","Praha, Dopraváků 749/3, Stiebel Eltron, Česká republika",ASTIP STRONG 3kVA/3F-30 minut,ASTIP STRONG 3kVA/3F-30 minut,"Ing. Erik Bóna, 702 290 504","Ing. Erik Bóna, 702 290 504",Praha,"revize je až na říjen, chce ale, abychom ho měsíc dopředu kontaktovali","revize je až na říjen, chce ale, abychom ho měsíc dopředu kontaktovali",2026-09-09,,128.0,Více než 60 dnů,zelená,50.13902,14.45028,OK Mapy.com,,čeká na přesné geokódování,"praha, dopraváků 749/3, stiebel eltron, česká republika",,2026-09-09,128.0,Více než 60 dnů,zelená,2026-09-09 (plánovaná),"Kalendář FZ - 12 měsíců, 2023.xlsx",347,2025,ano,ano,,ASTIP STRONG 3kVA/3F-30 minut,,,,,,,,,,,9/26,,,,,,,,,,,,,,,,,,,,,,,,,,,,,,,,,,,,,,,,,,,,,,,,,,,,,,,,,,,,,,,,,,,,,,,,,,,,,1,"Praha, Dopraváků 749/3, Stiebel Eltron",,,,"Praha, Dopraváků 749/3, Stiebel Eltron, Česká republika","Praha, Dopraváků 749/3, Stiebel Eltron, Česká republika"
"Praha, Drahobejlova 13","Praha, Drahobejlova 13","Praha, Drahobejlova 13, Česká republika",PS 10kVA/3F-10minut + STRONG 5kVA/1F - 15 minut,PS 10kVA/3F-10minut + STRONG 5kVA/1F - 15 minut,"Jiří Karvánek - Tribase, 602 448 924","Jiří Karvánek - Tribase, 602 448 924",Praha,"16.4.2021 -PS 10kVA - STOP STAV, 5 kVA - OK","16.4.2021 -PS 10kVA - STOP STAV, 5 kVA - OK",2022-06-24,2022-06-24,-1410.0,Po termínu,červená,50.10476,14.48669,OK Mapy.com,,čeká na přesné geokódování,"praha, drahobejlova 13, česká republika",2022-06-24,2022-06-24,-1410.0,Po termínu,červená,2022-06-24 (plánovaná),"Kalendář FZ - 12 měsíců, 2023.xlsx",348,2016,,,,PS 10kVA/3F-10minut + STRONG 5kVA/1F - 15 minut,,,,,,,,24/22,,,,,,,,,,,,,,,,,,,,,,,,,,,,,,,,,,,,,,,,,,,,,,,,,,,,,,,,,,,,,,,,,,,,,,,,,,,,,,,,1,"Praha, Drahobejlova 13",,,,"Praha, Drahobejlova 13, Česká republika","Praha, Drahobejlova 13, Česká republika"
"Praha, Drahobejlova 17, hotel Harfa","Praha, Drahobejlova 17, hotel Harfa","Praha, Drahobejlova 17, hotel Harfa, Česká republika",PS 10 kVA/3F -45 minut,PS 10 kVA/3F -45 minut,Kalynchuk - 733 710 333,Kalynchuk - 733 710 333,Praha,"13.3.2025 - posláno znovu 18.6.2024 - poslána CN panu Bagínskému ...5.3.2020 STOP STAV, 16.3.2020 poslaná nabídka na výměnu baterií","13.3.2025 - posláno znovu 18.6.2024 - poslána CN panu Bagínskému ...5.3.2020 STOP STAV, 16.3.2020 poslaná nabídka na výměnu baterií",,,,Bez termínu,šedá,50.10494,14.48723,OK Mapy.com,,čeká na přesné geokódování,"praha, drahobejlova 17, hotel harfa, česká republika",,,,Bez termínu,šedá,,Kalendář FZ - 6 měsíců.xlsx,245,2017,,,Kalynchuk - 733 710 333,PS 10 kVA/3F -45 minut,"Praha, Drahobejlova 17, hotel Harfa",,,,5,,,,,,,,,,,,,,,,,,,,,,,,,,,,,,,,,,,,,,,,,,,,,,,,,,,,,,,,,,,,,,,,,,,,,,,,,,,,,,,,,,,0,,,,,"Praha, Drahobejlova 17, hotel Harfa, Česká republika","Praha, Drahobejlova 17, hotel Harfa, Česká republika"
"Praha, Drnovská, BD","Praha, Drnovská, BD","Drnovská, BD, Praha, Česká republika",ASTIP STRONG 4000VA/1F- 45 minut,ASTIP STRONG 4000VA/1F- 45 minut,Naušová - Uldrich 602 305 888,Naušová - Uldrich 602 305 888,Praha,,,2027-01-22,,263.0,Více než 60 dnů,zelená,50.08399,14.30982,upraveno - znovu geokódovat,,Adresa automaticky upravena pro Mapy.com; spusť znovu geokodér.,"praha, drnovská, bd, česká republika",,2027-01-22,263.0,Více než 60 dnů,zelená,2027-01-22 (plánovaná),"Kalendář FZ - 12 měsíců, 2023.xlsx",349,2025,,,,ASTIP STRONG 4000VA/1F- 45 minut,,,22/27,,,,,,,,,,,,,,,,,,,,,,,,,,,,,,,,,,,,,,,,,,,,,,,,,,,,,,,,,,,,,,,,,,,,,,,,,,,,,,,,,,,,,1,"Praha, Drnovská, BD",,,,"Praha, Drnovská, BD, Česká republika","Drnovská, BD, Praha, Česká republika"
"Praha, Ferrariho 3083, BD","Praha, Ferrariho 3083, BD","BD, Ferrariho 3083, Praha, Česká republika",ASTIP STRONG 30kVA/15kVA/3F-45minut,ASTIP STRONG 30kVA/15kVA/3F-45minut,"Dytrych PPM, 777 364 095","Dytrych PPM, 777 364 095",Praha,,,2026-12-10,,220.0,Více než 60 dnů,zelená,50.04469,14.30318,upraveno - znovu geokódovat,,Adresa automaticky upravena pro Mapy.com; spusť znovu geokodér.,"praha, ferrariho 3083, bd, česká republika",,2026-12-10,220.0,Více než 60 dnů,zelená,2026-12-10 (plánovaná),"Kalendář FZ - 12 měsíců, 2023.xlsx",350,2021,,,,ASTIP STRONG 30kVA/15kVA/3F-45minut,,,,,,,,,,,,,,10/26,,,,,,,,,,,,,,,,,,,,,,,,,,,,,,,,,,,,,,,,,,,,,,,,,,,,,,,,,,,,,,,,,,,,,,,,,,1,"Praha, Ferrariho 3083, BD",,,,"Praha, Ferrariho 3083, BD, Česká republika","BD, Ferrariho 3083, Praha, Česká republika"
"Praha, Ferrariho 3091, BD","Praha, Ferrariho 3091, BD","BD, Ferrariho 3091, Praha, Česká republika",ASTIP STRONG 30kVA/15kVA/3F-45minut,ASTIP STRONG 30kVA/15kVA/3F-45minut,"Dytrych PPM, 777 364 095","Dytrych PPM, 777 364 095",Praha,,,2026-12-10,,220.0,Více než 60 dnů,zelená,50.04449,14.30218,upraveno - znovu geokódovat,,Adresa automaticky upravena pro Mapy.com; spusť znovu geokodér.,"praha, ferrariho 3091, bd, česká republika",,2026-12-10,220.0,Více než 60 dnů,zelená,2026-12-10 (plánovaná),"Kalendář FZ - 12 měsíců, 2023.xlsx",351,2022,,,,ASTIP STRONG 30kVA/15kVA/3F-45minut,,,,,,,,,,,,,,10/26,,,,,,,,,,,,,,,,,,,,,,,,,,,,,,,,,,,,,,,,,,,,,,,,,,,,,,,,,,,,,,,,,,,,,,,,,,1,"Praha, Ferrariho 3091, BD",,,,"Praha, Ferrariho 3091, BD, Česká republika","BD, Ferrariho 3091, Praha, Česká republika"
"Praha, Fikerova 1","Praha, Fikerova 1","Praha, Fikerova 1, Česká republika",PS 40kVA/3f-45 minut,PS 40kVA/3f-45 minut,"Kryštůfek - 734 850 771, Beneš - 777 757 960","Kryštůfek - 734 850 771, Beneš - 777 757 960",Praha,2025 -ta je hotová,2025 -ta je hotová,2026-09-18,,137.0,Více než 60 dnů,zelená,49.99851,14.41011,OK Mapy.com,,čeká na přesné geokódování,"praha, fikerova 1, česká republika",,2026-09-18,137.0,Více než 60 dnů,zelená,2026-09-18 (plánovaná),"Kalendář FZ - 12 měsíců, 2023.xlsx",352,2015,ano,,,  PS 40kVA/3f-45 minut,,,,,,,,,,,18/26,,,,,,,,,,,,,,,,,,,,,,,,,,,,,,,,,,,,,,,,,,,,,,,,,,,,,,,,,,,,,,,,,,,,,,,,,,,,,1,"Praha, Fikerova 1",,,,"Praha, Fikerova 1, Česká republika","Praha, Fikerova 1, Česká republika"
"Praha, FN Motol, UK 2, LF dostavba areálu Plzeňská","Praha, FN Motol, UK 2, LF dostavba areálu Plzeňská","FN Motol, LF dostavba areálu Plzeňská, UK 2, Praha, Česká republika",ASTIP STRONG 3 000/3F -15 minut,ASTIP STRONG 3 000/3F -15 minut,pan Stárek – 608 445 563,pan Stárek – 608 445 563,Praha,,,2023-01-28,2022-07-28,-1192.0,Po termínu,červená,50.07402,14.34099,upraveno - znovu geokódovat,,Adresa automaticky upravena pro Mapy.com; spusť znovu geokodér.,"praha, fn motol, uk 2, lf dostavba areálu plzeňská, česká republika",2022-07-28,2023-01-28,-1192.0,Po termínu,červená,2022-07-28 (proběhlá); 2023-01-28 (plánovaná),Kalendář FZ - 6 měsíců.xlsx,246,2019,,,pan Stárek – 608 445 563,ASTIP STRONG 3 000/3F -15 minut,"Praha, FN Motol, UK 2, LF dostavba areálu Plzeňská",,28/23,,,,,,28/22,,,,,,,,,,,,,,,,,,,,,,,,,,,,,,,,,,,,,,,,,,,,,,,,,,,,,,,,,,,,,,,,,,,,,,,,,,,,,,,2,,,,,"Praha, FN Motol, UK 2, LF dostavba areálu Plzeňská, Česká republika","FN Motol, LF dostavba areálu Plzeňská, UK 2, Praha, Česká republika"
"Praha, Formanská 674, 675","Praha, Formanská 674, 675","Praha, Formanská 674, 675, Česká republika",2 x ASTIP STRONG 1500/1f -15 minut,2 x ASTIP STRONG 1500/1f -15 minut,"Marek Mitáš 721 438 720, Matuška 778 710 504","Marek Mitáš 721 438 720, Matuška 778 710 504",Praha,"2027-nuntá výměna pomocných aku u obou zdrojů 4,5Ah","2027-nuntá výměna pomocných aku u obou zdrojů 4,5Ah",2027-02-19,,291.0,Více než 60 dnů,zelená,50.01841,14.52342,OK Mapy.com,,čeká na přesné geokódování,"praha, formanská 674, 675, česká republika",,2027-02-19,291.0,Více než 60 dnů,zelená,2027-02-19 (plánovaná),"Kalendář FZ - 12 měsíců, 2023.xlsx",353,2022,,poznámka,,2 x ASTIP STRONG 1500/1f -15 minut,,,,19/27,,,,,,,,,,,,,,,,,,,,,,,,,,,,,,,,,,,,,,,,,,,,,,,,,,,,,,,,,,,,,,,,,,,,,,,,,,,,,,,,,,,,1,"Praha, Formanská 674, 675",,,,"Praha, Formanská 674, 675, Česká republika","Praha, Formanská 674, 675, Česká republika"
"Praha, Františka Křížka 22","Praha, Františka Křížka 22","Praha, Františka Křížka 22, Česká republika",PS Lift Back 15 000/3f-45 min.,PS Lift Back 15 000/3f-45 min.,paní Mužíková 603 442 579,paní Mužíková 603 442 579,Praha,,,2021-02-13,2021-02-13,-1906.0,Po termínu,červená,50.09954,14.4306,OK Mapy.com,,čeká na přesné geokódování,"praha, františka křížka 22, česká republika",2021-02-13,2021-02-13,-1906.0,Po termínu,červená,2021-02-13 (plánovaná),Kalendář FZ - 6 měsíců.xlsx,247,2017,,,paní Mužíková 603 442 579,PS Lift Back 15 000/3f-45 min.,"Praha, Františka Křížka 22",,,13/21,,,,,,13,,,,,,,,,,,,,,,,,,,,,,,,,,,,,,,,,,,,,,,,,,,,,,,,,,,,,,,,,,,,,,,,,,,,,,,,,,,,,,1,,,,,"Praha, Františka Křížka 22, Česká republika","Praha, Františka Křížka 22, Česká republika"
"Praha, Františka Křížka 505-38","Praha, Františka Křížka 505-38","Praha, Františka Křížka 505-38, Česká republika",ASTIP STRONG 2kVA/3F -15 minut,ASTIP STRONG 2kVA/3F -15 minut,Mužíková 603 442 579,Mužíková 603 442 579,Praha,,,2025-09-23,2025-09-23,-223.0,Po termínu,červená,50.10141,14.43035,OK Mapy.com,,čeká na přesné geokódování,"praha, františka křížka 505-38, česká republika",2025-09-23,2025-09-23,-223.0,Po termínu,červená,2025-09-23 (plánovaná),"Kalendář FZ - 12 měsíců, 2023.xlsx",354,2020,,,,ASTIP STRONG 2kVA/3F -15 minut,,,,,,,,,,,23/25,,,,,,,,,,,,,,,,,,,,,,,,,,,,,,,,,,,,,,,,,,,,,,,,,,,,,,,,,,,,,,,,,,,,,,,,,,,,,1,"Praha, Františka Křížka 505-38",,,,"Praha, Františka Křížka 505-38, Česká republika","Praha, Františka Křížka 505-38, Česká republika"
"Praha, Freiwaldova 1012, Kamýk A,B","Praha, Freiwaldova 1012, Kamýk A,B","Praha, Freiwaldova 1012, Kamýk A, B, Česká republika","ASTIP PS 30 000/3f – 15,30,45min, 2 x ASTIP PS 500/SO,","ASTIP PS 30 000/3f – 15,30,45min, 2 x ASTIP PS 500/SO,",Vranovský 778 733 080,Vranovský 778 733 080,Praha,"2024 -nutná výměna pomocky u 30kA, vyměnili si sami baterky","2024 -nutná výměna pomocky u 30kA, vyměnili si sami baterky",2024-10-18,2024-04-18,-563.0,Po termínu,červená,50.00823,14.45533,OK Mapy.com,,čeká na přesné geokódování,"praha, freiwaldova 1012, kamýk a, b, česká republika",2024-04-18,2024-10-18,-563.0,Po termínu,červená,2024-04-18 (proběhlá); 2024-10-18 (plánovaná),Kalendář FZ - 6 měsíců.xlsx,248,2018,,,Vranovský 778 733 080,"ASTIP PS 30 000/3f – 15,30,45min, 2 x ASTIP PS 500/SO, ","Praha, Freiwaldova 1012, Kamýk A,B",,,,,18/24 30kVA-STOP STAV,,,,,,18/24,,,,,,,,,,,,,,,,,,,,,,,,,,,,,,,,,,,,,,,,,,,,,,,,,,,,,,,,,,,,,,,,,,,,,,,,,,,,2,,,,,"Praha, Freiwaldova 1012, Kamýk A, B, Česká republika","Praha, Freiwaldova 1012, Kamýk A, B, Česká republika"
"Praha, Gabčíkova","Praha, Gabčíkova","Praha, Gabčíkova, Česká republika",PS 4000/3f - 15min.,PS 4000/3f - 15min.,Tichota - 602 254 620 Jaroslav Pinc 606 609 003,Tichota - 602 254 620 Jaroslav Pinc 606 609 003,Praha,,,2026-06-24,,51.0,30–60 dnů,žlutá,50.11848,14.46147,OK Mapy.com,,čeká na přesné geokódování,"praha, gabčíkova, česká republika",,2026-06-24,51.0,30–60 dnů,žlutá,2026-06-24 (plánovaná),"Kalendář FZ - 12 měsíců, 2023.xlsx",355,2017,,,,PS 4000/3f - 15min.,,,,,,,,24/26,,,,,,,,,,,,,,,,,,,,,,,,,,,,,,,,,,,,,,,,,,,,,,,,,,,,,,,,,,,,,,,,,,,,,,,,,,,,,,,,1,"Praha, Gabčíkova",,,,"Praha, Gabčíkova, Česká republika","Praha, Gabčíkova, Česká republika"
"Praha, Gollové 1, Kaskády Barrandov, Uldrich","Praha, Gollové 1, Kaskády Barrandov, Uldrich","Praha, Gollové 1, Kaskády Barrandov, Uldrich, Česká republika","ASTIP STRONG 80kVA/7,5kVA/3F-45 minut","ASTIP STRONG 80kVA/7,5kVA/3F-45 minut",Naušová - Uldrich 602 305 888,Naušová - Uldrich 602 305 888,Praha,,,2027-03-03,,303.0,Více než 60 dnů,zelená,50.02847,14.3601,OK Mapy.com,,čeká na přesné geokódování,"praha, gollové 1, kaskády barrandov, uldrich, česká republika",,2027-03-03,303.0,Více než 60 dnů,zelená,2027-03-03 (plánovaná),"Kalendář FZ - 12 měsíců, 2023.xlsx",356,2023,ano,,,"ASTIP STRONG 80kVA/7,5kVA/3F-45 minut",,,,,3/27,,,,,,,,,,,,,,,,,,,,,,,,,,,,,,,,,,,,,,,,,,,,,,,,,,,,,,,,,,,,,,,,,,,,,,,,,,,,,,,,,,,1,"Praha, Gollové 1, Kaskády Barrandov, Uldrich",,,,"Praha, Gollové 1, Kaskády Barrandov, Uldrich, Česká republika","Praha, Gollové 1, Kaskády Barrandov, Uldrich, Česká republika"
"Praha, Hadovitá BD","Praha, Hadovitá BD","Hadovitá BD, Česká republika","PS 60 000/3F -30, 45, 60 minut","PS 60 000/3F -30, 45, 60 minut",Barbora Svatošová 773 745 444,Barbora Svatošová 773 745 444,Praha,,,2026-11-06,,186.0,Více než 60 dnů,zelená,50.08355,14.43414,OK final,,"Dotaz zjednodušen na ulici/číslo + město + ČR/SR, bez názvů objektů.","praha, hadovitá bd, česká republika",,2026-11-06,186.0,Více než 60 dnů,zelená,2026-11-06 (plánovaná),"Kalendář FZ - 12 měsíců, 2023.xlsx",357,2018,ano,,,"PS 60 000/3F -30, 45, 60 minut",,,,,,,,,,,,,6/26,,,,,,,,,,,,,,,,,,,,,,,,,,,,,,,,,,,,,,,,,,,,,,,,,,,,,,,,,,,,,,,,,,,,,,,,,,,1,"Praha, Hadovitá BD",,,,"Praha, Hadovitá BD, Česká republika","Hadovitá BD, Praha, Česká republika"
"Praha, Harlacherova 2, 2a","Praha, Harlacherova 2, 2a","Praha, Harlacherova 2, 2a, Česká republika","2 x PS 750/3f, 10 min.","2 x PS 750/3f, 10 min.",Čančík - 725 184 359,Čančík - 725 184 359,Praha,????,????,,,,Bez termínu,šedá,50.05262,14.50145,OK Mapy.com,,čeká na přesné geokódování,"praha, harlacherova 2, 2a, česká republika",,,,Bez termínu,šedá,,"Kalendář FZ - 12 měsíců, 2023.xlsx",358,2014,,,,"2 x PS 750/3f, 10 min.",,,,,,,,25,,,,,,,,,,,,,,,,,,,,,,,,,,,,,,,,,,,,,,,,,,,,,,,,,,,,,,,,,,,,,,,,,,,,,,,,,,,,,,,,0,"Praha, Harlacherova 2, 2a",,,,"Praha, Harlacherova 2, 2a, Česká republika","Praha, Harlacherova 2, 2a, Česká republika"
"Praha, Haštalská 14, hotel Maxmilián","Praha, Haštalská 14, hotel Maxmilián","Praha, Haštalská 14, hotel Maxmilián, Česká republika",STRONG 7500VA/3F – 45min,STRONG 7500VA/3F – 45min,Zámyslický 724 321 610,Zámyslický 724 321 610,Praha,,,2026-10-22,2026-04-22,171.0,Více než 60 dnů,zelená,50.09098,14.42465,OK Mapy.com,,čeká na přesné geokódování,"praha, haštalská 14, hotel maxmilián, česká republika",2026-04-22,2026-10-22,171.0,Více než 60 dnů,zelená,2026-04-22 (proběhlá); 2026-10-22 (plánovaná),Kalendář FZ - 6 měsíců.xlsx,249,2019,ano,,Zámyslický 724 321 610,STRONG 7500VA/3F – 45min,"Praha, Haštalská 14, hotel Maxmilián",,,,,22/26,,,,,,22/26,,,,,,,,,,,,,,,,,,,,,,,,,,,,,,,,,,,,,,,,,,,,,,,,,,,,,,,,,,,,,,,,,,,,,,,,,,,,2,,,,,"Praha, Haštalská 14, hotel Maxmilián, Česká republika","Praha, Haštalská 14, hotel Maxmilián, Česká republika"
"Praha, Hevlínská","Praha, Hevlínská","Praha, Hevlínská, Česká republika",3 kusy záložních zdrojů,3 kusy záložních zdrojů,Vinčálek - 777 356 911,Vinčálek - 777 356 911,Praha,"24.6.2025 -nechtějí opravu, ehrenberger","24.6.2025 -nechtějí opravu, ehrenberger",2025-03-13,2025-03-13,-417.0,Po termínu,červená,50.06489,14.28777,OK Mapy.com,,čeká na přesné geokódování,"praha, hevlínská, česká republika",2025-03-13,2025-03-13,-417.0,Po termínu,červená,2025-03-13 (plánovaná),"Kalendář FZ - 12 měsíců, 2023.xlsx",359,2015,,,,3 kusy záložních zdrojů,,,,,13/25-3,,,,,,,,,,,,,,,,,,,,,,,,,,,,,,,,,,,,,,,,,,,,,,,,,,,,,,,,,,,,,,,,,,,,,,,,,,,,,,,,,,,1,"Praha, Hevlínská",,,,"Praha, Hevlínská, Česká republika","Praha, Hevlínská, Česká republika"
"Praha, Hloubětín 837-2, BD, Kbelská 1152","Praha, Hloubětín 837-2, BD, Kbelská 1152","BD, Hloubětín 837-2, Praha, Česká republika",ASTIP STRONG 2000/3f-15 min,ASTIP STRONG 2000/3f-15 min,"Nikola Pajerová, 777 355 757","Nikola Pajerová, 777 355 757",Praha,"jiný správce, nemám kontakt MVítek","jiný správce, nemám kontakt MVítek",2026-03-20,2026-03-20,-45.0,Po termínu,červená,50.10581,14.5471,upraveno - znovu geokódovat,,Adresa automaticky upravena pro Mapy.com; spusť znovu geokodér.,"praha, hloubětín 837-2, bd, kbelská 1152, česká republika",2026-03-20,2026-03-20,-45.0,Po termínu,červená,2026-03-20 (plánovaná),"Kalendář FZ - 12 měsíců, 2023.xlsx",360,2021,ano,ano,,ASTIP STRONG 2000/3f-15 min,,,,,20/26,,,,,,,,,,,,,,,,,,,,,,,,,,,,,,,,,,,,,,,,,,,,,,,,,,,,,,,,,,,,,,,,,,,,,,,,,,,,,,,,,,,1,"Praha, Hloubětín 837-2, BD, Kbelská 1152",,,,"Praha, Hloubětín 837-2, BD, Kbelská 1152, Česká republika","BD, Hloubětín 837-2, Praha, Česká republika"
"Praha, Hlučkova 812 + 813","Praha, Hlučkova 812 + 813","Praha, Hlučkova 812 + 813, Česká republika","812 - PS 15kVA/3F-45minut, PS 150/1F-24 hodin , 813 - PS 7500/3F-15minut, PS 150/1F-24 hodin","812 - PS 15kVA/3F-45minut, PS 150/1F-24 hodin , 813 - PS 7500/3F-15minut, PS 150/1F-24 hodin","David Andrlík 606 690 862, správc. Fa AUSTIS Real s.r.o., 813 -Lopatka předseda 721 962 541","David Andrlík 606 690 862, správc. Fa AUSTIS Real s.r.o., 813 -Lopatka předseda 721 962 541",Praha,,,2027-01-28,2025-11-06,269.0,Více než 60 dnů,zelená,50.14276,14.5229,OK Mapy.com,,čeká na přesné geokódování,"praha, hlučkova 812 + 813, česká republika",2025-11-06,2027-01-28,269.0,Více než 60 dnů,zelená,2025-11-06 (plánovaná); 2027-01-28 (plánovaná),"Kalendář FZ - 12 měsíců, 2023.xlsx",361,2016,,,,"812 - PS 15kVA/3F-45minut, PS 150/1F-24 hodin , 813 - PS 7500/3F-15minut, PS 150/1F-24 hodin",,,28/27-812,,,,,,,,,,6/25-813,,,,,,,,,,,,,,,,,,,,,,,,,,,,,,,,,,,,,,,,,,,,,,,,,,,,,,,,,,,,,,,,,,,,,,,,,,,2,"Praha, Hlučkova 812 + 813",,,,"Praha, Hlučkova 812 + 813, Česká republika","Praha, Hlučkova 812 + 813, Česká republika"
"Praha, Holečkova 13, hotel","Praha, Holečkova 13, hotel","Praha, Holečkova 13, hotel, Česká republika",ASTIP STRONG 47kVA/20kVA/3F-45 minut,ASTIP STRONG 47kVA/20kVA/3F-45 minut,Opletal 777 168 685,Opletal 777 168 685,Praha,"pan Opletal, chce revize 1 x ročně","pan Opletal, chce revize 1 x ročně",2025-05-24,2025-05-24,-345.0,Po termínu,červená,50.07766,14.40139,OK Mapy.com,,čeká na přesné geokódování,"praha, holečkova 13, hotel, česká republika",2025-05-24,2025-05-24,-345.0,Po termínu,červená,2025-05-24 (plánovaná),"Kalendář FZ - 12 měsíců, 2023.xlsx",364,2023,ano,ano,,ASTIP STRONG 47kVA/20kVA/3F-45 minut,,,,,,,24/25,,,,,,,,,,,,,,,,,,,,,,,,,,,,,,,,,,,,,,,,,,,,,,,,,,,,,,,,,,,,,,,,,,,,,,,,,,,,,,,,,1,"Praha, Holečkova 13, hotel",,,,"Praha, Holečkova 13, hotel, Česká republika","Praha, Holečkova 13, hotel, Česká republika"
"Praha, Honzíkova 711/19, BD","Praha, Honzíkova 711/19, BD","BD, Honzíkova 711/19, Praha, Česká republika",ASTIP STRONG 140/20kVA/3F -45 minut,ASTIP STRONG 140/20kVA/3F -45 minut,Naušová - Uldrich 602 305 888,Naušová - Uldrich 602 305 888,Praha,,,2026-10-26,,175.0,Více než 60 dnů,zelená,50.06789,14.55515,upraveno - znovu geokódovat,,Adresa automaticky upravena pro Mapy.com; spusť znovu geokodér.,"praha, honzíkova 711/19, bd, česká republika",,2026-10-26,175.0,Více než 60 dnů,zelená,2026-10-26 (plánovaná),"Kalendář FZ - 12 měsíců, 2023.xlsx",362,2025,ano,,,ASTIP STRONG 140/20kVA/3F -45 minut,,,,,,,,,,,,26/26,,,,,,,,,,,,,,,,,,,,,,,,,,,,,,,,,,,,,,,,,,,,,,,,,,,,,,,,,,,,,,,,,,,,,,,,,,,,1,"Praha, Honzíkova 711/19, BD",,,,"Praha, Honzíkova 711/19, BD, Česká republika","BD, Honzíkova 711/19, Praha, Česká republika"
"Praha, Hornoměcholupská 663","Praha, Hornoměcholupská 663","Praha, Hornoměcholupská 663, Česká republika",PS 15kVA/3f-10A/60C,PS 15kVA/3f-10A/60C,Zika 778 428 878,Zika 778 428 878,Praha,2023 -měnil se komplet pajšl zdroje,2023 -měnil se komplet pajšl zdroje,2024-10-10,2024-10-10,-571.0,Po termínu,červená,50.04042,14.56725,OK Mapy.com,,čeká na přesné geokódování,"praha, hornoměcholupská 663, česká republika",2024-10-10,2024-10-10,-571.0,Po termínu,červená,2024-10-10 (plánovaná),"Kalendář FZ - 12 měsíců, 2023.xlsx",365,"2013, nově 2023",,,,  PS 15kVA/3f-10A/60C,,,,,,,,,,,,10/24,,,,,,,,,,,,,,,,,,,,,,,,,,,,,,,,,,,,,,,,,,,,,,,,,,,,,,,,,,,,,,,,,,,,,,,,,,,,1,"Praha, Hornoměcholupská 663",,,,"Praha, Hornoměcholupská 663, Česká republika","Praha, Hornoměcholupská 663, Česká republika"
"Praha, Hornoměcholupská 690/146, 691","Praha, Hornoměcholupská 690/146, 691","Praha, Hornoměcholupská 690/146, 691, Česká republika",2x Ps 40 000VA/3f-50 minut,2x Ps 40 000VA/3f-50 minut,Vaněk Michal - 778 743 146,Vaněk Michal - 778 743 146,Praha,,,,,,Bez termínu,šedá,50.04362,14.56681,OK Mapy.com,,čeká na přesné geokódování,"praha, hornoměcholupská 690/146, 691, česká republika",,,,Bez termínu,šedá,,"Kalendář FZ - 12 měsíců, 2023.xlsx",366,2014,,,,2x Ps 40 000VA/3f-50 minut,,,,,,,,,,,,,5,,,,,,,,,,,,,,,,,,,,,,,,,,,,,,,,,,,,,,,,,,,,,,,,,,,,,,,,,,,,,,,,,,,,,,,,,,,0,"Praha, Hornoměcholupská 690/146, 691",,,,"Praha, Hornoměcholupská 690/146, 691, Česká republika","Praha, Hornoměcholupská 690/146, 691, Česká republika"
"Praha, Hornoměcholupská 693","Praha, Hornoměcholupská 693","Praha, Hornoměcholupská 693, Česká republika",LiftBack 50kVA/3f-50 minut,LiftBack 50kVA/3f-50 minut,Chotěborský - 601 337 199,Chotěborský - 601 337 199,Praha,přidat TO247 !!!!,přidat TO247 !!!!,2025-08-22,2025-08-22,-255.0,Po termínu,červená,50.04393,14.56685,OK Mapy.com,,čeká na přesné geokódování,"praha, hornoměcholupská 693, česká republika",2025-08-22,2025-08-22,-255.0,Po termínu,červená,2025-08-22 (plánovaná),"Kalendář FZ - 12 měsíců, 2023.xlsx",367,2014,ano,,,  LiftBack 50kVA/3f-50 minut,,,,,,,,,,22/25,,,,,,,,,,,,,,,,,,,,,,,,,,,,,,,,,,,,,,,,,,,,,,,,,,,,,,,,,,,,,,,,,,,,,,,,,,,,,,1,"Praha, Hornoměcholupská 693",,,,"Praha, Hornoměcholupská 693, Česká republika","Praha, Hornoměcholupská 693, Česká republika"
"Praha, Horolezecká 1a","Praha, Horolezecká 1a","Praha, Horolezecká 1a, Česká republika",STRONG 75 kVA/3F -45 minut + RPO,STRONG 75 kVA/3F -45 minut + RPO,"Filip 737 835 881, Cukrová 732 577 439","Filip 737 835 881, Cukrová 732 577 439",Praha,2025 -objednána výměna,2025 -objednána výměna,2026-04-14,2026-04-14,-20.0,Po termínu,červená,50.05164,14.54155,OK Mapy.com,,čeká na přesné geokódování,"praha, horolezecká 1a, česká republika",2026-04-14,2026-04-14,-20.0,Po termínu,červená,2026-04-14 (plánovaná),"Kalendář FZ - 12 měsíců, 2023.xlsx",368,2019,ano,ano,,STRONG 75 kVA/3F -45 minut + RPO,,,,,,14/26,,,,,,,,,,,,,,,,,,,,,,,,,,,,,,,,,,,,,,,,,,,,,,,,,,,,,,,,,,,,,,,,,,,,,,,,,,,,,,,,,,1,"Praha, Horolezecká 1a",,,,"Praha, Horolezecká 1a, Česká republika","Praha, Horolezecká 1a, Česká republika"
"Praha, Horoměřice, Velvarská 1101, 8-9, BD","Praha, Horoměřice, Velvarská 1101, 8-9, BD","Horoměřice, BD, Velvarská 1101, Praha, Česká republika",2 x STRONG 5 kVA/3F -30 minut,2 x STRONG 5 kVA/3F -30 minut,Ehrenberger 774 252 277,Ehrenberger 774 252 277,Praha,,,2027-01-22,,263.0,Více než 60 dnů,zelená,50.13173,14.33878,upraveno - znovu geokódovat,,Adresa automaticky upravena pro Mapy.com; spusť znovu geokodér.,"praha, horoměřice, velvarská 1101, 8-9, bd, česká republika",,2027-01-22,263.0,Více než 60 dnů,zelená,2027-01-22 (plánovaná),"Kalendář FZ - 12 měsíců, 2023.xlsx",369,2020,,,,2 x STRONG 5 kVA/3F -30 minut,,,22/27,,,,,,,,,,,,,,,,,,,,,,,,,,,,,,,,,,,,,,,,,,,,,,,,,,,,,,,,,,,,,,,,,,,,,,,,,,,,,,,,,,,,,1,"Praha, Horoměřice, Velvarská 1101, 8-9, BD",,,,"Praha, Horoměřice, Velvarská 1101, 8-9, BD, Česká republika","Horoměřice, BD, Velvarská 1101, Praha, Česká republika"
"Praha, Horoměřice, Žižkova + Karla IV, 6 x zdroj","Praha, Horoměřice, Žižkova + Karla IV, 6 x zdroj","Horoměřice, Žižkova + Karla IV, 6 x, Praha, Česká republika",6 x STRONG 3kVA/1kVA/1f -15 minut,6 x STRONG 3kVA/1kVA/1f -15 minut,Satorie 775 647 249,Satorie 775 647 249,Praha,"!!!pozor, vyměnit propojovací kabel","!!!pozor, vyměnit propojovací kabel",2026-08-12,2026-03-25,100.0,Více než 60 dnů,zelená,50.13173,14.33878,upraveno - znovu geokódovat,,Adresa automaticky upravena pro Mapy.com; spusť znovu geokodér.,"praha, horoměřice, žižkova + karla iv, 6 x zdroj, česká republika",2026-03-25,2026-08-12,100.0,Více než 60 dnů,zelená,2025-10-23 (plánovaná); 2026-03-25 (plánovaná); 2026-08-12 (plánovaná),"Kalendář FZ - 12 měsíců, 2023.xlsx",370,2021 +2022,,,,6 x STRONG 3kVA/1kVA/1f -15 minut,,,,,25/26,,,,,12/26 - 1127+1129-2025 STOP STAV,,23/25 1127,,,,,,,,,,,,,,,,,,,,,,,,,,,,,,,,,,,,,,,,,,,,,,,,,,,,,,,,,,,,,,,,,,,,,,,,,,,,3,"Praha, Horoměřice, Žižkova + Karla IV, 6 x zdroj",,,,"Praha, Horoměřice, Žižkova + Karla IV, 6 x zdroj, Česká republika","Horoměřice, Žižkova + Karla IV, 6 x, Praha, Česká republika"
"Praha, Hradešínská 52, BD","Praha, Hradešínská 52, BD","BD, Hradešínská 52, Praha, Česká republika",ASTIP STRONG 15 000/3f - 60 min,ASTIP STRONG 15 000/3f - 60 min,Grošup 606 706 659,Grošup 606 706 659,Praha,,,2026-04-08,2026-04-08,-26.0,Po termínu,červená,50.07377,14.45871,upraveno - znovu geokódovat,,Adresa automaticky upravena pro Mapy.com; spusť znovu geokodér.,"praha, hradešínská 52, bd, česká republika",2026-04-08,2026-04-08,-26.0,Po termínu,červená,2026-04-08 (plánovaná),"Kalendář FZ - 12 měsíců, 2023.xlsx",371,2019,,ano,,ASTIP STRONG 15 000/3f - 60 min,,,,,,8/26,,,,,,,,,,,,,,,,,,,,,,,,,,,,,,,,,,,,,,,,,,,,,,,,,,,,,,,,,,,,,,,,,,,,,,,,,,,,,,,,,,1,"Praha, Hradešínská 52, BD",,,,"Praha, Hradešínská 52, BD, Česká republika","BD, Hradešínská 52, Praha, Česká republika"
"Praha, Italská 8, BD","Praha, Italská 8, BD","BD, Italská 8, Praha, Česká republika",ASTIP STRONG 5kVA/3F-15 minut,ASTIP STRONG 5kVA/3F-15 minut,Jan Vohralík 730 528 073,Jan Vohralík 730 528 073,Praha,,,2024-09-22,2024-09-22,-589.0,Po termínu,červená,50.07659,14.43543,upraveno - znovu geokódovat,,Adresa automaticky upravena pro Mapy.com; spusť znovu geokodér.,"praha, italská 8, bd, česká republika",2024-09-22,2024-09-22,-589.0,Po termínu,červená,2024-09-22 (plánovaná),"Kalendář FZ - 12 měsíců, 2023.xlsx",375,2022,,,,ASTIP STRONG 5kVA/3F-15 minut,,,,,,,,,,,22/24,,,,,,,,,,,,,,,,,,,,,,,,,,,,,,,,,,,,,,,,,,,,,,,,,,,,,,,,,,,,,,,,,,,,,,,,,,,,,1,"Praha, Italská 8, BD",,,,"Praha, Italská 8, BD, Česká republika","BD, Italská 8, Praha, Česká republika"
"Praha, Janáčkovo nábřeží 39","Praha, Janáčkovo nábřeží 39","Praha, Janáčkovo nábřeží 39, Česká republika",PS 7500/3f-45 minut,PS 7500/3f-45 minut,Marek Bozděch 721 439 006,Marek Bozděch 721 439 006,Praha,nové výrobní číslo: 25022601 - 2025 -nový pajšl,nové výrobní číslo: 25022601 - 2025 -nový pajšl,2027-02-19,,291.0,Více než 60 dnů,zelená,50.07831,14.40801,OK Mapy.com,,čeká na přesné geokódování,"praha, janáčkovo nábřeží 39, česká republika",,2027-02-19,291.0,Více než 60 dnů,zelená,2027-02-19 (plánovaná),"Kalendář FZ - 12 měsíců, 2023.xlsx",376,"2015, nově 2025",,,,  PS 7500/3f-45 minut,,,,19/27,,,,,,,,,,,,,,,,,,,,,,,,,,,,,,,,,,,,,,,,,,,,,,,,,,,,,,,,,,,,,,,,,,,,,,,,,,,,,,,,,,,,1,"Praha, Janáčkovo nábřeží 39",,6000,,"Praha, Janáčkovo nábřeží 39, Česká republika","Praha, Janáčkovo nábřeží 39, Česká republika"
"Praha, Jeseniova 25, BD","Praha, Jeseniova 25, BD","BD, Jeseniova 25, Praha, Česká republika",STRONG 10 000/3F -10 minut,STRONG 10 000/3F -10 minut,Novotný 731 379 335,Novotný 731 379 335,Praha,,,2026-10-14,,163.0,Více než 60 dnů,zelená,50.08678,14.45856,upraveno - znovu geokódovat,,Adresa automaticky upravena pro Mapy.com; spusť znovu geokodér.,"praha, jeseniova 25, bd, česká republika",,2026-10-14,163.0,Více než 60 dnů,zelená,2026-10-14 (plánovaná),"Kalendář FZ - 12 měsíců, 2023.xlsx",377,2017,,,,STRONG 10 000/3F -10 minut,,,,,,,,,,,,14/26,,,,,,,,,,,,,,,,,,,,,,,,,,,,,,,,,,,,,,,,,,,,,,,,,,,,,,,,,,,,,,,,,,,,,,,,,,,,1,"Praha, Jeseniova 25, BD",,,,"Praha, Jeseniova 25, BD, Česká republika","BD, Jeseniova 25, Praha, Česká republika"
"Praha, Jeseniova 35, BD","Praha, Jeseniova 35, BD","BD, Jeseniova 35, Praha, Česká republika",STRONG 10 000/3F -10 minut,STRONG 10 000/3F -10 minut,Kulhánková 777 367 618,Kulhánková 777 367 618,Praha,,,2027-03-24,,324.0,Více než 60 dnů,zelená,50.14925,15.13255,upraveno - znovu geokódovat,,Adresa automaticky upravena pro Mapy.com; spusť znovu geokodér.,"praha, jeseniova 35, bd, česká republika",,2027-03-24,324.0,Více než 60 dnů,zelená,2027-03-24 (plánovaná),"Kalendář FZ - 12 měsíců, 2023.xlsx",378,2017,,,,STRONG 10 000/3F -10 minut,,,,,24/27,,,,,,,,,,,,,,,,,,,,,,,,,,,,,,,,,,,,,,,,,,,,,,,,,,,,,,,,,,,,,,,,,,,,,,,,,,,,,,,,,,,1,"Praha, Jeseniova 35, BD",,,,"Praha, Jeseniova 35, BD, Česká republika","BD, Jeseniova 35, Praha, Česká republika"
"Praha, Josefská 7, Malostranská ZŠ","Praha, Josefská 7, Malostranská ZŠ","Praha, Josefská 7, Malostranská ZŠ, Česká republika",ASTIP PS 4000/3f-30 minut,ASTIP PS 4000/3f-30 minut,školník 734 469 265,školník 734 469 265,Praha,,,2026-07-23,2026-04-15,80.0,Více než 60 dnů,zelená,50.08823,14.40536,OK Mapy.com,,čeká na přesné geokódování,"praha, josefská 7, malostranská zš, česká republika",2026-04-15,2026-07-23,80.0,Více než 60 dnů,zelená,2026-04-15 (proběhlá); 2026-07-23 (plánovaná),Kalendář FZ - 6 měsíců.xlsx,260,2018,,,školník 734 469 265,ASTIP PS 4000/3f-30 minut,"Praha, Josefská 7, Malostranská ZŠ",,,,,15/26,,,23/26,,,,,,,,,,,,,,,,,,,,,,,,,,,,,,,,,,,,,,,,,,,,,,,,,,,,,,,,,,,,,,,,,,,,,,,,,,,,,,,2,,,,,"Praha, Josefská 7, Malostranská ZŠ, Česká republika","Praha, Josefská 7, Malostranská ZŠ, Česká republika"
"Praha, Jungmannova 32/25, hotel","Praha, Jungmannova 32/25, hotel","hotel, Jungmannova 32/25, Praha, Česká republika",ASTIP STRONG 71kVA/20kVA/3F-45minut,ASTIP STRONG 71kVA/20kVA/3F-45minut,773 696 737 dannyq@seznam.cz Setncika,773 696 737 dannyq@seznam.cz Setncika,Praha,,,2025-09-18,2025-09-18,-228.0,Po termínu,červená,50.08151,14.42229,upraveno - znovu geokódovat,,Adresa automaticky upravena pro Mapy.com; spusť znovu geokodér.,"praha, jungmannova 32/25, hotel, česká republika",2025-09-18,2025-09-18,-228.0,Po termínu,červená,2025-09-18 (plánovaná),Kalendář FZ - 6 měsíců.xlsx,251,2022,,,773 696 737 dannyq@seznam.cz Setncika ,ASTIP STRONG 71kVA/20kVA/3F-45minut,"Praha, Jungmannova 32/25, hotel",,,,,,,,,,18/25,,,,,,,,,,,,,,,,,,,,,,,,,,,,,,,,,,,,,,,,,,,,,,,,,,,,,,,,,,,,,,,,,,,,,,,,,,,,,1,,,,,"Praha, Jungmannova 32/25, hotel, Česká republika","hotel, Jungmannova 32/25, Praha, Česká republika"
"Praha, K Vystrkovu 1a,b, c","Praha, K Vystrkovu 1a,b, c","Praha, K Vystrkovu 1a, b, c, Česká republika",2 x 5kVA/3F + 1 x 240/1f-15 minut,2 x 5kVA/3F + 1 x 240/1f-15 minut,Mitáš 721 438 720,Mitáš 721 438 720,Praha,2027 -nutná výměna pomocný aku 12Ah u 1b,2027 -nutná výměna pomocný aku 12Ah u 1b,2027-02-19,,291.0,Více než 60 dnů,zelená,50.0002,14.40657,OK Mapy.com,,čeká na přesné geokódování,"praha, k vystrkovu 1a, b, c, česká republika",,2027-02-19,291.0,Více než 60 dnů,zelená,2027-02-19 (plánovaná),"Kalendář FZ - 12 měsíců, 2023.xlsx",379,2016,,poznámka,,2 x 5kVA/3F + 1 x 240/1f-15 minut,,,,19/27,,,,,,,,,,,,,,,,,,,,,,,,,,,,,,,,,,,,,,,,,,,,,,,,,,,,,,,,,,,,,,,,,,,,,,,,,,,,,,,,,,,,1,"Praha, K Vystrkovu 1a,b, c",,,,"Praha, K Vystrkovu 1a, b, c, Česká republika","Praha, K Vystrkovu 1a, b, c, Česká republika"
"Praha, K Vystrkovu 2","Praha, K Vystrkovu 2","Praha, K Vystrkovu 2, Česká republika",20 kVA/3f - 45min.,20 kVA/3f - 45min.,vankova@bak.cz,vankova@bak.cz,Praha,"3.3.2025 -zasláno znovu, 26.6.2024 - poslán dotaz ...BD Modřany","3.3.2025 -zasláno znovu, 26.6.2024 - poslán dotaz ...BD Modřany",2022-01-13,2022-01-13,-1572.0,Po termínu,červená,49.99955,14.40699,OK Mapy.com,,čeká na přesné geokódování,"praha, k vystrkovu 2, česká republika",2022-01-13,2022-01-13,-1572.0,Po termínu,červená,2022-01-13 (plánovaná),"Kalendář FZ - 12 měsíců, 2023.xlsx",380,2018,,,,20 kVA/3f - 45min.,,,13/22,,,,,,,,,,,,,,,,,,,,,,,,,,,,,,,,,,,,,,,,,,,,,,,,,,,,,,,,,,,,,,,,,,,,,,,,,,,,,,,,,,,,,1,"Praha, K Vystrkovu 2",,,,"Praha, K Vystrkovu 2, Česká republika","Praha, K Vystrkovu 2, Česká republika"
"Praha, Kadečkové","Praha, Kadečkové","Praha, Kadečkové, Česká republika","2-PS 10kVA/3f-60 minut, 4-PS 150/1f-24 hodin, 8-PS 10kVA/3f-60 minut, 10 -PS 150/1f-24 hodin","2-PS 10kVA/3f-60 minut, 4-PS 150/1f-24 hodin, 8-PS 10kVA/3f-60 minut, 10 -PS 150/1f-24 hodin","AUSTIS - Andrlík, Mihalcsatin -725 496 507","AUSTIS - Andrlík, Mihalcsatin -725 496 507",Praha,,,2027-04-22,2025-12-11,353.0,Více než 60 dnů,zelená,50.14213,14.52423,OK Mapy.com,,čeká na přesné geokódování,"praha, kadečkové, česká republika",2025-12-11,2027-04-22,353.0,Více než 60 dnů,zelená,2025-12-11 (plánovaná); 2027-04-22 (plánovaná),"Kalendář FZ - 12 měsíců, 2023.xlsx",383,2016,,,,"2-PS 10kVA/3f-60 minut, 4-PS 150/1f-24 hodin, 8-PS 10kVA/3f-60 minut, 10 -PS 150/1f-24 hodin",,,,,,22/27-8 + 2-stop stav,,,,,,,,11/25-10,,,,,,,,,,,,,,,,,,,,,,,,,,,,,,,,,,,,,,,,,,,,,,,,,,,,,,,,,,,,,,,,,,,,,,,,,,2,"Praha, Kadečkové",,,,"Praha, Kadečkové, Česká republika","Praha, Kadečkové, Česká republika"
"Praha, Kališnická","Praha, Kališnická","Praha, Kališnická, Česká republika",PS 10/40kVA/3f-45 minut,PS 10/40kVA/3f-45 minut,Novák - 725 293 966,Novák - 725 293 966,Praha,,,,,,Bez termínu,šedá,50.09001,14.46372,OK Mapy.com,,čeká na přesné geokódování,"praha, kališnická, česká republika",,,,Bez termínu,šedá,,"Kalendář FZ - 12 měsíců, 2023.xlsx",384,2014,,,,  PS 10/40kVA/3f-45 minut,,,,,,,,,,,,,,8,,,,,,,,,,,,,,,,,,,,,,,,,,,,,,,,,,,,,,,,,,,,,,,,,,,,,,,,,,,,,,,,,,,,,,,,,,0,"Praha, Kališnická",,,,"Praha, Kališnická, Česká republika","Praha, Kališnická, Česká republika"
"Praha, Kardausova 705_6 - BD H6","Praha, Kardausova 705_6 - BD H6","Kardausova 705/6, Praha, Česká republika",ASTIP STRONG 20kVA/3F-45 minut,ASTIP STRONG 20kVA/3F-45 minut,Naušová - Uldrich 602 305 888,Naušová - Uldrich 602 305 888,Praha,,,2026-06-04,,31.0,30–60 dnů,žlutá,50.06634,14.55425,upraveno - znovu geokódovat,,Adresa automaticky upravena pro Mapy.com; spusť znovu geokodér.,"praha, kardausova 705/6, bd h6, česká republika",,2026-06-04,31.0,30–60 dnů,žlutá,2026-06-04 (plánovaná),"Kalendář FZ - 12 měsíců, 2023.xlsx",381,2024,ano,,,ASTIP STRONG 20kVA/3F-45 minut,,,,,,,,4/26,,,,,,,,,,,,,,,,,,,,,,,,,,,,,,,,,,,,,,,,,,,,,,,,,,,,,,,,,,,,,,,,,,,,,,,,,,,,,,,,1,"Praha, Kardausova 705_6 - BD H6",,,,"Praha, Kardausova 705/6, BD H6, Česká republika","Kardausova 705/6, Praha, Česká republika"
"Praha, Kardausova 706_14 - BD H7","Praha, Kardausova 706_14 - BD H7","Kardausova 706/14, Praha, Česká republika",ASTIP STRONG 20kVA/3F-45 minut,ASTIP STRONG 20kVA/3F-45 minut,Naušová - Uldrich 602 305 888,Naušová - Uldrich 602 305 888,Praha,,,2026-06-04,,31.0,30–60 dnů,žlutá,50.06662,14.55557,upraveno - znovu geokódovat,,Adresa automaticky upravena pro Mapy.com; spusť znovu geokodér.,"praha, kardausova 706/14, bd h7, česká republika",,2026-06-04,31.0,30–60 dnů,žlutá,2026-06-04 (plánovaná),"Kalendář FZ - 12 měsíců, 2023.xlsx",382,2024,ano,,,ASTIP STRONG 20kVA/3F-45 minut,,,,,,,,4/26,,,,,,,,,,,,,,,,,,,,,,,,,,,,,,,,,,,,,,,,,,,,,,,,,,,,,,,,,,,,,,,,,,,,,,,,,,,,,,,,1,"Praha, Kardausova 706_14 - BD H7",,,,"Praha, Kardausova 706/14, BD H7, Česká republika","Kardausova 706/14, Praha, Česká republika"
"Praha, Karla Guta 1673, Uhříněves, BD","Praha, Karla Guta 1673, Uhříněves, BD","Uhříněves, BD, Karla Guta 1673, Praha, Česká republika",ASTIP STRONG 100kVA/15kVA/3F -45 minut,ASTIP STRONG 100kVA/15kVA/3F -45 minut,Tomáš Dohnal 602 151 020,Tomáš Dohnal 602 151 020,Praha,,,2026-12-10,,220.0,Více než 60 dnů,zelená,50.03013,14.5926,upraveno - znovu geokódovat,,Adresa automaticky upravena pro Mapy.com; spusť znovu geokodér.,"praha, karla guta 1673, uhříněves, bd, česká republika",,2026-12-10,220.0,Více než 60 dnů,zelená,2026-12-10 (plánovaná),"Kalendář FZ - 12 měsíců, 2023.xlsx",385,2022,ano,,,ASTIP STRONG 100kVA/15kVA/3F -45 minut,,,,,,,,,,,,,,10/26,,,,,,,,,,,,,,,,,,,,,,,,,,,,,,,,,,,,,,,,,,,,,,,,,,,,,,,,,,,,,,,,,,,,,,,,,,1,"Praha, Karla Guta 1673, Uhříněves, BD",,,,"Praha, Karla Guta 1673, Uhříněves, BD, Česká republika","Uhříněves, BD, Karla Guta 1673, Praha, Česká republika"
"Praha, Ke Kříži 1653-8 -VIVUS 4. etapa","Praha, Ke Kříži 1653-8 -VIVUS 4. etapa","Ke Kříži 1653-8 -VIVUS 4. etapa, Ke Kříži 1653-8 -VIVUS 4. etapa, Česká republika",PS 15kVA/3f -45 minut,PS 15kVA/3f -45 minut,Ikon - 777 757 960,Ikon - 777 757 960,Praha,POZOR - TERMÍNY HLÍDÁME SAMI,POZOR - TERMÍNY HLÍDÁME SAMI,2027-03-19,,319.0,Více než 60 dnů,zelená,50.08355,14.43414,OK final,,"Dotaz zjednodušen na ulici/číslo + město + ČR/SR, bez názvů objektů.","praha, ke kříži 1653-8 -vivus 4. etapa, česká republika",,2027-03-19,319.0,Více než 60 dnů,zelená,2027-03-19 (plánovaná),"Kalendář FZ - 12 měsíců, 2023.xlsx",386,2020,ano,ano,,PS 15kVA/3f -45 minut,,,,,19/27,,,,,,,,,,,,,,,,,,,,,,,,,,,,,,,,,,,,,,,,,,,,,,,,,,,,,,,,,,,,,,,,,,,,,,,,,,,,,,,,,,,1,"Praha, Ke Kříži 1653-8 -VIVUS 4. etapa",,,,"Praha, Ke Kříži 1653-8 -VIVUS 4. etapa, Česká republika","Ke Kříži 1653-8 -VIVUS 4. etapa, Praha, Česká republika"
"Praha, Ke Kříži 1672, VIVUS -5. etapa","Praha, Ke Kříži 1672, VIVUS -5. etapa","Ke Kříži 1672, Praha, Česká republika",ASTIP STRONG 98kVA/15kVA/3F -EI 45,ASTIP STRONG 98kVA/15kVA/3F -EI 45,"Šmíd 603 570 055-pragostav, SVJ Obdržálek 723 517 257","Šmíd 603 570 055-pragostav, SVJ Obdržálek 723 517 257",Praha,,,2026-12-10,,220.0,Více než 60 dnů,zelená,50.02946,14.59388,upraveno - znovu geokódovat,,Adresa automaticky upravena pro Mapy.com; spusť znovu geokodér.,"praha, ke kříži 1672, vivus -5. etapa, česká republika",,2026-12-10,220.0,Více než 60 dnů,zelená,2026-12-10 (plánovaná),"Kalendář FZ - 12 měsíců, 2023.xlsx",387,2022,ano,ano,,ASTIP STRONG 98kVA/15kVA/3F -EI 45,,,,,,,,,,,,,,10/26,,,,,,,,,,,,,,,,,,,,,,,,,,,,,,,,,,,,,,,,,,,,,,,,,,,,,,,,,,,,,,,,,,,,,,,,,,1,"Praha, Ke Kříži 1672, VIVUS -5. etapa",,,,"Praha, Ke Kříži 1672, VIVUS -5. etapa, Česká republika","Ke Kříži 1672, Praha, Česká republika"
"Praha, Ke Smíchovu 1278/32, BD Geminos","Praha, Ke Smíchovu 1278/32, BD Geminos","BD Geminos, Ke Smíchovu 1278/32, Praha, Česká republika",ASTIP PS 1kVA/1F -15 minut,ASTIP PS 1kVA/1F -15 minut,Kubitová 739 328 264,Kubitová 739 328 264,Praha,,,2023-11-10,2023-11-10,-906.0,Po termínu,červená,50.02655,14.37179,upraveno - znovu geokódovat,,Adresa automaticky upravena pro Mapy.com; spusť znovu geokodér.,"praha, ke smíchovu 1278/32, bd geminos, česká republika",2023-11-10,2023-11-10,-906.0,Po termínu,červená,2023-11-10 (plánovaná),"Kalendář FZ - 12 měsíců, 2023.xlsx",388,2021,,,,ASTIP PS 1kVA/1F -15 minut,,,,,,,,,,,,,10/23,,,,,,,,,,,,,,,,,,,,,,,,,,,,,,,,,,,,,,,,,,,,,,,,,,,,,,,,,,,,,,,,,,,,,,,,,,,1,"Praha, Ke Smíchovu 1278/32, BD Geminos",,,,"Praha, Ke Smíchovu 1278/32, BD Geminos, Česká republika","BD Geminos, Ke Smíchovu 1278/32, Praha, Česká republika"
"Praha, Kladenská 115, Hotel Avion","Praha, Kladenská 115, Hotel Avion","Praha, Kladenská 115, Hotel Avion, Česká republika",ASTIP PS Liftback 15kVA/3F -45 minut,ASTIP PS Liftback 15kVA/3F -45 minut,Malina 777 250 283,Malina 777 250 283,Praha,,,2026-08-26,2026-02-26,114.0,Více než 60 dnů,zelená,50.09481,14.35469,OK Mapy.com,,čeká na přesné geokódování,"praha, kladenská 115, hotel avion, česká republika",2026-02-26,2026-08-26,114.0,Více než 60 dnů,zelená,2026-02-26 (proběhlá); 2026-08-26 (plánovaná),Kalendář FZ - 6 měsíců.xlsx,252,2024,,,Malina 777 250 283,ASTIP PS Liftback 15kVA/3F -45 minut,"Praha, Kladenská 115, Hotel Avion",,,26/26,,,,,,26/26,,,,,,,,,,,,,,,,,,,,,,,,,,,,,,,,,,,,,,,,,,,,,,,,,,,,,,,,,,,,,,,,,,,,,,,,,,,,,,2,,,,,"Praha, Kladenská 115, Hotel Avion, Česká republika","Praha, Kladenská 115, Hotel Avion, Česká republika"
"Praha, Klapálkova 3376_23 a 25, BD, Klapálkova III","Praha, Klapálkova 3376_23 a 25, BD, Klapálkova III","BD, Klapálkova III, Klapálkova 3376/23 a 25, Praha, Česká republika","ASTIP STRONG 40/7,5kVA/3F-45 minut","ASTIP STRONG 40/7,5kVA/3F-45 minut",Stanislav Vedral - 771 500 078,Stanislav Vedral - 771 500 078,Praha,"nalepit výrobní štítek, máme na magnetické tabuli","nalepit výrobní štítek, máme na magnetické tabuli",2027-02-12,,284.0,Více než 60 dnů,zelená,50.04473,14.49976,upraveno - znovu geokódovat,,Adresa automaticky upravena pro Mapy.com; spusť znovu geokodér.,"praha, klapálkova 3376/23 a 25, bd, klapálkova iii, česká republika",,2027-02-12,284.0,Více než 60 dnů,zelená,2027-02-12 (plánovaná),"Kalendář FZ - 12 měsíců, 2023.xlsx",389,2025,,poznámka,,"ASTIP STRONG 40/7,5kVA/3F-45 minut",,,,12/27,,,,,,,,,,,,,,,,,,,,,,,,,,,,,,,,,,,,,,,,,,,,,,,,,,,,,,,,,,,,,,,,,,,,,,,,,,,,,,,,,,,,1,"Praha, Klapálkova 3376_23 a 25, BD, Klapálkova III",,,,"Praha, Klapálkova 3376/23 a 25, BD, Klapálkova III, Česká republika","BD, Klapálkova III, Klapálkova 3376/23 a 25, Praha, Česká republika"
"Praha, Klementova 2886, Západní město","Praha, Klementova 2886, Západní město","Praha, Klementova 2886, Západní město, Česká republika",ASTIP STRONG 30kVA/10kVA/3F -60 minut,ASTIP STRONG 30kVA/10kVA/3F -60 minut,Naušová - Uldrich 602 305 888,Naušová - Uldrich 602 305 888,Praha,,,2026-11-20,,200.0,Více než 60 dnů,zelená,50.0455,14.30319,OK Mapy.com,,čeká na přesné geokódování,"praha, klementova 2886, západní město, česká republika",,2026-11-20,200.0,Více než 60 dnů,zelená,2026-11-20 (plánovaná),"Kalendář FZ - 12 měsíců, 2023.xlsx",390,2025,ano,,,ASTIP STRONG 30kVA/10kVA/3F -60 minut,,,,,,,,,,,,,20/26,,,,,,,,,,,,,,,,,,,,,,,,,,,,,,,,,,,,,,,,,,,,,,,,,,,,,,,,,,,,,,,,,,,,,,,,,,,1,"Praha, Klementova 2886, Západní město",,,,"Praha, Klementova 2886, Západní město, Česká republika","Praha, Klementova 2886, Západní město, Česká republika"
"Praha, Klimenstská, FAMU","Praha, Klimenstská, FAMU","Praha, Klimenstská, FAMU, Česká republika",STRONG 20kVA/3f-45 minut,STRONG 20kVA/3f-45 minut,Švejnoha 603 798 763,Švejnoha 603 798 763,Praha,,,2026-04-24,2026-04-24,-10.0,Po termínu,červená,50.09162,14.4295,OK Mapy.com,,čeká na přesné geokódování,"praha, klimenstská, famu, česká republika",2026-04-24,2026-04-24,-10.0,Po termínu,červená,2026-04-24 (plánovaná),"Kalendář FZ - 12 měsíců, 2023.xlsx",391,,,,,STRONG 20kVA/3f-45 minut,,,,,,24/26,,,,,,,,,,,,,,,,,,,,,,,,,,,,,,,,,,,,,,,,,,,,,,,,,,,,,,,,,,,,,,,,,,,,,,,,,,,,,,,,,,1,"Praha, Klimenstská, FAMU",,7200,,"Praha, Klimenstská, FAMU, Česká republika","Praha, Klimenstská, FAMU, Česká republika"
"Praha, Kmochova 14, Holečkova House","Praha, Kmochova 14, Holečkova House","Holečkova House, Kmochova 14, Praha, Česká republika",ASTIP STRONG 20kVA/3kVA/3F -45 minut,ASTIP STRONG 20kVA/3kVA/3F -45 minut,"Martin Urban
+420 778 743 149","Martin Urban
+420 778 743 149",Praha,,,2026-09-23,,142.0,Více než 60 dnů,zelená,50.02984,15.19621,upraveno - znovu geokódovat,,Adresa automaticky upravena pro Mapy.com; spusť znovu geokodér.,"praha, kmochova 14, holečkova house, česká republika",,2026-09-23,142.0,Více než 60 dnů,zelená,2026-09-23 (plánovaná),"Kalendář FZ - 12 měsíců, 2023.xlsx",392,2023,,,,ASTIP STRONG 20kVA/3kVA/3F -45 minut,,,,,,,,,,,23/26,,,,,,,,,,,,,,,,,,,,,,,,,,,,,,,,,,,,,,,,,,,,,,,,,,,,,,,,,,,,,,,,,,,,,,,,,,,,,1,"Praha, Kmochova 14, Holečkova House",,,,"Praha, Kmochova 14, Holečkova House, Česká republika","Holečkova House, Kmochova 14, Praha, Česká republika"
"Praha, Kolbenova 1055, Kolben Park","Praha, Kolbenova 1055, Kolben Park","Kolben Park, Kolbenova 1055, Praha, Česká republika","ASTIP STRONG 50kVA/3F -30,45,60 minut","ASTIP STRONG 50kVA/3F -30,45,60 minut","Tomáš Matejzík
tel: 725 154 945","Tomáš Matejzík
tel: 725 154 945",Praha,,,2026-06-12,,39.0,30–60 dnů,žlutá,50.11081,14.50784,upraveno - znovu geokódovat,,Adresa automaticky upravena pro Mapy.com; spusť znovu geokodér.,"praha, kolbenova 1055, kolben park, česká republika",,2026-06-12,39.0,30–60 dnů,žlutá,2026-06-12 (plánovaná),"Kalendář FZ - 12 měsíců, 2023.xlsx",393,2024,,,,"ASTIP STRONG 50kVA/3F -30,45,60 minut",,,,,,,,12/26,,,,,,,,,,,,,,,,,,,,,,,,,,,,,,,,,,,,,,,,,,,,,,,,,,,,,,,,,,,,,,,,,,,,,,,,,,,,,,,,1,"Praha, Kolbenova 1055, Kolben Park",,,,"Praha, Kolbenova 1055, Kolben Park, Česká republika","Kolben Park, Kolbenova 1055, Praha, Česká republika"
"Praha, Konviktská 14, Cloister Inn","Praha, Konviktská 14, Cloister Inn","Praha, Konviktská 14, Cloister Inn, Česká republika",ASTIP PS 10kVA/3f-45 minut,ASTIP PS 10kVA/3f-45 minut,Rusnák 792 355 462,Rusnák 792 355 462,Praha,"pan Opletal, chce revize 1 x ročně","pan Opletal, chce revize 1 x ročně",2026-05-06,,2.0,Méně než 7 dnů,červená,50.08322,14.41599,OK Mapy.com,,čeká na přesné geokódování,"praha, konviktská 14, cloister inn, česká republika",,2026-05-06,2.0,Méně než 7 dnů,červená,2026-05-06 (plánovaná),"Kalendář FZ - 12 měsíců, 2023.xlsx",394,2023,ano,ano,,ASTIP PS 10kVA/3f-45 minut,,,,,,,6/26,,,,,,,,,,,,,,,,,,,,,,,,,,,,,,,,,,,,,,,,,,,,,,,,,,,,,,,,,,,,,,,,,,,,,,,,,,,,,,,,,1,"Praha, Konviktská 14, Cloister Inn",,,,"Praha, Konviktská 14, Cloister Inn, Česká republika","Praha, Konviktská 14, Cloister Inn, Česká republika"
"Praha, Kostelní, GENNET","Praha, Kostelní, GENNET","Praha, Kostelní, GENNET, Česká republika",PS 2000/1F- 30min.,PS 2000/1F- 30min.,Derfler - 603 167 282,Derfler - 603 167 282,Praha,18.2.2021 STOP STAV,18.2.2021 STOP STAV,2027-04-21,,352.0,Více než 60 dnů,zelená,50.09692,14.42227,OK Mapy.com,,čeká na přesné geokódování,"praha, kostelní, gennet, česká republika",,2027-04-21,352.0,Více než 60 dnů,zelená,2027-04-21 (plánovaná),"Kalendář FZ - 12 měsíců, 2023.xlsx",395,2016,,,,PS 2000/1F- 30min.,,,,,,21/27,,,,,,,,,,,,,,,,,,,,,,,,,,,,,,,,,,,,,,,,,,,,,,,,,,,,,,,,,,,,,,,,,,,,,,,,,,,,,,,,,,1,"Praha, Kostelní, GENNET",,,,"Praha, Kostelní, GENNET, Česká republika","Praha, Kostelní, GENNET, Česká republika"
"Praha, Koubkova 12","Praha, Koubkova 12","Praha, Koubkova 12, Česká republika",ASTIP STRONG 20kVA/3F -45 minut,ASTIP STRONG 20kVA/3F -45 minut,Opletal 777 168 685,Opletal 777 168 685,Praha,"pan Opletal, chce revize 1 x ročně","pan Opletal, chce revize 1 x ročně",2026-06-12,,39.0,30–60 dnů,žlutá,50.072,14.43271,OK Mapy.com,,čeká na přesné geokódování,"praha, koubkova 12, česká republika",,2026-06-12,39.0,30–60 dnů,žlutá,2026-06-12 (plánovaná),"Kalendář FZ - 12 měsíců, 2023.xlsx",396,2024,ano,ano,,ASTIP STRONG 20kVA/3F -45 minut,,,,,,,,12/26,,,,,,,,,,,,,,,,,,,,,,,,,,,,,,,,,,,,,,,,,,,,,,,,,,,,,,,,,,,,,,,,,,,,,,,,,,,,,,,,1,"Praha, Koubkova 12",,,,"Praha, Koubkova 12, Česká republika","Praha, Koubkova 12, Česká republika"
"Praha, Kovářská 15, hotel Aréna","Praha, Kovářská 15, hotel Aréna","Praha, Kovářská 15, hotel Aréna, Česká republika","Lift Back 7500/3f, 45 min","Lift Back 7500/3f, 45 min","Jiří Mareš, 223 002 413","Jiří Mareš, 223 002 413",Praha,"udržba p. Landsinger, tel. ???","udržba p. Landsinger, tel. ???",2026-07-08,2026-01-08,65.0,Více než 60 dnů,zelená,50.10661,14.49069,OK Mapy.com,,čeká na přesné geokódování,"praha, kovářská 15, hotel aréna, česká republika",2026-01-08,2026-07-08,65.0,Více než 60 dnů,zelená,2026-01-08 (proběhlá); 2026-07-08 (plánovaná),Kalendář FZ - 6 měsíců.xlsx,253,2015,,,"Jiří Mareš, 223 002 413","Lift Back 7500/3f, 45 min","Praha, Kovářská 15, hotel Aréna",,8/26,,,,,,8/26,,,,,,,8500,Jiří Mareš,Jiří Mareš,nepodepsaná smlouva,,,,,,,,,,,,,,,,,,,,,,,,,,,,,,,,,,,,,,,,,,,,,,,,,,,,,,,,,,,,,,,,,,,,,2,,,,,"Praha, Kovářská 15, hotel Aréna, Česká republika","Praha, Kovářská 15, hotel Aréna, Česká republika"
"Praha, Kovářská 2537_5, BD","Praha, Kovářská 2537_5, BD","Praha, Kovářská 2537/5, BD, Česká republika",ASTIP STRONG 15kVA/3kVA/3F -45 minut,ASTIP STRONG 15kVA/3kVA/3F -45 minut,Zelenka 725 013 376,Zelenka 725 013 376,Praha,,,2026-04-22,2026-04-22,-12.0,Po termínu,červená,50.10573,14.49144,OK Mapy.com,,čeká na přesné geokódování,"praha, kovářská 2537/5, bd, česká republika",2026-04-22,2026-04-22,-12.0,Po termínu,červená,2026-04-22 (plánovaná),"Kalendář FZ - 12 měsíců, 2023.xlsx",397,2022,,,,ASTIP STRONG 15kVA/3kVA/3F -45 minut,,,,,,22/26,,,,,,,,,,,,,,,,,,,,,,,,,,,,,,,,,,,,,,,,,,,,,,,,,,,,,,,,,,,,,,,,,,,,,,,,,,,,,,,,,,1,"Praha, Kovářská 2537_5, BD",,,,"Praha, Kovářská 2537/5, BD, Česká republika","Praha, Kovářská 2537/5, BD, Česká republika"
"Praha, Kramperova 6, 2","Praha, Kramperova 6, 2","Praha, Kramperova 6, 2, Česká republika","Astip PS 30 000/3f-10,30,45 minut, 2 x Astip PS 500VA,","Astip PS 30 000/3f-10,30,45 minut, 2 x Astip PS 500VA,",SVJ Brůžek 602 406 504,SVJ Brůžek 602 406 504,Praha,,,2026-05-25,2025-11-25,21.0,7–30 dnů,oranžová,50.00739,14.45506,OK Mapy.com,,čeká na přesné geokódování,"praha, kramperova 6, 2, česká republika",2025-11-25,2026-05-25,21.0,7–30 dnů,oranžová,2025-11-25 (proběhlá); 2026-05-25 (plánovaná),Kalendář FZ - 6 měsíců.xlsx,254,2018,,,SVJ Brůžek 602 406 504,"Astip PS 30 000/3f-10,30,45 minut, 2 x Astip PS 500VA, ","Praha, Kramperova 6, 2",,,,,,25/26,,,,,,25/25,,,,,,,,,,,,,,,,,,,,,,,,,,,,,,,,,,,,,,,,,,,,,,,,,,,,,,,,,,,,,,,,,,,,,,,,,,,2,,,,,"Praha, Kramperova 6, 2, Česká republika","Praha, Kramperova 6, 2, Česká republika"
"Praha, Kubišova 2, Pod Barvířkou  Hotel Aida","Praha, Kubišova 2, Pod Barvířkou  Hotel Aida","Pod Barvířkou Hotel Aida, Kubišova 2, Praha, Česká republika",PS 10kVA/3F - 45minut,PS 10kVA/3F - 45minut,Absolonová 602 371 413,Absolonová 602 371 413,Praha,,,2026-05-06,2025-11-06,2.0,Méně než 7 dnů,červená,50.12093,14.45319,upraveno - znovu geokódovat,,Adresa automaticky upravena pro Mapy.com; spusť znovu geokodér.,"praha, kubišova 2, pod barvířkou hotel aida, česká republika",2025-11-06,2026-05-06,2.0,Méně než 7 dnů,červená,2025-11-06 (proběhlá); 2026-05-06 (plánovaná),Kalendář FZ - 6 měsíců.xlsx,255,2016,,,Absolonová 602 371 413,PS 10kVA/3F - 45minut,"Praha, Kubišova 2, Pod Barvířkou  Hotel Aida",,,,,,6/26,,,,,,6/25,,,7300,,,,,,,,,,,,,,,,,,,,,,,,,,,,,,,,,,,,,,,,,,,,,,,,,,,,,,,,,,,,,,,,,,,,,,,,2,,,,,"Praha, Kubišova 2, Pod Barvířkou Hotel Aida, Česká republika","Pod Barvířkou Hotel Aida, Kubišova 2, Praha, Česká republika"
"Praha, Kurandové 1282_2,4,6,8,10,12,14","Praha, Kurandové 1282_2,4,6,8,10,12,14","Praha, Kurandové 1282/2, 4, 6, 8, 10, 12, 14, Česká republika","ASTIP STRONG 40kVA/3F-10,30,45,60 minut","ASTIP STRONG 40kVA/3F-10,30,45,60 minut",Endt 722 927 404,Endt 722 927 404,Praha,,,2027-01-29,,270.0,Více než 60 dnů,zelená,50.03161,14.37907,OK Mapy.com,,čeká na přesné geokódování,"praha, kurandové 1282/2, 4, 6, 8, 10, 12, 14, česká republika",,2027-01-29,270.0,Více než 60 dnů,zelená,2027-01-29 (plánovaná),"Kalendář FZ - 12 měsíců, 2023.xlsx",400,2022,,,,"ASTIP STRONG 40kVA/3F-10,30,45,60 minut",,,29/27,,,,,,,,,,,,,,,,,,,,,,,,,,,,,,,,,,,,,,,,,,,,,,,,,,,,,,,,,,,,,,,,,,,,,,,,,,,,,,,,,,,,,1,"Praha, Kurandové 1282_2,4,6,8,10,12,14",,,,"Praha, Kurandové 1282/2, 4, 6, 8, 10, 12, 14, Česká republika","Praha, Kurandové 1282/2, 4, 6, 8, 10, 12, 14, Česká republika"
"Praha, Kurta Konráda 1","Praha, Kurta Konráda 1","Praha, Kurta Konráda 1, Česká republika",ASTIP STRONG 10 kVA/3F -45 minut,ASTIP STRONG 10 kVA/3F -45 minut,"Marounek - Jiviš, 725 496 507","Marounek - Jiviš, 725 496 507",Praha,,,2026-10-01,,150.0,Více než 60 dnů,zelená,50.10375,14.48892,OK Mapy.com,,čeká na přesné geokódování,"praha, kurta konráda 1, česká republika",,2026-10-01,150.0,Více než 60 dnů,zelená,2026-10-01 (plánovaná),"Kalendář FZ - 12 měsíců, 2023.xlsx",401,2020,,,,ASTIP STRONG 10 kVA/3F -45 minut,,,,,,,,,,,,1/26,,,,,,,,,,,,,,,,,,,,,,,,,,,,,,,,,,,,,,,,,,,,,,,,,,,,,,,,,,,,,,,,,,,,,,,,,,,,1,"Praha, Kurta Konráda 1",,,,"Praha, Kurta Konráda 1, Česká republika","Praha, Kurta Konráda 1, Česká republika"
"Praha, Křivoklátská 885, BD","Praha, Křivoklátská 885, BD","BD, Křivoklátská 885, Praha, Česká republika",PS 40kVA/3f 45min.,PS 40kVA/3f 45min.,Pavel Novák - 604 223 881,Pavel Novák - 604 223 881,Praha,,,2027-03-24,,324.0,Více než 60 dnů,zelená,50.139,14.5068,upraveno - znovu geokódovat,,Adresa automaticky upravena pro Mapy.com; spusť znovu geokodér.,"praha, křivoklátská 885, bd, česká republika",,2027-03-24,324.0,Více než 60 dnů,zelená,2027-03-24 (plánovaná),"Kalendář FZ - 12 měsíců, 2023.xlsx",398,2018,ano,,,PS 40kVA/3f 45min.,,,,,24/27,,,,,,,,,,,,,,ano,,,,,,,,,,,,,,,,,,,,,,,,,,,,,,,,,,,,,,,,,,,,,,,,,,,,,,,,,,,,,,,,,,,,,1,"Praha, Křivoklátská 885, BD",,8800,,"Praha, Křivoklátská 885, BD, Česká republika","BD, Křivoklátská 885, Praha, Česká republika"
"Praha, Letiště Praha","Praha, Letiště Praha","Praha, Letiště Praha, Česká republika",STRONG 5 000/3F-4C/1H,STRONG 5 000/3F-4C/1H,Bartl 606 665 466,Bartl 606 665 466,Praha,na rok 2022 už máme objednávku ve složce,na rok 2022 už máme objednávku ve složce,2027-04-01,,332.0,Více než 60 dnů,zelená,50.1084,14.26212,OK Mapy.com,,čeká na přesné geokódování,"praha, letiště praha, česká republika",,2027-04-01,332.0,Více než 60 dnů,zelená,2027-04-01 (plánovaná),"Kalendář FZ - 12 měsíců, 2023.xlsx",402,2018,,,,STRONG 5 000/3F-4C/1H,,,,,,1/27,,,,,,,,,,,,,,,,,,,,,,,,,,,,,,,,,,,,,,,,,,,,,,,,,,,,,,,,,,,,,,,,,,,,,,,,,,,,,,,,,,1,"Praha, Letiště Praha",,,,"Praha, Letiště Praha, Česká republika","Praha, Letiště Praha, Česká republika"
"Praha, Letňanské zahrady E, F, G","Praha, Letňanské zahrady E, F, G","Praha, Letňanské zahrady E, F, G, Česká republika",3x zdroj,3x zdroj,Vaculová - 725 827 057,Vaculová - 725 827 057,Praha,"Hlučkova, Kadečkové, Štanderova 869 -11.2.2021 - dělala se pouze Štanderova 100kVA, kluci nemě,i klíče k ostatním","Hlučkova, Kadečkové, Štanderova 869 -11.2.2021 - dělala se pouze Štanderova 100kVA, kluci nemě,i klíče k ostatním",2021-07-14,2021-01-14,-1755.0,Po termínu,červená,50.14212,14.52107,OK Mapy.com,,čeká na přesné geokódování,"praha, letňanské zahrady e, f, g, česká republika",2021-01-14,2021-07-14,-1755.0,Po termínu,červená,2021-01-14 (proběhlá); 2021-07-14 (plánovaná),Kalendář FZ - 6 měsíců.xlsx,256,2018,,,Vaculová - 725 827 057,3x zdroj,"Praha, Letňanské zahrady E, F, G",,14/21,,,,,,14/21,,,,,,,,,,,,,,,,,,,,,,,,,,,,,,,,,,,,,,,,,,,,,,,,,,,,,,,,,,,,,,,,,,,,,,,,,,,,,,,2,,,,,"Praha, Letňanské zahrady E, F, G, Česká republika","Praha, Letňanské zahrady E, F, G, Česká republika"
"Praha, Lhotecká 446, OBI","Praha, Lhotecká 446, OBI","Praha, Lhotecká 446, OBI, Česká republika",PS 30 000/3F -35 minut,PS 30 000/3F -35 minut,Karlín 605 296 296,Karlín 605 296 296,Praha,"2024 -nabídka na nový zdroj, řeší Kuba Veselský, tak z toho nic nebude…JV -stále bez zpětné vazby, pokud se neozvou sami, tak nic","2024 -nabídka na nový zdroj, řeší Kuba Veselský, tak z toho nic nebude…JV -stále bez zpětné vazby, pokud se neozvou sami, tak nic",,2022-05-05,,Bez termínu,šedá,50.01561,14.43027,OK Mapy.com,,čeká na přesné geokódování,"praha, lhotecká 446, obi, česká republika",2022-05-05,,,Bez termínu,šedá,2022-05-05 (nezjištěno),Kalendář FZ - 6 měsíců.xlsx,257,2010,,,Karlín 605 296 296,PS 30 000/3F -35 minut,"Praha, Lhotecká 446, OBI",,,,,,5/22,,,,,,,,,,,,,,,,,,,,,,,,,,,,,,,,,,,,,,,,,,,,,,,,,,,,,,,,,,,,,,,,,,,,,,,,,,,,,,,,,1,,,,,"Praha, Lhotecká 446, OBI, Česká republika","Praha, Lhotecká 446, OBI, Česká republika"
"Praha, Libocká 643, Domov sv. Rodiny","Praha, Libocká 643, Domov sv. Rodiny","Praha, Libocká 643, Domov sv. Rodiny, Česká republika",ASTIP PS 10kVA/3f-45 minut,ASTIP PS 10kVA/3f-45 minut,Mgr. Stanislav Fiala 737 282 808,Mgr. Stanislav Fiala 737 282 808,Praha,,,2025-08-19,2025-08-19,-258.0,Po termínu,červená,50.08733,14.32875,OK Mapy.com,,čeká na přesné geokódování,"praha, libocká 643, domov sv. rodiny, česká republika",2025-08-19,2025-08-19,-258.0,Po termínu,červená,2025-08-19 (plánovaná),Kalendář FZ - 6 měsíců.xlsx,237,2022,ano,ano,Mgr. Stanislav Fiala 737 282 808,ASTIP PS 10kVA/3f-45 minut,"Praha, Libocká 643, Domov sv. Rodiny",,,,,,,,,19/25,,,,,,,,,,,,,,,,,,,,,,,,,,,,,,,,,,,,,,,,,,,,,,,,,,,,,,,,,,,,,,,,,,,,,,,,,,,,,,1,,,,,"Praha, Libocká 643, Domov sv. Rodiny, Česká republika","Praha, Libocká 643, Domov sv. Rodiny, Česká republika"
"Praha, LIDL, ženské domovy","Praha, LIDL, ženské domovy","Praha, LIDL, ženské domovy, Česká republika",Astip PS 40 000/3F-30 minut,Astip PS 40 000/3F-30 minut,Corradini 724 230 992,Corradini 724 230 992,Praha,,,2027-02-12,,284.0,Více než 60 dnů,zelená,50.08533,14.42555,OK Mapy.com,,čeká na přesné geokódování,"praha, lidl, ženské domovy, česká republika",,2027-02-12,284.0,Více než 60 dnů,zelená,2027-02-12 (plánovaná),"Kalendář FZ - 12 měsíců, 2023.xlsx",403,2020,,,,Astip PS 40 000/3F-30 minut,,,,12/27,,,,,,,,,,,,,,,,,,,,,,,,,,,,,,,,,,,,,,,,,,,,,,,,,,,,,,,,,,,,,,,,,,,,,,,,,,,,,,,,,,,,1,"Praha, LIDL, ženské domovy",,,,"Praha, LIDL, ženské domovy, Česká republika","Praha, LIDL, ženské domovy, Česká republika"
"Praha, Lihovarská 10, BD","Praha, Lihovarská 10, BD","BD, Lihovarská 10, Praha, Česká republika",ASTIP STRONG 3000VA/3F-10 minut,ASTIP STRONG 3000VA/3F-10 minut,Holanová 732 283 103,Holanová 732 283 103,Praha,3.3.2025 -posílám juzovi,3.3.2025 -posílám juzovi,2024-07-09,2024-07-09,-664.0,Po termínu,červená,50.10445,14.48677,upraveno - znovu geokódovat,,Adresa automaticky upravena pro Mapy.com; spusť znovu geokodér.,"praha, lihovarská 10, bd, česká republika",2024-07-09,2024-07-09,-664.0,Po termínu,červená,2024-07-09 (plánovaná),"Kalendář FZ - 12 měsíců, 2023.xlsx",405,2018,,,,ASTIP STRONG 3000VA/3F-10 minut,,,,,,,,,9/24,,,,,,,,,,,,,,,,,,,,,,,,,,,,,,,,,,,,,,,,,,,,,,,,,,,,,,,,,,,,,,,,,,,,,,,,,,,,,,,1,"Praha, Lihovarská 10, BD",,,,"Praha, Lihovarská 10, BD, Česká republika","BD, Lihovarská 10, Praha, Česká republika"
"Praha, Lihovarská 8, BD","Praha, Lihovarská 8, BD","BD, Lihovarská 8, Praha, Česká republika",ASTIP STRONG 2000VA/3F-10 minut,ASTIP STRONG 2000VA/3F-10 minut,Holanová 732 283 103,Holanová 732 283 103,Praha,3.3.2025 - posílám juzovi,3.3.2025 - posílám juzovi,2024-07-09,2024-07-09,-664.0,Po termínu,červená,50.10437,14.48687,upraveno - znovu geokódovat,,Adresa automaticky upravena pro Mapy.com; spusť znovu geokodér.,"praha, lihovarská 8, bd, česká republika",2024-07-09,2024-07-09,-664.0,Po termínu,červená,2024-07-09 (plánovaná),"Kalendář FZ - 12 měsíců, 2023.xlsx",404,2018,,,,ASTIP STRONG 2000VA/3F-10 minut,,,,,,,,,9/24,,,,,,,,,,,,,,,,,,,,,,,,,,,,,,,,,,,,,,,,,,,,,,,,,,,,,,,,,,,,,,,,,,,,,,,,,,,,,,,1,"Praha, Lihovarská 8, BD",,,,"Praha, Lihovarská 8, BD, Česká republika","BD, Lihovarská 8, Praha, Česká republika"
"Praha, Lucemburská 9, ubytovna","Praha, Lucemburská 9, ubytovna","Praha, Lucemburská 9, ubytovna, Česká republika",ASTIP PS 20kVA/10kVA/3F -45 minut,ASTIP PS 20kVA/10kVA/3F -45 minut,Jasmin Zoronjic  775 527 730,Jasmin Zoronjic  775 527 730,Praha,,,2026-10-01,2026-04-01,150.0,Více než 60 dnů,zelená,50.07891,14.45314,OK Mapy.com,,čeká na přesné geokódování,"praha, lucemburská 9, ubytovna, česká republika",2026-04-01,2026-10-01,150.0,Více než 60 dnů,zelená,2026-04-01 (proběhlá); 2026-10-01 (plánovaná),Kalendář FZ - 6 měsíců.xlsx,258,2022,"ano !!!! Fakt ohlídat,nepříjemní jsou",ano,Jasmin Zoronjic  775 527 730,ASTIP PS 20kVA/10kVA/3F -45 minut,"Praha, Lucemburská 9, ubytovna",,,,,1/26,,,,,,1/26,,,,,,,,,,,,,,,,,,,,,,,,,,,,,,,,,,,,,,,,,,,,,,,,,,,,,,,,,,,,,,,,,,,,,,,,,,,,2,,,,,"Praha, Lucemburská 9, ubytovna, Česká republika","Praha, Lucemburská 9, ubytovna, Česká republika"
"Praha, Lysolajské údolí 444, OS Lysolaje","Praha, Lysolajské údolí 444, OS Lysolaje","Lysolajské údolí 444, OS Lysolaje, Česká republika","ASTIP STRONG 35kVA/7,5kVA/3F -10 minut","ASTIP STRONG 35kVA/7,5kVA/3F -10 minut",Valda údržba 775 887 523,Valda údržba 775 887 523,Praha,,,2027-03-24,,324.0,Více než 60 dnů,zelená,50.12559,14.37415,OK final,,"Dotaz zjednodušen na ulici/číslo + město + ČR/SR, bez názvů objektů.","praha, lysolajské údolí 444, os lysolaje, česká republika",,2027-03-24,324.0,Více než 60 dnů,zelená,2027-03-24 (plánovaná),"Kalendář FZ - 12 měsíců, 2023.xlsx",406,2025,ano,,,"ASTIP STRONG 35kVA/7,5kVA/3F -10 minut",,,,,24/27,,,,,,,,,,,,,,,,,,,,,,,,,,,,,,,,,,,,,,,,,,,,,,,,,,,,,,,,,,,,,,,,,,,,,,,,,,,,,,,,,,,1,"Praha, Lysolajské údolí 444, OS Lysolaje",,,,"Praha, Lysolajské údolí 444, OS Lysolaje, Česká republika","Praha, Lysolajské údolí 444, OS Lysolaje, Česká republika"
"Praha, Lyčkovo náměstí 6, ZŠ a MŠ","Praha, Lyčkovo náměstí 6, ZŠ a MŠ","Praha, Lyčkovo náměstí 6, ZŠ a MŠ, Česká republika",Schrack 7500/3F/10 minut,Schrack 7500/3F/10 minut,Kočí 725 549 625,Kočí 725 549 625,Praha,,,2026-06-10,2025-12-10,37.0,30–60 dnů,žlutá,50.09311,14.45836,OK Mapy.com,,čeká na přesné geokódování,"praha, lyčkovo náměstí 6, zš a mš, česká republika",2025-12-10,2026-06-10,37.0,30–60 dnů,žlutá,2025-12-10 (proběhlá); 2026-06-10 (plánovaná),Kalendář FZ - 6 měsíců.xlsx,259,"2016, 2022",,,Kočí 725 549 625,Schrack 7500/3F/10 minut,"Praha, Lyčkovo náměstí 6, ZŠ a MŠ",,,,,,,10/26,,,,,,10/25,,,,,,,,,,,,,,,,,,,,,,,,,,,,,,,,,,,,,,,,,,,,,,,,,,,,,,,,,,,,,,,,,,,,,,,,,,2,,,,,"Praha, Lyčkovo náměstí 6, ZŠ a MŠ, Česká republika","Praha, Lyčkovo náměstí 6, ZŠ a MŠ, Česká republika"
"Praha, Madridská 24, BD","Praha, Madridská 24, BD","BD, Madridská 24, Praha, Česká republika",ASTIP STRONG 2000VA/1F-10 minut,ASTIP STRONG 2000VA/1F-10 minut,Říhová 775 234 911,Říhová 775 234 911,Praha,,,2024-11-15,2024-11-15,-535.0,Po termínu,červená,50.06988,14.45795,upraveno - znovu geokódovat,,Adresa automaticky upravena pro Mapy.com; spusť znovu geokodér.,"praha, madridská 24, bd, česká republika",2024-11-15,2024-11-15,-535.0,Po termínu,červená,2024-11-15 (plánovaná),"Kalendář FZ - 12 měsíců, 2023.xlsx",407,2022,,,,ASTIP STRONG 2000VA/1F-10 minut,,,,,,,,,,,,,15/24,,,,,,,,,,,,,,,,,,,,,,,,,,,,,,,,,,,,,,,,,,,,,,,,,,,,,,,,,,,,,,,,,,,,,,,,,,,1,"Praha, Madridská 24, BD",,,,"Praha, Madridská 24, BD, Česká republika","BD, Madridská 24, Praha, Česká republika"
"Praha, Makovského 1349/2a, OC Řepy","Praha, Makovského 1349/2a, OC Řepy","Praha, Makovského 1349/2a, OC Řepy, Česká republika",RPO,RPO,Corradini 724 230 992,Corradini 724 230 992,Praha,,,2024-11-27,2024-11-27,-523.0,Po termínu,červená,50.06486,14.30889,OK Mapy.com,,čeká na přesné geokódování,"praha, makovského 1349/2a, oc řepy, česká republika",2024-11-27,2024-11-27,-523.0,Po termínu,červená,2024-11-27 (plánovaná),"Kalendář FZ - 12 měsíců, 2023.xlsx",408,bez,,,,RPO ,,,,,,,,,,,,,27/24,,,,,,,,,,,,,,,,,,,,,,,,,,,,,,,,,,,,,,,,,,,,,,,,,,,,,,,,,,,,,,,,,,,,,,,,,,,1,"Praha, Makovského 1349/2a, OC Řepy",,,,"Praha, Makovského 1349/2a, OC Řepy, Česká republika","Praha, Makovského 1349/2a, OC Řepy, Česká republika"
"Praha, Maltézské náměstí 14, konzervatoř J. Deyla","Praha, Maltézské náměstí 14, konzervatoř J. Deyla","Praha, Maltézské náměstí 14, konzervatoř J. Deyla, Česká republika",PS 15 000/3f-45 minut,PS 15 000/3f-45 minut,Kefurt 777 833 090,Kefurt 777 833 090,Praha,,,2026-08-19,2026-02-19,107.0,Více než 60 dnů,zelená,50.08594,14.4054,OK Mapy.com,,čeká na přesné geokódování,"praha, maltézské náměstí 14, konzervatoř j. deyla, česká republika",2026-02-19,2026-08-19,107.0,Více než 60 dnů,zelená,2026-02-19 (proběhlá); 2026-08-19 (plánovaná),Kalendář FZ - 6 měsíců.xlsx,261,2017,,,Kefurt 777 833 090,PS 15 000/3f-45 minut,"Praha, Maltézské náměstí 14, konzervatoř J. Deyla",,,19/26,,,,,,19/26,,,,,,7200,,,,,,,,,,,,,,,,,,,,,,,,,,,,,,,,,,,,,,,,,,,,,,,,,,,,,,,,,,,,,,,,,,,,,,,,2,,,,,"Praha, Maltézské náměstí 14, konzervatoř J. Deyla, Česká republika","Praha, Maltézské náměstí 14, konzervatoř J. Deyla, Česká republika"
"Praha, Maltézské náměstí 8, BD s ubytovnou","Praha, Maltézské náměstí 8, BD s ubytovnou","BD s ubytovnou, Maltézské náměstí 8, Praha, Česká republika",PS 10kVA/3F-45 minut,PS 10kVA/3F-45 minut,"Jindřich Brém| provozní manažer|
Tel: 603 226 092","Jindřich Brém| provozní manažer|
Tel: 603 226 092",Praha,hlídáme sami,hlídáme sami,2026-06-11,2025-12-11,38.0,30–60 dnů,žlutá,50.08634,14.40489,upraveno - znovu geokódovat,,Adresa automaticky upravena pro Mapy.com; spusť znovu geokodér.,"praha, maltézské náměstí 8, bd s ubytovnou, česká republika",2025-12-11,2026-06-11,38.0,30–60 dnů,žlutá,2025-12-11 (proběhlá); 2026-06-11 (plánovaná),Kalendář FZ - 6 měsíců.xlsx,262,2021,ano,ano,"Jindřich Brém| provozní manažer|
Tel: 603 226 092",PS 10kVA/3F-45 minut,"Praha, Maltézské náměstí 8, BD s ubytovnou",,,,,,,11/26,,,,,,11/25,,,,,,,,,,,,,,,,,,,,,,,,,,,,,,,,,,,,,,,,,,,,,,,,,,,,,,,,,,,,,,,,,,,,,,,,,,2,,,,,"Praha, Maltézské náměstí 8, BD s ubytovnou, Česká republika","BD s ubytovnou, Maltézské náměstí 8, Praha, Česká republika"
"Praha, Mantovská 734","Praha, Mantovská 734","Praha, Mantovská 734, Česká republika",2x 25kVA/3f-60 min/2x 15kVA/3f-60 min,2x 25kVA/3f-60 min/2x 15kVA/3f-60 min,Vejsadová 777 737 917,Vejsadová 777 737 917,Praha,UKRADENO UPS.CZ,UKRADENO UPS.CZ,,,,Bez termínu,šedá,50.04113,14.56968,OK Mapy.com,,čeká na přesné geokódování,"praha, mantovská 734, česká republika",,,,Bez termínu,šedá,,"Kalendář FZ - 12 měsíců, 2023.xlsx",411,2015,,,,2x 25kVA/3f-60 min/2x 15kVA/3f-60 min,,,,,,,,,,,5,9,,,,,,,,,,,,,,,,,,,,,,,,,,,,,,,,,,,,,,,,,,,,,,,,,,,,,,,,,,,,,,,,,,,,,,,,,,,,0,"Praha, Mantovská 734",,,,"Praha, Mantovská 734, Česká republika","Praha, Mantovská 734, Česká republika"
"Praha, Mantovská 780,2","Praha, Mantovská 780,2","Praha, Mantovská 780, 2, Česká republika","Astip PS LiftBack 30 000/3f-30,45 minut","Astip PS LiftBack 30 000/3f-30,45 minut",Polák 725 303 373,Polák 725 303 373,Praha,,,2026-05-13,2025-11-13,9.0,7–30 dnů,oranžová,50.04171,14.56964,OK Mapy.com,,čeká na přesné geokódování,"praha, mantovská 780, 2, česká republika",2025-11-13,2026-05-13,9.0,7–30 dnů,oranžová,2025-11-13 (proběhlá); 2026-05-13 (plánovaná),Kalendář FZ - 6 měsíců.xlsx,263,2019,,,Polák 725 303 373,"Astip PS LiftBack 30 000/3f-30,45 minut","Praha, Mantovská 780,2",,,,,,13/26,,,,,,13/25,,,,,,,,,,,,,,,,,,,,,,,,,,,,,,,,,,,,,,,,,,,,,,,,,,,,,,,,,,,,,,,,,,,,,,,,,,,2,,,,,"Praha, Mantovská 780, 2, Česká republika","Praha, Mantovská 780, 2, Česká republika"
"Praha, Masná 13, ŠJ","Praha, Masná 13, ŠJ","Praha, Masná 13, ŠJ, Česká republika",ASTIP STRONG 2kVA/3F-10 minut,ASTIP STRONG 2kVA/3F-10 minut,Karlíková 774 412 641,Karlíková 774 412 641,Praha,,,2026-09-24,2026-03-24,143.0,Více než 60 dnů,zelená,50.08952,14.42458,OK Mapy.com,,čeká na přesné geokódování,"praha, masná 13, šj, česká republika",2026-03-24,2026-09-24,143.0,Více než 60 dnů,zelená,2026-03-24 (proběhlá); 2026-09-24 (plánovaná),Kalendář FZ - 6 měsíců.xlsx,264,2025,,,Karlíková 774 412 641,ASTIP STRONG 2kVA/3F-10 minut,"Praha, Masná 13, ŠJ",,,,24/26,,,,,,24/26,,,,,,,,,,,,,,,,,,,,,,,,,,,,,,,,,,,,,,,,,,,,,,,,,,,,,,,,,,,,,,,,,,,,,,,,,,,,,2,,,,,"Praha, Masná 13, ŠJ, Česká republika","Praha, Masná 13, ŠJ, Česká republika"
"Praha, Menclova 2493, 2494, Smrčkova 2495","Praha, Menclova 2493, 2494, Smrčkova 2495","Menclova 2493, Praha, Česká republika",3x STRONG 20 000/3f,3x STRONG 20 000/3f,Zdeněk Gregar - 777 327 401,Zdeněk Gregar - 777 327 401,Praha,,,2026-03-06,2026-03-06,-59.0,Po termínu,červená,50.10545,14.46595,upraveno - znovu geokódovat,,Adresa automaticky upravena pro Mapy.com; spusť znovu geokodér.,"praha, menclova 2493, 2494, smrčkova 2495, česká republika",2026-03-06,2026-03-06,-59.0,Po termínu,červená,2026-03-06 (plánovaná),"Kalendář FZ - 12 měsíců, 2023.xlsx",413,2018,,,,3x STRONG 20 000/3f,,,,,"6/26 -2493, 20/26 2494, 2495",,,,,,,,,,,,,,,,,,,,,,,,,,,,,,,,,,,,,,,,,,,,,,,,,,,,,,,,,,,,,,,,,,,,,,,,,,,,,,,,,,,1,"Praha, Menclova 2493, 2494, Smrčkova 2495",,,,"Praha, Menclova 2493, 2494, Smrčkova 2495, Česká republika","Menclova 2493, Praha, Česká republika"
"Praha, Mezi vodami 2349/45","Praha, Mezi vodami 2349/45","Praha, Mezi vodami 2349/45, Česká republika",ASTIP PS 150kVA/3F-45 minut,ASTIP PS 150kVA/3F-45 minut,Eport Kafka,Eport Kafka,Praha,02/2022 BD Modřany - musí se tam vyměnit baterky za lifepa,02/2022 BD Modřany - musí se tam vyměnit baterky za lifepa,2026-09-18,,137.0,Více než 60 dnů,zelená,50.01763,14.4011,OK Mapy.com,,čeká na přesné geokódování,"praha, mezi vodami 2349/45, česká republika",,2026-09-18,137.0,Více než 60 dnů,zelená,2026-09-18 (plánovaná),"Kalendář FZ - 12 měsíců, 2023.xlsx",414,2020,,,,ASTIP PS 150kVA/3F-45 minut,,,,,,,,,,,18/26,,,,,,,,,,,,,,,,,,,,,,,,,,,,,,,,,,,,,,,,,,,,,,,,,,,,,,,,,,,,,,,,,,,,,,,,,,,,,1,"Praha, Mezi vodami 2349/45",,,,"Praha, Mezi vodami 2349/45, Česká republika","Praha, Mezi vodami 2349/45, Česká republika"
"Praha, Miličova 29, hotel Zvěřina","Praha, Miličova 29, hotel Zvěřina","hotel Zvěřina, Miličova 29, Praha, Česká republika","ASTIP STRONG 150kVA/20kVA/3F-45,60 minut","ASTIP STRONG 150kVA/20kVA/3F-45,60 minut",Kutlak 777 949 667,Kutlak 777 949 667,Praha,,,2026-07-08,2026-01-08,65.0,Více než 60 dnů,zelená,50.08645,14.45206,upraveno - znovu geokódovat,,Adresa automaticky upravena pro Mapy.com; spusť znovu geokodér.,"praha, miličova 29, hotel zvěřina, česká republika",2026-01-08,2026-07-08,65.0,Více než 60 dnů,zelená,2026-01-08 (proběhlá); 2026-07-08 (plánovaná),Kalendář FZ - 6 měsíců.xlsx,265,2022,,,Kutlak 777 949 667,"ASTIP STRONG 150kVA/20kVA/3F-45,60 minut","Praha, Miličova 29, hotel Zvěřina",,8/26,,,,,,8/26,,,,,,,,,,,,,,,,,,,,,,,,,,,,,,,,,,,,,,,,,,,,,,,,,,,,,,,,,,,,,,,,,,,,,,,,,,,,,,,2,,,,,"Praha, Miličova 29, hotel Zvěřina, Česká republika","hotel Zvěřina, Miličova 29, Praha, Česká republika"
"Praha, Miroslava Hajna 759/3","Praha, Miroslava Hajna 759/3","Praha, Miroslava Hajna 759/3, Česká republika",ASTIP PS 150/1F -24 hodin,ASTIP PS 150/1F -24 hodin,Pavel Manich 776 767 767,Pavel Manich 776 767 767,Praha,14.5.2021 stop stav,14.5.2021 stop stav,,2021-05-14,,Bez termínu,šedá,50.13981,14.51966,OK Mapy.com,,čeká na přesné geokódování,"praha, miroslava hajna 759/3, česká republika",2021-05-14,,,Bez termínu,šedá,2021-05-14 (nezjištěno),"Kalendář FZ - 12 měsíců, 2023.xlsx",415,2013,,,,ASTIP PS 150/1F -24 hodin,,,,,,,14/21,,,,,,,,,,,,,,,,,,,,,,,,,,,,,,,,,,,,,,,,,,,,,,,,,,,,,,,,,,,,,,,,,,,,,,,,,,,,,,,,,1,"Praha, Miroslava Hajna 759/3",,,,"Praha, Miroslava Hajna 759/3, Česká republika","Praha, Miroslava Hajna 759/3, Česká republika"
"Praha, Modenská 697/6","Praha, Modenská 697/6","Praha, Modenská 697/6, Česká republika","PS 20kVA/3F-45 minut, 12 kVA/3F-1H","PS 20kVA/3F-45 minut, 12 kVA/3F-1H",kucera@optimcare.cz,kucera@optimcare.cz,Praha,"3.3.2025 -znovu a mají tam jiná zařízení, 26.6.2024 - poslán dotaz na kučeru …...1.4.2021 -STOP STAV, na revizi jsme před tím nikdy nebyli…","3.3.2025 -znovu a mají tam jiná zařízení, 26.6.2024 - poslán dotaz na kučeru …...1.4.2021 -STOP STAV, na revizi jsme před tím nikdy nebyli…",,2021-04-01,,Bez termínu,šedá,50.04044,14.56872,OK Mapy.com,,čeká na přesné geokódování,"praha, modenská 697/6, česká republika",2021-04-01,,,Bez termínu,šedá,2021-04-01 (nezjištěno),"Kalendář FZ - 12 měsíců, 2023.xlsx",416,2014,,,,"PS 20kVA/3F-45 minut, 12 kVA/3F-1H",,,,,,1/21,,,,,,,,,,,,,,,,,,,,,,,,,,,,,,,,,,,,,,,,,,,,,,,,,,,,,,,,,,,,,,,,,,,,,,,,,,,,,,,,,,1,"Praha, Modenská 697/6",,,,"Praha, Modenská 697/6, Česká republika","Praha, Modenská 697/6, Česká republika"
"Praha, Modenská Clasifica","Praha, Modenská Clasifica","Modenská Clasifica, Česká republika",PS 40kVA/3f a 25kVA/3f,PS 40kVA/3f a 25kVA/3f,,,Praha,,,2020-10-02,2020-04-02,-2040.0,Po termínu,červená,50.08355,14.43414,OK final,,"Dotaz zjednodušen na ulici/číslo + město + ČR/SR, bez názvů objektů.","praha, modenská clasifica, česká republika",2020-04-02,2020-10-02,-2040.0,Po termínu,červená,2020-04-02 (proběhlá); 2020-10-02 (plánovaná),Kalendář FZ - 6 měsíců.xlsx,266,2015,,,,PS 40kVA/3f a 25kVA/3f,"Praha, Modenská Clasifica",,,,,2/20,,,,,,2/20,,,,,,,,,,,,,,,,,,,,,,,,,,,,,,,,,,,,,,,,,,,,,,,,,,,,,,,,,,,,,,,,,,,,,,,,,,,,2,,,,,"Praha, Modenská Clasifica, Česká republika","Modenská Clasifica, Praha, Česká republika"
"Praha, Modrého 1104/1","Praha, Modrého 1104/1","Praha, Modrého 1104/1, Česká republika",PS 15kVA/3f-45 minut,PS 15kVA/3f-45 minut,Zdeňka Míková - 777 757 237,Zdeňka Míková - 777 757 237,Praha,"2024 -nový pajšl, nové výroní číslo…","2024 -nový pajšl, nové výroní číslo…",2026-05-27,,23.0,7–30 dnů,oranžová,50.10579,14.52454,OK Mapy.com,,čeká na přesné geokódování,"praha, modrého 1104/1, česká republika",,2026-05-27,23.0,7–30 dnů,oranžová,2026-05-27 (plánovaná),"Kalendář FZ - 12 měsíců, 2023.xlsx",417,"2015, nově 2024",,,,  PS 15kVA/3f-45 minut,,,,,,,27/26,,,,,,,,,,,,,,,,,,,,,,,,,,,,,,,,,,,,,,,,,,,,,,,,,,,,,,,,,,,,,,,,,,,,,,,,,,,,,,,,,1,"Praha, Modrého 1104/1",,,,"Praha, Modrého 1104/1, Česká republika","Praha, Modrého 1104/1, Česká republika"
"Praha, Mozartova 14","Praha, Mozartova 14","Praha, Mozartova 14, Česká republika",PS 20kVA/3F-45minut,PS 20kVA/3F-45minut,Gálová - 602 561 617,Gálová - 602 561 617,Praha,,,2027-01-28,,269.0,Více než 60 dnů,zelená,50.07116,14.39601,OK Mapy.com,,čeká na přesné geokódování,"praha, mozartova 14, česká republika",,2027-01-28,269.0,Více než 60 dnů,zelená,2027-01-28 (plánovaná),"Kalendář FZ - 12 měsíců, 2023.xlsx",418,2017,,,,PS 20kVA/3F-45minut,,,28/27,,,,,,,,,,,,,,,,,,,,,,,,,,,,,,,,,,,,,,,,,,,,,,,,,,,,,,,,,,,,,,,,,,,,,,,,,,,,,,,,,,,,,1,"Praha, Mozartova 14",,7200,,"Praha, Mozartova 14, Česká republika","Praha, Mozartova 14, Česká republika"
"Praha, Musílkova 4","Praha, Musílkova 4","Praha, Musílkova 4, Česká republika",STRONG 2000/1F -30 minut,STRONG 2000/1F -30 minut,Šára 775 258 432,Šára 775 258 432,Praha,,,2026-04-29,2026-04-29,-5.0,Po termínu,červená,50.0685,14.36972,OK Mapy.com,,čeká na přesné geokódování,"praha, musílkova 4, česká republika",2026-04-29,2026-04-29,-5.0,Po termínu,červená,2026-04-29 (plánovaná),"Kalendář FZ - 12 měsíců, 2023.xlsx",419,2019,ano,,,STRONG 2000/1F -30 minut,,,,,,29/26,,,,,,,,,,,,,,,,,,,,,,,,,,,,,,,,,,,,,,,,,,,,,,,,,,,,,,,,,,,,,,,,,,,,,,,,,,,,,,,,,,1,"Praha, Musílkova 4",,,,"Praha, Musílkova 4, Česká republika","Praha, Musílkova 4, Česká republika"
"Praha, Mužíkova 1759, Závišova 1760, rezidence Nuselský pivovar","Praha, Mužíkova 1759, Závišova 1760, rezidence Nuselský pivovar","rezidence Nuselský pivovar, Mužíkova 1759, Praha, Česká republika",2 x ASTIP STRONG 30kVA/3F-45 minut,2 x ASTIP STRONG 30kVA/3F-45 minut,Kočí správce 778 701 061,Kočí správce 778 701 061,Praha,,,2026-07-03,,60.0,Více než 60 dnů,zelená,50.066,14.43815,upraveno - znovu geokódovat,,Adresa automaticky upravena pro Mapy.com; spusť znovu geokodér.,"praha, mužíkova 1759, závišova 1760, rezidence nuselský pivovar, česká republika",,2026-07-03,60.0,Více než 60 dnů,zelená,2026-07-03 (plánovaná),"Kalendář FZ - 12 měsíců, 2023.xlsx",335,2024,,,,2 x ASTIP STRONG 30kVA/3F-45 minut,,,,,,,,,3/26,,,,,,,,,,,,,,,,,,,,,,,,,,,,,,,,,,,,,,,,,,,,,,,,,,,,,,,,,,,,,,,,,,,,,,,,,,,,,,,1,"Praha, Mužíkova 1759, Závišova 1760, rezidence Nuselský pivovar",,,,"Praha, Mužíkova 1759, Závišova 1760, rezidence Nuselský pivovar, Česká republika","rezidence Nuselský pivovar, Mužíkova 1759, Praha, Česká republika"
"Praha, Máslova 2, Dejvice","Praha, Máslova 2, Dejvice","Praha, Máslova 2, Dejvice, Česká republika",STRONG 15 000/3f -45 minut,STRONG 15 000/3f -45 minut,Vašák - 725 557 572,Vašák - 725 557 572,Praha,,,2027-03-19,,319.0,Více než 60 dnů,zelená,50.11298,14.39224,OK Mapy.com,,čeká na přesné geokódování,"praha, máslova 2, dejvice, česká republika",,2027-03-19,319.0,Více než 60 dnů,zelená,2027-03-19 (plánovaná),"Kalendář FZ - 12 měsíců, 2023.xlsx",412,2018,ano,,,STRONG 15 000/3f -45 minut,,,,,19/27,,,,,,,,,,,,,,,,,,,,,,,,,,,,,,,,,,,,,,,,,,,,,,,,,,,,,,,,,,,,,,,,,,,,,,,,,,,,,,,,,,,1,"Praha, Máslova 2, Dejvice",,,,"Praha, Máslova 2, Dejvice, Česká republika","Praha, Máslova 2, Dejvice, Česká republika"
"Praha, Na Bělidle 23","Praha, Na Bělidle 23","Praha, Na Bělidle 23, Česká republika",ASTIP PS 50kVA/3f-45 minut,ASTIP PS 50kVA/3f-45 minut,Mareš - spravce@idomecky.cz,Mareš - spravce@idomecky.cz,Praha,,,2025-05-15,2025-05-15,-354.0,Po termínu,červená,50.07162,14.40617,OK Mapy.com,,čeká na přesné geokódování,"praha, na bělidle 23, česká republika",2025-05-15,2025-05-15,-354.0,Po termínu,červená,2025-05-15 (plánovaná),"Kalendář FZ - 12 měsíců, 2023.xlsx",420,2018,ano,ano,,ASTIP PS 50kVA/3f-45 minut,,,,,,,15/25,,,,,,,,,,,,,,,,,,,,,,,,,,,,,,,,,,,,,,,,,,,,,,,,,,,,,,,,,,,,,,,,,,,,,,,,,,,,,,,,,1,"Praha, Na Bělidle 23",,,,"Praha, Na Bělidle 23, Česká republika","Praha, Na Bělidle 23, Česká republika"
"Praha, Na Chvalské tvrzi","Praha, Na Chvalské tvrzi","Praha, Na Chvalské tvrzi, Česká republika",ASTIP PS 40kVA/3F -15 minut,ASTIP PS 40kVA/3F -15 minut,Kamil Tatar 702 096 609,Kamil Tatar 702 096 609,Praha,hlídat sami kontroly,hlídat sami kontroly,2026-05-06,2025-11-06,2.0,Méně než 7 dnů,červená,50.11195,14.59658,OK Mapy.com,,čeká na přesné geokódování,"praha, na chvalské tvrzi, česká republika",2025-11-06,2026-05-06,2.0,Méně než 7 dnů,červená,2025-11-06 (proběhlá); 2026-05-06 (plánovaná),Kalendář FZ - 6 měsíců.xlsx,268,2019,ano,ano,Kamil Tatar 702 096 609,ASTIP PS 40kVA/3F -15 minut,"Praha, Na Chvalské tvrzi",,,,,,6/26,,,,,,6/25,,,,,,,,,,,,,,,,,,,,,,,,,,,,,,,,,,,,,,,,,,,,,,,,,,,,,,,,,,,,,,,,,,,,,,,,,,,2,,,,,"Praha, Na Chvalské tvrzi, Česká republika","Praha, Na Chvalské tvrzi, Česká republika"
"Praha, Na Dolinách 24","Praha, Na Dolinách 24","Praha, Na Dolinách 24, Česká republika",PS 1500/3F -30 minut,PS 1500/3F -30 minut,Němec 724 986 792,Němec 724 986 792,Praha,,,2025-01-31,2025-07-31,-458.0,Po termínu,červená,50.05731,14.42487,OK Mapy.com,,čeká na přesné geokódování,"praha, na dolinách 24, česká republika",2025-07-31,2025-01-31,-458.0,Po termínu,červená,2025-01-31 (plánovaná); 2025-07-31 (proběhlá),"Kalendář FZ - 12 měsíců, 2023.xlsx",421,2015,,,,PS 1500/3F -30 minut,,,31/25,,,,,,31/25,,,,,,,,,,,,,,,,,,,,,,,,,,,,,,,,,,,,,,,,,,,,,,,,,,,,,,,,,,,,,,,,,,,,,,,,,,,,,,,2,"Praha, Na Dolinách 24",,,,"Praha, Na Dolinách 24, Česká republika","Praha, Na Dolinách 24, Česká republika"
"Praha, Na Hřebenkách 122","Praha, Na Hřebenkách 122","Praha, Na Hřebenkách 122, Česká republika",Strong 7500/3f - 60 minut,Strong 7500/3f - 60 minut,"Matejíček - 770 100 237, Jirků 778 880 562","Matejíček - 770 100 237, Jirků 778 880 562",Praha,,,2026-08-19,2026-02-19,107.0,Více než 60 dnů,zelená,50.07641,14.37937,OK Mapy.com,,čeká na přesné geokódování,"praha, na hřebenkách 122, česká republika",2026-02-19,2026-08-19,107.0,Více než 60 dnů,zelená,2026-02-19 (proběhlá); 2026-08-19 (plánovaná),Kalendář FZ - 6 měsíců.xlsx,267,2017,,,"Matejíček - 770 100 237, Jirků 778 880 562",Strong 7500/3f - 60 minut,"Praha, Na Hřebenkách 122",,,19/26,,,,,,19/26,,,,,,,,,,,,,,,,,,,,,,,,,,,,,,,,,,,,,,,,,,,,,,,,,,,,,,,,,,,,,,,,,,,,,,,,,,,,,,2,,,,,"Praha, Na Hřebenkách 122, Česká republika","Praha, Na Hřebenkách 122, Česká republika"
"Praha, Na Korábě 3","Praha, Na Korábě 3","Praha, Na Korábě 3, Česká republika",PS 10kVA/3f-45 minut,PS 10kVA/3f-45 minut,Jiviš - 266 310 266,Jiviš - 266 310 266,Praha,doplnit plán rozvadeče!!,doplnit plán rozvadeče!!,2027-01-28,,269.0,Více než 60 dnů,zelená,50.11435,14.467,OK Mapy.com,,čeká na přesné geokódování,"praha, na korábě 3, česká republika",,2027-01-28,269.0,Více než 60 dnů,zelená,2027-01-28 (plánovaná),"Kalendář FZ - 12 měsíců, 2023.xlsx",422,2016,,,,PS 10kVA/3f-45 minut,,,28/27,,,,,,,,,,,,,,,,,,,,,,,,,,,,,,,,,,,,,,,,,,,,,,,,,,,,,,,,,,,,,,,,,,,,,,,,,,,,,,,,,,,,,1,"Praha, Na Korábě 3",,,,"Praha, Na Korábě 3, Česká republika","Praha, Na Korábě 3, Česká republika"
"Praha, Na Křivce 37","Praha, Na Křivce 37","Praha, Na Křivce 37, Česká republika",PS 30kVA/3F-45minut,PS 30kVA/3F-45minut,Kučera - 778 743 147,Kučera - 778 743 147,Praha,UPS.CZ nám ukradlo zdroj,UPS.CZ nám ukradlo zdroj,,,,Bez termínu,šedá,50.05781,14.46442,OK Mapy.com,,čeká na přesné geokódování,"praha, na křivce 37, česká republika",,,,Bez termínu,šedá,,"Kalendář FZ - 12 měsíců, 2023.xlsx",423,2016,ano,,,PS 30kVA/3F-45minut,,,,,,,,,,,,9,,,,,,,,,,,,,,,,,,,,,,,,,,,,,,,,,,,,,,,,,,,,,,,,,,,,,,,,,,,,,,,,,,,,,,,,,,,,0,"Praha, Na Křivce 37",,19500,,"Praha, Na Křivce 37, Česká republika","Praha, Na Křivce 37, Česká republika"
"Praha, Na Křtině 631/1","Praha, Na Křtině 631/1","Praha, Na Křtině 631/1, Česká republika",ASTIP PS 30kVA/3F -30 minut + RPO,ASTIP PS 30kVA/3F -30 minut + RPO,Vít Kozohorský 737 291 959,Vít Kozohorský 737 291 959,Praha,,,2025-10-24,2025-10-24,-192.0,Po termínu,červená,50.02108,14.52487,OK Mapy.com,,čeká na přesné geokódování,"praha, na křtině 631/1, česká republika",2025-10-24,2025-10-24,-192.0,Po termínu,červená,2025-10-24 (plánovaná),"Kalendář FZ - 12 měsíců, 2023.xlsx",424,2019,,,,ASTIP PS 30kVA/3F -30 minut + RPO,,,,,,,,,,,,24/25,,,,,,,,,,,,,,,,,,,,,,,,,,,,,,,,,,,,,,,,,,,,,,,,,,,,,,,,,,,,,,,,,,,,,,,,,,,,1,"Praha, Na Křtině 631/1",,,,"Praha, Na Křtině 631/1, Česká republika","Praha, Na Křtině 631/1, Česká republika"
"Praha, Na Pomezí 24,26,28,30","Praha, Na Pomezí 24,26,28,30","Praha, Na Pomezí 24, 26, 28, 30, Česká republika",4 x STRONG 3kVA/1F -10 minut,4 x STRONG 3kVA/1F -10 minut,Majtán 724 576 161,Majtán 724 576 161,Praha,,,2026-05-15,2026-03-20,11.0,7–30 dnů,oranžová,50.06071,14.36807,OK Mapy.com,,čeká na přesné geokódování,"praha, na pomezí 24, 26, 28, 30, česká republika",2026-03-20,2026-05-15,11.0,7–30 dnů,oranžová,2024-04-27 (plánovaná); 2026-03-20 (plánovaná); 2026-05-15 (plánovaná),"Kalendář FZ - 12 měsíců, 2023.xlsx",425,2020,,,,4 x STRONG 3kVA/1F -10 minut,,,,,20/26-N1-N3,27/24-N4,15/26-24,,,,,,,,,,,,,,,,,,,,,,,,,,,,,,,,,,,,,,,,,,,,,,,,,,,,,,,,,,,,,,,,,,,,,,,,,,,,,,,,,3,"Praha, Na Pomezí 24,26,28,30",,,,"Praha, Na Pomezí 24, 26, 28, 30, Česká republika","Praha, Na Pomezí 24, 26, 28, 30, Česká republika"
"Praha, Na Poříčí, MB 48 - Opletal","Praha, Na Poříčí, MB 48 - Opletal","Na Poříčí, Opletal, MB 48, Praha, Česká republika",ASTIP STRONG 150kVA/3F-dojezd,ASTIP STRONG 150kVA/3F-dojezd,Opletal 777 168 685,Opletal 777 168 685,Praha,,,2026-08-19,,107.0,Více než 60 dnů,zelená,50.08975,14.43344,upraveno - znovu geokódovat,,Adresa automaticky upravena pro Mapy.com; spusť znovu geokodér.,"praha, na poříčí, mb 48, opletal, česká republika",,2026-08-19,107.0,Více než 60 dnů,zelená,2026-08-19 (plánovaná),"Kalendář FZ - 12 měsíců, 2023.xlsx",409,2024,ano,ano,,ASTIP STRONG 150kVA/3F-dojezd,,,,,,,,,,19/26,,,,,,,,,,,,,,,,,,,,,,,,,,,,,,,,,,,,,,,,,,,,,,,,,,,,,,,,,,,,,,,,,,,,,,,,,,,,,,1,"Praha, Na Poříčí, MB 48 - Opletal",,,,"Praha, Na Poříčí, MB 48, Opletal, Česká republika","Na Poříčí, Opletal, MB 48, Praha, Česká republika"
"Praha, Na Příkopě 23, 25, 27 - 100 YARDS","Praha, Na Příkopě 23, 25, 27 - 100 YARDS","Na Příkopě 23, Praha, Česká republika","ASTIP STRONG Liftback 75kVA/3F -15,45 minut","ASTIP STRONG Liftback 75kVA/3F -15,45 minut",Petr Černý 737 254 953,Petr Černý 737 254 953,Praha,,,2026-05-15,,11.0,7–30 dnů,oranžová,50.08592,14.42588,upraveno - znovu geokódovat,,Adresa automaticky upravena pro Mapy.com; spusť znovu geokodér.,"praha, na příkopě 23, 25, 27, 100 yards, česká republika",,2026-05-15,11.0,7–30 dnů,oranžová,2026-05-15 (plánovaná),"Kalendář FZ - 12 měsíců, 2023.xlsx",426,2024,ano,,,"ASTIP STRONG Liftback 75kVA/3F -15,45 minut",,,,,,,15/26,,,,,,,,,,,,,,,,,,,,,,,,,,,,,,,,,,,,,,,,,,,,,,,,,,,,,,,,,,,,,,,,,,,,,,,,,,,,,,,,,1,"Praha, Na Příkopě 23, 25, 27 - 100 YARDS",,,,"Praha, Na Příkopě 23, 25, 27, 100 YARDS, Česká republika","Na Příkopě 23, Praha, Česká republika"
"Praha, Na Vackově -OS Vackov","Praha, Na Vackově -OS Vackov","Praha, Na Vackově -OS Vackov, Česká republika",A1 - ASTIP STRONG Liftback 100 kVA/3F-60 minut + RPO,A1 - ASTIP STRONG Liftback 100 kVA/3F-60 minut + RPO,"Chocholatý 606 037 128, Metrostav","Chocholatý 606 037 128, Metrostav",Praha,Olgy Havlové,Olgy Havlové,2026-05-27,,23.0,7–30 dnů,oranžová,50.08786,14.48526,OK Mapy.com,,čeká na přesné geokódování,"praha, na vackově -os vackov, česká republika",,2026-05-27,23.0,7–30 dnů,oranžová,2026-09-15 (plánovaná) | 2026-05-27 (plánovaná),"Kalendář FZ - 12 měsíců, 2023.xlsx",427 | 428 | 429,2020,ano,ano,,A1 - ASTIP STRONG Liftback 100 kVA/3F-60 minut + RPO,,,,,,,"27/26-2914,2916",,,,15/26,,,,,,,,,,,,,,,,,,,,,,,,,,,,,,,,,,,,,,,,,,,,,,,,,,,,,,,,,,,,,,,,,,,,,,,,,,,,,3,"Praha, Na Vackově -OS Vackov",,,,"Praha, Na Vackově -OS Vackov, Česká republika","Praha, Na Vackově -OS Vackov, Česká republika"
"Praha, Nad Akcízem 1006,1011","Praha, Nad Akcízem 1006,1011","Praha, Nad Akcízem 1006, 1011, Česká republika","PS 1500/1f-15 min, PS 3000/1f","PS 1500/1f-15 min, PS 3000/1f","Sluen, Rulf, 777 737 910","Sluen, Rulf, 777 737 910",Praha,,,,,,Bez termínu,šedá,50.13922,14.48042,OK Mapy.com,,čeká na přesné geokódování,"praha, nad akcízem 1006, 1011, česká republika",,,,Bez termínu,šedá,,"Kalendář FZ - 12 měsíců, 2023.xlsx",430,"2011, 2012",,,,"PS 1500/1f-15 min, PS 3000/1f",,,,6,,,,,,,,,,,,,Sluen,,,,,,,,,,,,,,,,,,,,,,,,,,,,,,,,,,,,,,,,,,,,,,,,,,,,,,,,,,,,,,,,,,,,,,,0,"Praha, Nad Akcízem 1006,1011",,,,"Praha, Nad Akcízem 1006, 1011, Česká republika","Praha, Nad Akcízem 1006, 1011, Česká republika"
"Praha, Nad Kazankou 19","Praha, Nad Kazankou 19","Praha, Nad Kazankou 19, Česká republika",ASTIP PS 3000/3f-15 minut,ASTIP PS 3000/3f-15 minut,737207242  Margina,737207242  Margina,Praha,,,2026-08-25,,113.0,Více než 60 dnů,zelená,50.11808,14.42456,OK Mapy.com,,čeká na přesné geokódování,"praha, nad kazankou 19, česká republika",,2026-08-25,113.0,Více než 60 dnů,zelená,2026-08-25 (plánovaná),"Kalendář FZ - 12 měsíců, 2023.xlsx",431,2016,,ano,,ASTIP PS 3000/3f-15 minut,,,,,,,,,,25/26,,,,,,,,,,,,,,,,,,,,,,,,,,,,,,,,,,,,,,,,,,,,,,,,,,,,,,,,,,,,,,,,,,,,,,,,,,,,,,1,"Praha, Nad Kazankou 19",,,,"Praha, Nad Kazankou 19, Česká republika","Praha, Nad Kazankou 19, Česká republika"
"Praha, Nad Kazankou 71/41","Praha, Nad Kazankou 71/41","Praha, Nad Kazankou 71/41, Česká republika",RPO + ASTIP STRONG 1000/1F-60 minut,RPO + ASTIP STRONG 1000/1F-60 minut,"Bess Building, pan Novotný 604296461","Bess Building, pan Novotný 604296461",Praha,,,2025-07-22,2025-07-22,-286.0,Po termínu,červená,50.11821,14.42984,OK Mapy.com,,čeká na přesné geokódování,"praha, nad kazankou 71/41, česká republika",2025-07-22,2025-07-22,-286.0,Po termínu,červená,2023-11-16 (plánovaná); 2025-07-22 (plánovaná),"Kalendář FZ - 12 měsíců, 2023.xlsx",432,2019,,,,RPO + ASTIP STRONG 1000/1F-60 minut,,,,,,,,,22/25-1kva ,,,,16/23 RPO,,,,,,,,,,,,,,,,,,,,,,,,,,,,,,,,,,,,,,,,,,,,,,,,,,,,,,,,,,,,,,,,,,,,,,,,,,,2,"Praha, Nad Kazankou 71/41",,,,"Praha, Nad Kazankou 71/41, Česká republika","Praha, Nad Kazankou 71/41, Česká republika"
"Praha, Nad Přehradou 765","Praha, Nad Přehradou 765","Praha, Nad Přehradou 765, Česká republika",ASTIP PS 5000/3f-45 minut,ASTIP PS 5000/3f-45 minut,Prokešová 703 677 526,Prokešová 703 677 526,Praha,,,2026-10-07,,156.0,Více než 60 dnů,zelená,50.04203,14.54986,OK Mapy.com,,čeká na přesné geokódování,"praha, nad přehradou 765, česká republika",,2026-10-07,156.0,Více než 60 dnů,zelená,2026-10-07 (plánovaná),"Kalendář FZ - 12 měsíců, 2023.xlsx",433,2017,,,,ASTIP PS 5000/3f-45 minut,,,,,,,,,,,,7/26,,,,,,,,,,,,,,,,,,,,,,,,,,,,,,,,,,,,,,,,,,,,,,,,,,,,,,,,,,,,,,,,,,,,,,,,,,,,1,"Praha, Nad Přehradou 765",,,,"Praha, Nad Přehradou 765, Česká republika","Praha, Nad Přehradou 765, Česká republika"
"Praha, Nad Ryšánkou","Praha, Nad Ryšánkou","Praha, Nad Ryšánkou, Česká republika","PS 3kVA/3f, Strong 2kVA/3f-","PS 3kVA/3f, Strong 2kVA/3f-","D.Maxa 606736118, J.Maxa 777321725,dm@atcservisni.cz","D.Maxa 606736118, J.Maxa 777321725,dm@atcservisni.cz",Praha,,,,,,Bez termínu,šedá,50.03855,14.42807,OK Mapy.com,,čeká na přesné geokódování,"praha, nad ryšánkou, česká republika",,,,Bez termínu,šedá,,"Kalendář FZ - 12 měsíců, 2023.xlsx",434,2014,,,,"PS 3kVA/3f, Strong 2kVA/3f-",,,,,,,,,,,,24,,,,,,,,,,,,,,,,,,,,,,,,,,,,,,,,,,,,,,,,,,,,,,,,,,,,,,,,,,,,,,,,,,,,,,,,,,,,0,"Praha, Nad Ryšánkou",,,,"Praha, Nad Ryšánkou, Česká republika","Praha, Nad Ryšánkou, Česká republika"
"Praha, Nad Třebešínem, Senior Komplex","Praha, Nad Třebešínem, Senior Komplex","Praha, Nad Třebešínem, Senior Komplex, Česká republika",STRONG 75 000/3f-45 minut + RPO,STRONG 75 000/3f-45 minut + RPO,Krychfaluschiy 608 081 327,Krychfaluschiy 608 081 327,Praha,,,2026-08-26,2026-02-26,114.0,Více než 60 dnů,zelená,50.08411,14.48762,OK Mapy.com,,čeká na přesné geokódování,"praha, nad třebešínem, senior komplex, česká republika",2026-02-26,2026-08-26,114.0,Více než 60 dnů,zelená,2026-02-26 (proběhlá); 2026-08-26 (plánovaná),Kalendář FZ - 6 měsíců.xlsx,269,2017,ano,,Krychfaluschiy 608 081 327,STRONG 75 000/3f-45 minut + RPO,"Praha, Nad Třebešínem, Senior Komplex",,,26/26,,,,,,26/26,,,,,,,,,,,,,,,,,,,,,,,,,,,,,,,,,,,,,,,,,,,,,,,,,,,,,,,,,,,,,,,,,,,,,,,,,,,,,,2,,,,,"Praha, Nad Třebešínem, Senior Komplex, Česká republika","Praha, Nad Třebešínem, Senior Komplex, Česká republika"
"Praha, Nekvasilova 31, Kindergarten","Praha, Nekvasilova 31, Kindergarten","Kindergarten, Nekvasilova 31, Praha, Česká republika",3 x ASTIP PS 30 000/3f-45 minut + RPO,3 x ASTIP PS 30 000/3f-45 minut + RPO,Kozlerová 731 429 126,Kozlerová 731 429 126,Praha,,,2026-07-15,2026-01-15,72.0,Více než 60 dnů,zelená,50.09761,14.46702,upraveno - znovu geokódovat,,Adresa automaticky upravena pro Mapy.com; spusť znovu geokodér.,"praha, nekvasilova 31, kindergarten, česká republika",2026-01-15,2026-07-15,72.0,Více než 60 dnů,zelená,2026-01-15 (proběhlá); 2026-07-15 (plánovaná),Kalendář FZ - 6 měsíců.xlsx,272,2018,,,Kozlerová 731 429 126,3 x ASTIP PS 30 000/3f-45 minut + RPO,"Praha, Nekvasilova 31, Kindergarten",,15/26,,,,,,15/26,,,,,,,,,,,,,,,,,,,,,,,,,,,,,,,,,,,,,,,,,,,,,,,,,,,,,,,,,,,,,,,,,,,,,,,,,,,,,,,2,,,,,"Praha, Nekvasilova 31, Kindergarten, Česká republika","Kindergarten, Nekvasilova 31, Praha, Česká republika"
"Praha, Nikolajka A, 3325","Praha, Nikolajka A, 3325","Praha, Nikolajka A, 3325, Česká republika","Nikolajka A -3325 (ASTIP PS 20kVA/3f-45 minut,Astip PS 3000/1f-35 minut)","Nikolajka A -3325 (ASTIP PS 20kVA/3f-45 minut,Astip PS 3000/1f-35 minut)",Jiviš,Jiviš,Praha,,,2026-12-17,,227.0,Více než 60 dnů,zelená,50.06719,14.39526,OK Mapy.com,,čeká na přesné geokódování,"praha, nikolajka a, 3325, česká republika",,2026-12-17,227.0,Více než 60 dnů,zelená,2026-12-17 (plánovaná),"Kalendář FZ - 12 měsíců, 2023.xlsx",439,"2024, 2015",,,,"Nikolajka A -3325 (ASTIP PS 20kVA/3f-45 minut,Astip PS 3000/1f-35 minut)",,,,,,,,,,,,,,17/26,,,,,,,,,,,,,,,,,,,,,,,,,,,,,,,,,,,,,,,,,,,,,,,,,,,,,,,,,,,,,,,,,,,,,,,,,,1,"Praha, Nikolajka A, 3325",,,,"Praha, Nikolajka A, 3325, Česká republika","Praha, Nikolajka A, 3325, Česká republika"
"Praha, Nikolajka B, 3326","Praha, Nikolajka B, 3326","Praha, Nikolajka B, 3326, Česká republika","Nikolajka B -3326,  15kVA/3f-45 min,  PS 7 500/3F - 35 min","Nikolajka B -3326,  15kVA/3f-45 min,  PS 7 500/3F - 35 min",PPM - Mareš,PPM - Mareš,Praha,1.10.2021 -15kVA - STOP STAV,1.10.2021 -15kVA - STOP STAV,2026-12-17,,227.0,Více než 60 dnů,zelená,50.06719,14.39526,OK Mapy.com,,čeká na přesné geokódování,"praha, nikolajka b, 3326, česká republika",,2026-12-17,227.0,Více než 60 dnů,zelená,2026-12-17 (plánovaná),"Kalendář FZ - 12 měsíců, 2023.xlsx",440,2015,,,,"Nikolajka B -3326,  15kVA/3f-45 min,  PS 7 500/3F - 35 min",,,,,,,,,,,,,,17/26,,,,,,,,,,,,,,,,,,,,,,,,,,,,,,,,,,,,,,,,,,,,,,,,,,,,,,,,,,,,,,,,,,,,,,,,,,1,"Praha, Nikolajka B, 3326",,,,"Praha, Nikolajka B, 3326, Česká republika","Praha, Nikolajka B, 3326, Česká republika"
"Praha, Novodvorská 10, BD","Praha, Novodvorská 10, BD","BD, Novodvorská 10, Praha, Česká republika","ASTIP STRONG 75kVA/3F-9,45,60 minut","ASTIP STRONG 75kVA/3F-9,45,60 minut",Odeh 732 652 221,Odeh 732 652 221,Praha,"revize za 10 500 Kč bez DPH, první yla za 1 Kč,kkvůli problémům s námi…","revize za 10 500 Kč bez DPH, první yla za 1 Kč,kkvůli problémům s námi…",2023-10-06,2023-10-06,-941.0,Po termínu,červená,50.01638,14.45095,upraveno - znovu geokódovat,,Adresa automaticky upravena pro Mapy.com; spusť znovu geokodér.,"praha, novodvorská 10, bd, česká republika",2023-10-06,2023-10-06,-941.0,Po termínu,červená,2023-10-06 (plánovaná),"Kalendář FZ - 12 měsíců, 2023.xlsx",442,2021,,,,"ASTIP STRONG 75kVA/3F-9,45,60 minut",,,,,,,,,,,,6/23,,,,,,,,,,,,,,,,,,,,,,,,,,,,,,,,,,,,,,,,,,,,,,,,,,,,,,,,,,,,,,,,,,,,,,,,,,,,1,"Praha, Novodvorská 10, BD",,,,"Praha, Novodvorská 10, BD, Česká republika","BD, Novodvorská 10, Praha, Česká republika"
"Praha, Novodvorská 153, ubytovna","Praha, Novodvorská 153, ubytovna","Praha, Novodvorská 153, ubytovna, Česká republika",2 x ASTIP PS 20kVA/3F-60 minut,2 x ASTIP PS 20kVA/3F-60 minut,Vokáč 737 704 801,Vokáč 737 704 801,Praha,,,2026-12-02,,212.0,Více než 60 dnů,zelená,50.02511,14.43323,OK Mapy.com,,čeká na přesné geokódování,"praha, novodvorská 153, ubytovna, česká republika",,2026-12-02,212.0,Více než 60 dnů,zelená,2026-12-02 (plánovaná),"Kalendář FZ - 12 měsíců, 2023.xlsx",444,2024,,,,2 x ASTIP PS 20kVA/3F-60 minut,,,,,,,,,,,,,,2/26,,,,,,,,,,,,,,,,,,,,,,,,,,,,,,,,,,,,,,,,,,,,,,,,,,,,,,,,,,,,,,,,,,,,,,,,,,1,"Praha, Novodvorská 153, ubytovna",,,,"Praha, Novodvorská 153, ubytovna, Česká republika","Praha, Novodvorská 153, ubytovna, Česká republika"
"Praha, Novodvorská a Zbudovská, ZELENÁ LIBUŠ","Praha, Novodvorská a Zbudovská, ZELENÁ LIBUŠ","Novodvorská a Zbudovská, Česká republika","ASTIP STRONG 30kVA/3F-3 min, ASTIP STRONG 10 kVA/3F-60 minut","ASTIP STRONG 30kVA/3F-3 min, ASTIP STRONG 10 kVA/3F-60 minut",pan Marek 601 363 313,pan Marek 601 363 313,Praha,,,2026-07-03,,60.0,Více než 60 dnů,zelená,49.2594,13.49522,OK final,,"Dotaz zjednodušen na ulici/číslo + město + ČR/SR, bez názvů objektů.","praha, novodvorská a zbudovská, zelená libuš, česká republika",,2026-07-03,60.0,Více než 60 dnů,zelená,2026-07-03 (plánovaná),"Kalendář FZ - 12 měsíců, 2023.xlsx",443,2019,ano,,,"ASTIP STRONG 30kVA/3F-3 min, ASTIP STRONG 10 kVA/3F-60 minut",,,,,,,,,3/26-1x stop stav 25,,,,,,,,,,,,,,,,,,,,,,,,,,,,,,,,,,,,,,,,,,,,,,,,,,,,,,,,,,,,,,,,,,,,,,,,,,,,,,,1,"Praha, Novodvorská a Zbudovská, ZELENÁ LIBUŠ",,,,"Praha, Novodvorská a Zbudovská, ZELENÁ LIBUŠ, Česká republika","Novodvorská a Zbudovská, ZELENÁ LIBUŠ, Praha, Česká republika"
"Praha, Novovysočanská 8, DPS","Praha, Novovysočanská 8, DPS","Praha, Novovysočanská 8, DPS, Česká republika",2 x PS 15 kVA/3F -45 minut,2 x PS 15 kVA/3F -45 minut,"Pavel Šafrata, 778 767 709","Pavel Šafrata, 778 767 709",Praha,,,2026-07-28,2026-01-28,85.0,Více než 60 dnů,zelená,50.09999,14.48575,OK Mapy.com,,čeká na přesné geokódování,"praha, novovysočanská 8, dps, česká republika",2026-01-28,2026-07-28,85.0,Více než 60 dnů,zelená,2026-01-28 (proběhlá); 2026-07-28 (plánovaná),Kalendář FZ - 6 měsíců.xlsx,273,"2019, 2020",ano,ano,"Pavel Šafrata, 778 767 709",2 x PS 15 kVA/3F -45 minut,"Praha, Novovysočanská 8, DPS",,28/26 1 x STOP STAV,,,,,,28/26,,,,,,,,,,,,,,,,,,,,,,,,,,,,,,,,,,,,,,,,,,,,,,,,,,,,,,,,,,,,,,,,,,,,,,,,,,,,,,,2,,,,,"Praha, Novovysočanská 8, DPS, Česká republika","Praha, Novovysočanská 8, DPS, Česká republika"
"Praha, Nová Kolonie 1450/2","Praha, Nová Kolonie 1450/2","Praha, Nová Kolonie 1450/2, Česká republika",STRONG 3000/3f - 30min.,STRONG 3000/3f - 30min.,,,Praha,,,2026-09-18,,137.0,Více než 60 dnů,zelená,50.049,14.3307,OK Mapy.com,,čeká na přesné geokódování,"praha, nová kolonie 1450/2, česká republika",,2026-09-18,137.0,Více než 60 dnů,zelená,2026-09-18 (plánovaná),"Kalendář FZ - 12 měsíců, 2023.xlsx",441,2015,ano,,,STRONG 3000/3f - 30min.,,,,,,,,,,,18/26,,,,,,,,,,,,,,,,,,,,,,,,,,,,,,,,,,,,,,,,,,,,,,,,,,,,,,,,,,,,,,,,,,,,,,,,,,,,,1,"Praha, Nová Kolonie 1450/2",,,,"Praha, Nová Kolonie 1450/2, Česká republika","Praha, Nová Kolonie 1450/2, Česká republika"
"Praha, Nuselská","Praha, Nuselská","Praha, Nuselská, Česká republika",PS 40kVA/3f-45 minut,PS 40kVA/3f-45 minut,pan Hejda - 723 011 488,pan Hejda - 723 011 488,Praha,,,2022-06-23,2022-06-23,-1411.0,Po termínu,červená,50.0586,14.44986,OK Mapy.com,,čeká na přesné geokódování,"praha, nuselská, česká republika",2022-06-23,2022-06-23,-1411.0,Po termínu,červená,2022-06-23 (plánovaná),"Kalendář FZ - 12 měsíců, 2023.xlsx",445,2015,ano,,,  PS 40kVA/3f-45 minut,,,,,,,,23/22,,,,,,,,,,,,,,,,,,,,,,,,,,,,,,,,,,,,,,,,,,,,,,,,,,,,,,,,,,,,,,,,,,,,,,,,,,,,,,,,1,"Praha, Nuselská",,,,"Praha, Nuselská, Česká republika","Praha, Nuselská, Česká republika"
"Praha, NWT,Horní Měcholupy","Praha, NWT,Horní Měcholupy","Praha, NWT, Horní Měcholupy, Česká republika",PS 4000/3f-45 minut,PS 4000/3f-45 minut,,,Praha,,,,,,Bez termínu,šedá,50.04421,14.55746,OK Mapy.com,,čeká na přesné geokódování,"praha, nwt, horní měcholupy, česká republika",,,,Bez termínu,šedá,,"Kalendář FZ - 12 měsíců, 2023.xlsx",446,2014,,,,  PS 4000/3f-45 minut,,,8,????,,,,,,,,,,,,,,,,,,,,,,,,,,,,,,,,,,,,,,,,,,,,,,,,,,,,,,,,,,,,,,,,,,,,,,,,,,,,,,,,,,,,0,"Praha, NWT,Horní Měcholupy",,,,"Praha, NWT, Horní Měcholupy, Česká republika","Praha, NWT, Horní Měcholupy, Česká republika"
"Praha, Náchodská 2 458, V -podlahy","Praha, Náchodská 2 458, V -podlahy","V -podlahy, Náchodská 2 458, Praha, Česká republika",STRONG 20 000/3F -30 minut,STRONG 20 000/3F -30 minut,Havrlant 602 270 397,Havrlant 602 270 397,Praha,serviska na 5 let -10 800 Kč,serviska na 5 let -10 800 Kč,2027-01-21,,262.0,Více než 60 dnů,zelená,49.42376,14.6575,upraveno - znovu geokódovat,,Adresa automaticky upravena pro Mapy.com; spusť znovu geokodér.,"praha, náchodská 2 458, v -podlahy, česká republika",,2027-01-21,262.0,Více než 60 dnů,zelená,2027-01-21 (plánovaná),"Kalendář FZ - 12 měsíců, 2023.xlsx",437,2019,ano,,,STRONG 20 000/3F -30 minut,,,21/27,,,,,,,,,,,,,,,,,,,,,,,,,,,,,,,,,,,,,,,,,,,,,,,,,,,,,,,,,,,,,,,,,,,,,,,,,,,,,,,,,,,,,1,"Praha, Náchodská 2 458, V -podlahy",,,,"Praha, Náchodská 2 458, V -podlahy, Česká republika","V -podlahy, Náchodská 2 458, Praha, Česká republika"
"Praha, Nádražní 2584-2, Zlatý Lihovar","Praha, Nádražní 2584-2, Zlatý Lihovar","Praha, Nádražní 2584-2, Zlatý Lihovar, Česká republika",ASTIP STRONG 150kVA/3F -45 minut,ASTIP STRONG 150kVA/3F -45 minut,"Vladimír Kubát
mob.: 602 346 704","Vladimír Kubát
mob.: 602 346 704",Praha,,,2026-05-15,,11.0,7–30 dnů,oranžová,50.05212,14.40952,OK Mapy.com,,čeká na přesné geokódování,"praha, nádražní 2584-2, zlatý lihovar, česká republika",,2026-05-15,11.0,7–30 dnů,oranžová,2026-05-15 (plánovaná),"Kalendář FZ - 12 měsíců, 2023.xlsx",436,2023,,,,ASTIP STRONG 150kVA/3F -45 minut,,,,,,,15/26,,,,,,,,,,,,,,,,,,,,,,,,,,,,,,,,,,,,,,,,,,,,,,,,,,,,,,,,,,,,,,,,,,,,,,,,,,,,,,,,,1,"Praha, Nádražní 2584-2, Zlatý Lihovar",,,,"Praha, Nádražní 2584-2, Zlatý Lihovar, Česká republika","Praha, Nádražní 2584-2, Zlatý Lihovar, Česká republika"
"Praha, Nádražní","Praha, Nádražní","Praha, Nádražní, Česká republika",PS 1500/3f-45 minut,PS 1500/3f-45 minut,Čepela - 777 800 262,Čepela - 777 800 262,Praha,"konec, zdroje už tam nejsou","konec, zdroje už tam nejsou",,2024-06-20,,Bez termínu,šedá,50.05609,14.40918,OK Mapy.com,,čeká na přesné geokódování,"praha, nádražní, česká republika",2024-06-20,,,Bez termínu,šedá,2024-06-20 (nezjištěno),"Kalendář FZ - 12 měsíců, 2023.xlsx",435,2015,,,,  PS 1500/3f-45 minut,,,,,,,,20/24,,,,,,,,,,,,,,,,,,,,,,,,,,,,,,,,,,,,,,,,,,,,,,,,,,,,,,,,,,,,,,,,,,,,,,,,,,,,,,,,1,"Praha, Nádražní",,,,"Praha, Nádražní, Česká republika","Praha, Nádražní, Česká republika"
"Praha, nám. Kinských 602","Praha, nám. Kinských 602","Praha, nám. Kinských 602, Česká republika",PS LiftBack 20 000/3f - 45 min.,PS LiftBack 20 000/3f - 45 min.,"Eva Huterová
+420 723 29 29 22
Kinských 602 s.r.o.","Eva Huterová
+420 723 29 29 22
Kinských 602 s.r.o.",Praha,,,2026-07-08,2026-01-08,65.0,Více než 60 dnů,zelená,50.07948,14.40399,OK Mapy.com,,čeká na přesné geokódování,"praha, nám. kinských 602, česká republika",2026-01-08,2026-07-08,65.0,Více než 60 dnů,zelená,2026-01-08 (proběhlá); 2026-07-08 (plánovaná),Kalendář FZ - 6 měsíců.xlsx,270,"2018, 2024",,,"Eva Huterová
+420 723 29 29 22
Kinských 602 s.r.o.",PS LiftBack 20 000/3f - 45 min.,"Praha, nám. Kinských 602",,8/26,,,,,,8/26,,,,,,,,,,,,,,,,,,,,,,,,,,,,,,,,,,,,,,,,,,,,,,,,,,,,,,,,,,,,,,,,,,,,,,,,,,,,,,,2,,,,,"Praha, nám. Kinských 602, Česká republika","Praha, nám. Kinských 602, Česká republika"
"Praha, Náměstí Míru 342","Praha, Náměstí Míru 342","Praha, Náměstí Míru 342, Česká republika",PS 10kVA/3F - 45minut,PS 10kVA/3F - 45minut,Gilnerová -     724 104 154,Gilnerová -     724 104 154,Praha,,,,,,Bez termínu,šedá,50.07462,14.4371,OK Mapy.com,,čeká na přesné geokódování,"praha, náměstí míru 342, česká republika",,,,Bez termínu,šedá,,Kalendář FZ - 6 měsíců.xlsx,271,2017,,,Gilnerová -     724 104 154,PS 10kVA/3F - 45minut,"Praha, Náměstí Míru 342",,,,,,,,,,,,,,,5800,,,,,,,,,,,,,,,,,,,,,,,,,,,,,,,,,,,,,,,,,,,,,,,,,,,,,,,,,,,,,,,,,,,,,,,,0,,,,,"Praha, Náměstí Míru 342, Česká republika","Praha, Náměstí Míru 342, Česká republika"
"Praha, OC Maja - Albert 578, Veronské náměstí 403","Praha, OC Maja - Albert 578, Veronské náměstí 403","OC Maja, Albert 578, Praha, Česká republika",PS 250 000/3F-30 minut,PS 250 000/3F-30 minut,"p Studnik - 733 759 479, Obruča 724 086 145","p Studnik - 733 759 479, Obruča 724 086 145",Praha,2024-měnili si sami baterky od nás budou chtít nabíječky,2024-měnili si sami baterky od nás budou chtít nabíječky,,2024-02-29,,Bez termínu,šedá,50.01879,14.35458,upraveno - znovu geokódovat,,Adresa automaticky upravena pro Mapy.com; spusť znovu geokodér.,"praha, oc maja, albert 578, veronské náměstí 403, česká republika",2024-02-29,,,Bez termínu,šedá,2024-02-29 (nezjištěno),Kalendář FZ - 6 měsíců.xlsx,274,2018,,,"p Studnik - 733 759 479, Obruča 724 086 145",PS 250 000/3F-30 minut,"Praha, OC Maja - Albert 578, Veronské náměstí 403",,,29/24,,,,,,,,,,,,18200,,,,,,,,,,,,,,,,,,,,,,,,,,,,,,,,,,,,,,,,,,,,,,,,,,,,,,,,,,,,,,,,,,,,,,,,1,,,,,"Praha, OC Maja, Albert 578, Veronské náměstí 403, Česká republika","OC Maja, Albert 578, Praha, Česká republika"
"Praha, Odkolkova 1045/2 + 1046/1","Praha, Odkolkova 1045/2 + 1046/1","Praha, Odkolkova 1045/2 + 1046/1, Česká republika","STRONG 10kVA/3F-45 min, 10kVA/3F-45 min.","STRONG 10kVA/3F-45 min, 10kVA/3F-45 min.",Krkonoška 737 310 001,Krkonoška 737 310 001,Praha,,,2026-09-04,2026-02-26,123.0,Více než 60 dnů,zelená,50.11311,14.50301,OK Mapy.com,,čeká na přesné geokódování,"praha, odkolkova 1045/2 + 1046/1, česká republika",2026-02-26,2026-09-04,123.0,Více než 60 dnů,zelená,2026-02-26 (plánovaná); 2026-09-04 (plánovaná),"Kalendář FZ - 12 měsíců, 2023.xlsx",447,2023,,,,"STRONG 10kVA/3F-45 min, 10kVA/3F-45 min.",,,,26/26-1046/1,,,,,,,4/26,,,,,,,,,,,,,,,,,,,,,,,,,,,,,,,,,,,,,,,,,,,,,,,,,,,,,,,,,,,,,,,,,,,,,,,,,,,,,2,"Praha, Odkolkova 1045/2 + 1046/1",,,,"Praha, Odkolkova 1045/2 + 1046/1, Česká republika","Praha, Odkolkova 1045/2 + 1046/1, Česká republika"
"Praha, Olbrachtova","Praha, Olbrachtova","Praha, Olbrachtova, Česká republika",PS 6000/3f-60 minut,PS 6000/3f-60 minut,peckova@budejovicka.eu,peckova@budejovicka.eu,Praha,3.3.2025 -poslán dotaz na peckova@budejovicka.eu 2024 -nabízíme nový zdroj,3.3.2025 -poslán dotaz na peckova@budejovicka.eu 2024 -nabízíme nový zdroj,2025-03-27,2025-03-27,-403.0,Po termínu,červená,50.04371,14.44399,OK Mapy.com,,čeká na přesné geokódování,"praha, olbrachtova, česká republika",2025-03-27,2025-03-27,-403.0,Po termínu,červená,2025-03-27 (plánovaná),"Kalendář FZ - 12 měsíců, 2023.xlsx",448,2012,ano,,,  PS 6000/3f-60 minut,,,,,27/25,,,,,,,,,,,,,,,,,,,,,,,,,,,,,,,,,,,,,,,,,,,,,,,,,,,,,,,,,,,,,,,,,,,,,,,,,,,,,,,,,,,1,"Praha, Olbrachtova",,,,"Praha, Olbrachtova, Česká republika","Praha, Olbrachtova, Česká republika"
"Praha, Oldřichovská 1 + Heřmanická 20","Praha, Oldřichovská 1 + Heřmanická 20","Praha, Oldřichovská 1 + Heřmanická 20, Česká republika",2 x ASTIP STRONG 3kVA/3F/15 minut,2 x ASTIP STRONG 3kVA/3F/15 minut,Bokštefl - 724 034 858,Bokštefl - 724 034 858,Praha,5-ti letá záruka,5-ti letá záruka,2027-03-12,,312.0,Více než 60 dnů,zelená,50.14766,14.47216,OK Mapy.com,,čeká na přesné geokódování,"praha, oldřichovská 1 + heřmanická 20, česká republika",,2027-03-12,312.0,Více než 60 dnů,zelená,2027-03-12 (plánovaná),"Kalendář FZ - 12 měsíců, 2023.xlsx",449,2024,,,,2 x ASTIP STRONG 3kVA/3F/15 minut,,,,,12/27,,,,,,,,,,,,,,,,,,,,,,,,,,,,,,,,,,,,,,,,,,,,,,,,,,,,,,,,,,,,,,,,,,,,,,,,,,,,,,,,,,,1,"Praha, Oldřichovská 1 + Heřmanická 20",,,,"Praha, Oldřichovská 1 + Heřmanická 20, Česká republika","Praha, Oldřichovská 1 + Heřmanická 20, Česká republika"
"Praha, Olgy Scheinpflugové 1280/1, Kaskády Barrandov","Praha, Olgy Scheinpflugové 1280/1, Kaskády Barrandov","Praha, Olgy Scheinpflugové 1280/1, Kaskády Barrandov, Česká republika",ASTIP STRONG 28kVA/5kVA/3F -45 minut,ASTIP STRONG 28kVA/5kVA/3F -45 minut,,,Praha,"původně Uldrich, od 31.5.2026 ukončena serviska …","původně Uldrich, od 31.5.2026 ukončena serviska …",2026-07-22,,79.0,Více než 60 dnů,zelená,50.0299,14.36202,OK Mapy.com,,čeká na přesné geokódování,"praha, olgy scheinpflugové 1280/1, kaskády barrandov, česká republika",,2026-07-22,79.0,Více než 60 dnů,zelená,2026-07-22 (plánovaná),"Kalendář FZ - 12 měsíců, 2023.xlsx",410,2021,,poznámka,,ASTIP STRONG 28kVA/5kVA/3F -45 minut,,,,,,,,,22/26,,,,,,,,,,,,,,,,,,,,,,,,,,,,,,,,,,,,,,,,,,,,,,,,,,,,,,,,,,,,,,,,,,,,,,,,,,,,,,,1,"Praha, Olgy Scheinpflugové 1280/1, Kaskády Barrandov",,,,"Praha, Olgy Scheinpflugové 1280/1, Kaskády Barrandov, Česká republika","Praha, Olgy Scheinpflugové 1280/1, Kaskády Barrandov, Česká republika"
"Praha, Olgy Scheinpflugové 1284, BD","Praha, Olgy Scheinpflugové 1284, BD","BD, Olgy Scheinpflugové 1284, Praha, Česká republika",ASTIP STRONG Liftback 100kVA/3F -60 minut,ASTIP STRONG Liftback 100kVA/3F -60 minut,Růžička ULDRICH 602 226 220,Růžička ULDRICH 602 226 220,Praha,,,2026-09-18,,137.0,Více než 60 dnů,zelená,50.03,14.36222,upraveno - znovu geokódovat,,Adresa automaticky upravena pro Mapy.com; spusť znovu geokodér.,"praha, olgy scheinpflugové 1284, bd, česká republika",,2026-09-18,137.0,Více než 60 dnů,zelená,2026-09-18 (plánovaná),"Kalendář FZ - 12 měsíců, 2023.xlsx",450,2022,,,,ASTIP STRONG Liftback 100kVA/3F -60 minut,,,,,,,,,,,18/26,,,,,,,,,,,,,,,,,,,,,,,,,,,,,,,,,,,,,,,,,,,,,,,,,,,,,,,,,,,,,,,,,,,,,,,,,,,,,1,"Praha, Olgy Scheinpflugové 1284, BD",,,,"Praha, Olgy Scheinpflugové 1284, BD, Česká republika","BD, Olgy Scheinpflugové 1284, Praha, Česká republika"
"Praha, Olgy Scheinpflugové 4, Kaskády Barrandov, Uldrich","Praha, Olgy Scheinpflugové 4, Kaskády Barrandov, Uldrich","Kaskády Barrandov, Uldrich, Olgy Scheinpflugové 4, Praha, Česká republika","ASTIP STRONG 80kVA/7,5kVA/3F-45 minut","ASTIP STRONG 80kVA/7,5kVA/3F-45 minut",Naušová - Uldrich 602 305 888,Naušová - Uldrich 602 305 888,Praha,,,2026-06-16,,43.0,30–60 dnů,žlutá,50.03034,14.36128,upraveno - znovu geokódovat,,Adresa automaticky upravena pro Mapy.com; spusť znovu geokodér.,"praha, olgy scheinpflugové 4, kaskády barrandov, uldrich, česká republika",,2026-06-16,43.0,30–60 dnů,žlutá,2026-06-16 (plánovaná),"Kalendář FZ - 12 měsíců, 2023.xlsx",451,2023,ano,,,"ASTIP STRONG 80kVA/7,5kVA/3F-45 minut",,,,,,,,16/26,,,,,,,,,,,,,,,,,,,,,,,,,,,,,,,,,,,,,,,,,,,,,,,,,,,,,,,,,,,,,,,,,,,,,,,,,,,,,,,,1,"Praha, Olgy Scheinpflugové 4, Kaskády Barrandov, Uldrich",,,,"Praha, Olgy Scheinpflugové 4, Kaskády Barrandov, Uldrich, Česká republika","Kaskády Barrandov, Uldrich, Olgy Scheinpflugové 4, Praha, Česká republika"
"Praha, Olšanská, Garden Towers","Praha, Olšanská, Garden Towers","Praha, Olšanská, Garden Towers, Česká republika","3 x ASTIP Back Lift 75kVA/3f/1f-60 minut,","3 x ASTIP Back Lift 75kVA/3f/1f-60 minut,",,,Praha,,,2021-02-13,2021-02-13,-1906.0,Po termínu,červená,50.08327,14.46635,OK Mapy.com,,čeká na přesné geokódování,"praha, olšanská, garden towers, česká republika",2021-02-13,2021-02-13,-1906.0,Po termínu,červená,2021-02-13 (plánovaná),Kalendář FZ - 6 měsíců.xlsx,275,2016,,,,"3 x ASTIP Back Lift 75kVA/3f/1f-60 minut, ","Praha, Olšanská, Garden Towers",,,13/21,,,,,,13,,,,,,,,,,,,,,,,,,,,,,,,,,,,,,,,,,,,,,,,,,,,,,,,,,,,,,,,,,,,,,,,,,,,,,,,,,,,,,1,,,,,"Praha, Olšanská, Garden Towers, Česká republika","Praha, Olšanská, Garden Towers, Česká republika"
"Praha, Ondrákové 2, Kaskády Barrandov Uldrich","Praha, Ondrákové 2, Kaskády Barrandov Uldrich","Kaskády Barrandov Uldrich, Ondrákové 2, Praha, Česká republika","ASTIP STRONG 80kVA/7,5kVA/3F-45 minut","ASTIP STRONG 80kVA/7,5kVA/3F-45 minut",Naušová - Uldrich 602 305 888,Naušová - Uldrich 602 305 888,Praha,,,2027-03-03,,303.0,Více než 60 dnů,zelená,50.02833,14.36079,upraveno - znovu geokódovat,,Adresa automaticky upravena pro Mapy.com; spusť znovu geokodér.,"praha, ondrákové 2, kaskády barrandov uldrich, česká republika",,2027-03-03,303.0,Více než 60 dnů,zelená,2027-03-03 (plánovaná),"Kalendář FZ - 12 měsíců, 2023.xlsx",452,2023,ano,,,"ASTIP STRONG 80kVA/7,5kVA/3F-45 minut",,,,,3/27,,,,,,,,,,,,,,,,,,,,,,,,,,,,,,,,,,,,,,,,,,,,,,,,,,,,,,,,,,,,,,,,,,,,,,,,,,,,,,,,,,,1,"Praha, Ondrákové 2, Kaskády Barrandov Uldrich",,,,"Praha, Ondrákové 2, Kaskády Barrandov Uldrich, Česká republika","Kaskády Barrandov Uldrich, Ondrákové 2, Praha, Česká republika"
"Praha, Opatovská, OC Opatovská","Praha, Opatovská, OC Opatovská","Praha, Opatovská, OC Opatovská, Česká republika","2 x 15kVA, 1 x 75 kVA","2 x 15kVA, 1 x 75 kVA",Otis,Otis,Praha,,,2026-03-12,2026-03-12,-53.0,Po termínu,červená,50.02521,14.51688,OK Mapy.com,,čeká na přesné geokódování,"praha, opatovská, oc opatovská, česká republika",2026-03-12,2026-03-12,-53.0,Po termínu,červená,2026-03-12 (plánovaná),Kalendář FZ - 6 měsíců.xlsx,276,2019,,,Otis ,"2 x 15kVA, 1 x 75 kVA","Praha, Opatovská, OC Opatovská",,,,12/26,,,,,,,,,,,,,,,,,,,,,,,,,,,,,,,,,,,,,,,,,,,,,,,,,,,,,,,,,,,,,,,,,,,,,,,,,,,,,,,,,,,1,,,,,"Praha, Opatovská, OC Opatovská, Česká republika","Praha, Opatovská, OC Opatovská, Česká republika"
"Praha, Opletalova 40, Hotel Gold Bank","Praha, Opletalova 40, Hotel Gold Bank","Praha, Opletalova 40, Hotel Gold Bank, Česká republika",ASTIP STRONG 100kVA/3F-dojezd,ASTIP STRONG 100kVA/3F-dojezd,Hodinková 775 290 999,Hodinková 775 290 999,Praha,"pan Opletal, chce revize 1 x ročně","pan Opletal, chce revize 1 x ročně",2026-07-17,,74.0,Více než 60 dnů,zelená,50.08693,14.4355,OK Mapy.com,,čeká na přesné geokódování,"praha, opletalova 40, hotel gold bank, česká republika",,2026-07-17,74.0,Více než 60 dnů,zelená,2026-07-17 (plánovaná),"Kalendář FZ - 12 měsíců, 2023.xlsx",453,2021,ano,ano,,ASTIP STRONG 100kVA/3F-dojezd,,,,,,,,,17/26,,,,,,,,,,,,,,,,,,,,,,,,,,,,,,,,,,,,,,,,,,,,,,,,,,,,,,,,,,,,,,,,,,,,,,,,,,,,,,,1,"Praha, Opletalova 40, Hotel Gold Bank",,,,"Praha, Opletalova 40, Hotel Gold Bank, Česká republika","Praha, Opletalova 40, Hotel Gold Bank, Česká republika"
"Praha, OS Hedlořezy -Mezilehlá 2,4,6","Praha, OS Hedlořezy -Mezilehlá 2,4,6","OS Hedlořezy -Mezilehlá 2, OS Hedlořezy -Mezilehlá 2, Česká republika",3 x 15kVA/3F + 1 x 8kVA/3F,3 x 15kVA/3F + 1 x 8kVA/3F,NWT Svozílek 725 754 645,NWT Svozílek 725 754 645,Praha,,,2024-02-01,2024-02-01,-823.0,Po termínu,červená,50.08355,14.43414,OK final,,"Dotaz zjednodušen na ulici/číslo + město + ČR/SR, bez názvů objektů.","praha, os hedlořezy -mezilehlá 2, 4, 6, česká republika",2024-02-01,2024-02-01,-823.0,Po termínu,červená,2024-02-01 (plánovaná),"Kalendář FZ - 12 měsíců, 2023.xlsx",454,2020,,,,3 x 15kVA/3F + 1 x 8kVA/3F,,,,1/24,,,,,,,,,,,,,,,,,,,,,,,,,,,,,,,,,,,,,,,,,,,,,,,,,,,,,,,,,,,,,,,,,,,,,,,,,,,,,,,,,,,,1,"Praha, OS Hedlořezy -Mezilehlá 2,4,6",,,,"Praha, OS Hedlořezy -Mezilehlá 2, 4, 6, Česká republika","OS Hedlořezy -Mezilehlá 2, Praha, Česká republika"
"Praha, Ostromečská 5, BD","Praha, Ostromečská 5, BD","BD, Ostromečská 5, Praha, Česká republika",STRONG 10 000/3F -20 minut,STRONG 10 000/3F -20 minut,Kulhánková 777 367 618,Kulhánková 777 367 618,Praha,,,2027-03-24,,324.0,Více než 60 dnů,zelená,50.08737,14.46046,upraveno - znovu geokódovat,,Adresa automaticky upravena pro Mapy.com; spusť znovu geokodér.,"praha, ostromečská 5, bd, česká republika",,2027-03-24,324.0,Více než 60 dnů,zelená,2027-03-24 (plánovaná),"Kalendář FZ - 12 měsíců, 2023.xlsx",455,2017,,,,STRONG 10 000/3F -20 minut,,,,,24/27,,,,,,,,,,,,,,,,,,,,,,,,,,,,,,,,,,,,,,,,,,,,,,,,,,,,,,,,,,,,,,,,,,,,,,,,,,,,,,,,,,,1,"Praha, Ostromečská 5, BD",,,,"Praha, Ostromečská 5, BD, Česká republika","BD, Ostromečská 5, Praha, Česká republika"
"Praha, Oty Bubeníčka 1654-4, VIVUS 4. etapa","Praha, Oty Bubeníčka 1654-4, VIVUS 4. etapa","Oty Bubeníčka 1654-4, Praha, Česká republika",PS 15kVA/3f -45 minut,PS 15kVA/3f -45 minut,Ikon - 777 757 960,Ikon - 777 757 960,Praha,"POZOR, TERMÍNY HLÍDÁME SAMI","POZOR, TERMÍNY HLÍDÁME SAMI",2026-03-19,2026-03-19,-46.0,Po termínu,červená,50.02873,14.59519,upraveno - znovu geokódovat,,Adresa automaticky upravena pro Mapy.com; spusť znovu geokodér.,"praha, oty bubeníčka 1654-4, vivus 4. etapa, česká republika",2026-03-19,2026-03-19,-46.0,Po termínu,červená,2026-03-19 (plánovaná),"Kalendář FZ - 12 měsíců, 2023.xlsx",456,2020,ano,ano,,PS 15kVA/3f -45 minut,,,,,19/26,,,,,,,,,,,,,,,,,,,,,,,,,,,,,,,,,,,,,,,,,,,,,,,,,,,,,,,,,,,,,,,,,,,,,,,,,,,,,,,,,,,1,"Praha, Oty Bubeníčka 1654-4, VIVUS 4. etapa",,,,"Praha, Oty Bubeníčka 1654-4, VIVUS 4. etapa, Česká republika","Oty Bubeníčka 1654-4, Praha, Česká republika"
"Praha, Padovská 696-3,dům E,Horní Měcholupy","Praha, Padovská 696-3,dům E,Horní Měcholupy","dům E, Horní Měcholupy, Padovská 696-3, Praha, Česká republika",ASTIP PS 4 000/3F - 45 minut,ASTIP PS 4 000/3F - 45 minut,Elektro Uldrich – p. Zelenka – 724 301 729,Elektro Uldrich – p. Zelenka – 724 301 729,Praha,"6.5.2021 - STOP STAV, nutná výměna aku","6.5.2021 - STOP STAV, nutná výměna aku",2027-01-20,,261.0,Více než 60 dnů,zelená,50.04252,14.55042,upraveno - znovu geokódovat,,Adresa automaticky upravena pro Mapy.com; spusť znovu geokodér.,"praha, padovská 696-3, dům e, horní měcholupy, česká republika",,2027-01-20,261.0,Více než 60 dnů,zelená,2027-01-20 (plánovaná),"Kalendář FZ - 12 měsíců, 2023.xlsx",457,2014,,,,ASTIP PS 4 000/3F - 45 minut,,,20/27,,,,,,,,,,,,,,,,,,,,,,,,,,,,,,,,,,,,,,,,,,,,,,,,,,,,,,,,,,,,,,,,,,,,,,,,,,,,,,,,,,,,,1,"Praha, Padovská 696-3,dům E,Horní Měcholupy",,,,"Praha, Padovská 696-3, dům E, Horní Měcholupy, Česká republika","dům E, Horní Měcholupy, Padovská 696-3, Praha, Česká republika"
"Praha, Padovská 747 -5 C","Praha, Padovská 747 -5 C","Praha, Padovská 747 -5 C, Česká republika",PS 5000/3f-45 minut,PS 5000/3f-45 minut,Onřej Korbel 605 055 268. Korbel facility,Onřej Korbel 605 055 268. Korbel facility,Praha,nový pajšl….v.č. 24081201,nový pajšl….v.č. 24081201,2027-01-20,,261.0,Více než 60 dnů,zelená,50.04235,14.54954,OK Mapy.com,,čeká na přesné geokódování,"praha, padovská 747 -5 c, česká republika",,2027-01-20,261.0,Více než 60 dnů,zelená,2027-01-20 (plánovaná),"Kalendář FZ - 12 měsíců, 2023.xlsx",458,"2016, nově 2024",,,,  PS 5000/3f-45 minut,,,20/27,,,,,,,,,,,,,,,,,,,,,,,,,,,,,,,,,,,,,,,,,,,,,,,,,,,,,,,,,,,,,,,,,,,,,,,,,,,,,,,,,,,,,1,"Praha, Padovská 747 -5 C",,,,"Praha, Padovská 747 -5 C, Česká republika","Praha, Padovská 747 -5 C, Česká republika"
"Praha, Padovská 749","Praha, Padovská 749","Praha, Padovská 749, Česká republika",ASTIP PS 5000/3f-45 minut,ASTIP PS 5000/3f-45 minut,Pittnerová - 725 021 991,Pittnerová - 725 021 991,Praha,,,2027-01-20,,261.0,Více než 60 dnů,zelená,50.04243,14.54894,OK Mapy.com,,čeká na přesné geokódování,"praha, padovská 749, česká republika",,2027-01-20,261.0,Více než 60 dnů,zelená,2027-01-20 (plánovaná),"Kalendář FZ - 12 měsíců, 2023.xlsx",459,2017,,,,ASTIP PS 5000/3f-45 minut,,,20/27,,,,,,,,,,,,,,,,,,,,,,,,,,,,,,,,,,,,,,,,,,,,,,,,,,,,,,,,,,,,,,,,,,,,,,,,,,,,,,,,,,,,,1,"Praha, Padovská 749",,,,"Praha, Padovská 749, Česká republika","Praha, Padovská 749, Česká republika"
"Praha, Papírníkova (Kamýk)","Praha, Papírníkova (Kamýk)","Praha, Papírníkova (Kamýk), Česká republika",6 x zdroj,6 x zdroj,Kubásková - Jiviš 602 380 087,Kubásková - Jiviš 602 380 087,Praha,"paní Kubásková mi řekla, že si to jednotlivá SVJ mění sama,….26.6.2024 - posílám rašplovi dotaz mailem, má furt obsazeno  všech 6 zdrojů STOP STAV","paní Kubásková mi řekla, že si to jednotlivá SVJ mění sama,….26.6.2024 - posílám rašplovi dotaz mailem, má furt obsazeno  všech 6 zdrojů STOP STAV",,2023-08-29,,Bez termínu,šedá,50.00784,14.45356,OK Mapy.com,,čeká na přesné geokódování,"praha, papírníkova (kamýk), česká republika",2023-08-29,,,Bez termínu,šedá,2023-08-29 (nezjištěno),"Kalendář FZ - 12 měsíců, 2023.xlsx",460,2015,,,,6 x zdroj,,,,,,,,,,29/23,,,,,,,,,,,,,,,,,,,,,,,,,,,,,,,,,,,,,,,,,,,,,,,,,,,,,,,,,,,,,,,,,,,,,,,,,,,,,,1,"Praha, Papírníkova (Kamýk)",,,,"Praha, Papírníkova (Kamýk), Česká republika","Praha, Papírníkova (Kamýk), Česká republika"
"Praha, Parmská 390, DPS","Praha, Parmská 390, DPS","Praha, Parmská 390, DPS, Česká republika",ASTIP STRONG 2kVA/1F -30 minut,ASTIP STRONG 2kVA/1F -30 minut,"pan Šulc 606 024 019, Kadeřábková 770 109 556","pan Šulc 606 024 019, Kadeřábková 770 109 556",Praha,,,2026-07-22,2026-01-22,79.0,Více než 60 dnů,zelená,50.04147,14.56465,OK Mapy.com,,čeká na přesné geokódování,"praha, parmská 390, dps, česká republika",2026-01-22,2026-07-22,79.0,Více než 60 dnů,zelená,2026-01-22 (proběhlá); 2026-07-22 (plánovaná),Kalendář FZ - 6 měsíců.xlsx,277,2021,ano,ano,"pan Šulc 606 024 019, Kadeřábková 770 109 556",ASTIP STRONG 2kVA/1F -30 minut,"Praha, Parmská 390, DPS",,22/26,,,,,,22/26,,,,,,,,,,,,,,,,,,,,,,,,,,,,,,,,,,,,,,,,,,,,,,,,,,,,,,,,,,,,,,,,,,,,,,,,,,,,,,,2,,,,,"Praha, Parmská 390, DPS, Česká republika","Praha, Parmská 390, DPS, Česká republika"
"Praha, Patočkova 81","Praha, Patočkova 81","Praha, Patočkova 81, Česká republika",PS 50kVA/3f - 45min.,PS 50kVA/3f - 45min.,,,Praha,,,,,,Bez termínu,šedá,50.0855,14.36595,OK Mapy.com,,čeká na přesné geokódování,"praha, patočkova 81, česká republika",,,,Bez termínu,šedá,,Kalendář FZ - 6 měsíců.xlsx,278,2016,,,,PS 50kVA/3f - 45min.,"Praha, Patočkova 81",,,,,,,,,,,,,,,,,,,,,,,,,,,,,,,,,,,,,,,,,,,,,,,,,,,,,,,,,,,,,,,,,,,,,,,,,,,,,,,,,,,,,,,0,,,,,"Praha, Patočkova 81, Česká republika","Praha, Patočkova 81, Česká republika"
"Praha, Pavla Beneše 742","Praha, Pavla Beneše 742","Praha, Pavla Beneše 742, Česká republika",PS 3000/1500/150,PS 3000/1500/150,"Bartovský - 606904177
Grossmann - 777737911
Vejsadová - 777737917","Bartovský - 606904177
Grossmann - 777737911
Vejsadová - 777737917",Praha,"4.3.2025 - znovu kontaktován Sobota, 26.6.2024 - poslán dotaz Sobotovi ...bude se dělat návrh na výměnu zdrojů, viz potvr. O fz, dne 19.5.2020","4.3.2025 - znovu kontaktován Sobota, 26.6.2024 - poslán dotaz Sobotovi ...bude se dělat návrh na výměnu zdrojů, viz potvr. O fz, dne 19.5.2020",,,,Bez termínu,šedá,50.13877,14.52055,OK Mapy.com,,čeká na přesné geokódování,"praha, pavla beneše 742, česká republika",,,,Bez termínu,šedá,,"Kalendář FZ - 12 měsíců, 2023.xlsx",461,2011,,,,  PS 3000/1500/150,,,,,,,9,,,,,,,,,,,,,,,,,,,,,,,,,,,,,,,,,,,,,,,,,,,,,,,,,,,,,,,,,,,,,,,,,,,,,,,,,,,,,,,,,0,"Praha, Pavla Beneše 742",,,,"Praha, Pavla Beneše 742, Česká republika","Praha, Pavla Beneše 742, Česká republika"
"Praha, Pavla Beneše 750","Praha, Pavla Beneše 750","Praha, Pavla Beneše 750, Česká republika",2x 150/S6-24 hodin,2x 150/S6-24 hodin,"Olga Vejsadová – 777 737 917
Martin Grossmann – 777 737 911","Olga Vejsadová – 777 737 917
Martin Grossmann – 777 737 911",Praha,,,,,,Bez termínu,šedá,50.13886,14.51952,OK Mapy.com,,čeká na přesné geokódování,"praha, pavla beneše 750, česká republika",,,,Bez termínu,šedá,,"Kalendář FZ - 12 měsíců, 2023.xlsx",462,2015,,,,2x 150/S6-24 hodin,,,,7,,,,,,,,,,,,,,,,,,,,,,,,,,,,,,,,,,,,,,,,,,,,,,,,,,,,,,,,,,,,,,,,,,,,,,,,,,,,,,,,,,,,0,"Praha, Pavla Beneše 750",,,,"Praha, Pavla Beneše 750, Česká republika","Praha, Pavla Beneše 750, Česká republika"
"Praha, Penízovková 308, BD","Praha, Penízovková 308, BD","BD, Penízovková 308, Praha, Česká republika",ASTIP STRONG 2000/3F-10 minut,ASTIP STRONG 2000/3F-10 minut,Toman 607 572 154,Toman 607 572 154,Praha,,,2026-06-24,,51.0,30–60 dnů,žlutá,50.01472,14.58653,upraveno - znovu geokódovat,,Adresa automaticky upravena pro Mapy.com; spusť znovu geokodér.,"praha, penízovková 308, bd, česká republika",,2026-06-24,51.0,30–60 dnů,žlutá,2026-06-24 (plánovaná),"Kalendář FZ - 12 měsíců, 2023.xlsx",463,2016,,,,ASTIP STRONG 2000/3F-10 minut,,,,,,,,24/26,,,,,,,,,,,,,,,,,,,,,,,,,,,,,,,,,,,,,,,,,,,,,,,,,,,,,,,,,,,,,,,,,,,,,,,,,,,,,,,,1,"Praha, Penízovková 308, BD",,,,"Praha, Penízovková 308, BD, Česká republika","BD, Penízovková 308, Praha, Česká republika"
"Praha, Petrská 5, Hotel Republika","Praha, Petrská 5, Hotel Republika","Praha, Petrská 5, Hotel Republika, Česká republika",ASTIP STRONG 4 000/3F -10 minut,ASTIP STRONG 4 000/3F -10 minut,Kateřina Křempová 731 501 090,Kateřina Křempová 731 501 090,Praha,,,,2025-06-25,,Bez termínu,šedá,50.09138,14.43298,OK Mapy.com,,čeká na přesné geokódování,"praha, petrská 5, hotel republika, česká republika",2025-06-25,,,Bez termínu,šedá,2025-06-25 (nezjištěno),Kalendář FZ - 6 měsíců.xlsx,279,2019,,,Kateřina Křempová 731 501 090,ASTIP STRONG 4 000/3F -10 minut,"Praha, Petrská 5, Hotel Republika",,,,,,,25/25,,,,,,,,,,,,,,,,,,,,,,,,,,,,,,,,,,,,,,,,,,,,,,,,,,,,,,,,,,,,,,,,,,,,,,,,,,,,,,,,1,,,,,"Praha, Petrská 5, Hotel Republika, Česká republika","Praha, Petrská 5, Hotel Republika, Česká republika"
"Praha, Petržílkova 2835,Smart byty","Praha, Petržílkova 2835,Smart byty","Smart byty, Petržílkova 2835, Praha, Česká republika",PS 100kVA/3f-30 minut,PS 100kVA/3f-30 minut,Haufer - 730 181 665,Haufer - 730 181 665,Praha,11/2023- reklamace,11/2023- reklamace,2026-11-13,,193.0,Více než 60 dnů,zelená,50.05071,14.34793,upraveno - znovu geokódovat,,Adresa automaticky upravena pro Mapy.com; spusť znovu geokodér.,"praha, petržílkova 2835, smart byty, česká republika",,2026-11-13,193.0,Více než 60 dnů,zelená,2026-11-13 (plánovaná),"Kalendář FZ - 12 měsíců, 2023.xlsx",464,2015,ano,,,  PS 100kVA/3f-30 minut,,,,,,,,,,,,,13/26,,,,,,,,,,,,,,,,,,,,,,,,,,,,,,,,,,,,,,,,,,,,,,,,,,,,,,,,,,,,,,,,,,,,,,,,,,,1,"Praha, Petržílkova 2835,Smart byty",,15000,,"Praha, Petržílkova 2835, Smart byty, Česká republika","Smart byty, Petržílkova 2835, Praha, Česká republika"
"Praha, Pilotů 127, VUZ Dědina","Praha, Pilotů 127, VUZ Dědina","Pilotů 127, VUZ Dědina, Česká republika",ASTIP PS 10kVA/3f-45 minut,ASTIP PS 10kVA/3f-45 minut,Jirásková 602 554 649/hlásit dopředu SPZ a jména,Jirásková 602 554 649/hlásit dopředu SPZ a jména,Praha,Uldrich,Uldrich,2026-08-05,2026-02-05,93.0,Více než 60 dnů,zelená,50.08582,14.30837,OK final,,"Dotaz zjednodušen na ulici/číslo + město + ČR/SR, bez názvů objektů.","praha, pilotů 127, vuz dědina, česká republika",2026-02-05,2026-08-05,93.0,Více než 60 dnů,zelená,2026-02-05 (proběhlá); 2026-08-05 (plánovaná),Kalendář FZ - 6 měsíců.xlsx,280,2024,,,Jirásková 602 554 649/hlásit dopředu SPZ a jména ,ASTIP PS 10kVA/3f-45 minut,"Praha, Pilotů 127, VUZ Dědina",,,5/26,,,,,,5/26,,,,,,,,,,,,,,,,,,,,,,,,,,,,,,,,,,,,,,,,,,,,,,,,,,,,,,,,,,,,,,,,,,,,,,,,,,,,,,2,,,,,"Praha, Pilotů 127, VUZ Dědina, Česká republika","VUZ Dědina, Pilotů 127, Praha, Česká republika"
"Praha, Pitkovice, Pýchavkova 3,7,1","Praha, Pitkovice, Pýchavkova 3,7,1","Praha, Pitkovice, Pýchavkova 3, 7, 1, Česká republika",5x   PS 4000/3f-7 minut,5x   PS 4000/3f-7 minut,Vejsadová (Sluen) - 777 737 917,Vejsadová (Sluen) - 777 737 917,Praha,2023 -Pýchavková 7 - nový pajšl,2023 -Pýchavková 7 - nový pajšl,2026-10-01,2026-02-11,150.0,Více než 60 dnů,zelená,50.08883,14.46624,OK Mapy.com,,čeká na přesné geokódování,"praha, pitkovice, pýchavkova 3, 7, 1, česká republika",2026-02-11,2026-10-01,150.0,Více než 60 dnů,zelená,2024-05-10 (plánovaná); 2024-08-24 (plánovaná); 2026-02-11 (plánovaná); 2026-10-01 (plánovaná),"Kalendář FZ - 12 měsíců, 2023.xlsx",465,bez,,,,5x   PS 4000/3f-7 minut ,,,,11/26-1-POZOR !!!,,,10/24-1x STOP STAV -7,,,24/24-7- po výměně pajsšlu,,1/26-3,,,,,,,,,,,,,,,,,,,,,,,,,,,,,,,,,,,,,,,,,,,,,,,,,,,,,,,,,,,,,,,,,,,,,,,,,,,,4,"Praha, Pitkovice, Pýchavkova 3,7,1",,Pozor!!!! - u 1 se musí doplnit v.č. u menšího zdroje + montáž ( padá ze zdi)  a připomenout jim výměnu pašlu u většího zdroje,,"Praha, Pitkovice, Pýchavkova 3, 7, 1, Česká republika","Praha, Pitkovice, Pýchavkova 3, 7, 1, Česká republika"
"Praha, Plickova 552/23, BD","Praha, Plickova 552/23, BD","BD, Plickova 552/23, Praha, Česká republika",ASTIP PS 4000/3f-60 minut,ASTIP PS 4000/3f-60 minut,Petřivý - 775 390 030,Petřivý - 775 390 030,Praha,,,2025-07-10,2025-07-10,-298.0,Po termínu,červená,50.03435,14.53285,upraveno - znovu geokódovat,,Adresa automaticky upravena pro Mapy.com; spusť znovu geokodér.,"praha, plickova 552/23, bd, česká republika",2025-07-10,2025-07-10,-298.0,Po termínu,červená,2025-07-10 (plánovaná),"Kalendář FZ - 12 měsíců, 2023.xlsx",466,2017,,,,ASTIP PS 4000/3f-60 minut,,,,,,,,,10/25,,,,,,,,,,,,,,,,,,,,,,,,,,,,,,,,,,,,,,,,,,,,,,,,,,,,,,,,,,,,,,,,,,,,,,,,,,,,,,,1,"Praha, Plickova 552/23, BD",,,,"Praha, Plickova 552/23, BD, Česká republika","BD, Plickova 552/23, Praha, Česká republika"
"Praha, Plynárenská, Mecca","Praha, Plynárenská, Mecca","Plynárenská, Mecca, Praha, Česká republika",PS 50 000/3f-30 minut,PS 50 000/3f-30 minut,Lukáš Brejcha 602 277 675,Lukáš Brejcha 602 277 675,Praha,"objednáno 2025 - řešíme komplet nový zdroj, MT, 18.6.2024 -Brejcha mi tipl telefon, píšu mu SMS...12.10.2021 - STOP STAV, zdroj umřel","objednáno 2025 - řešíme komplet nový zdroj, MT, 18.6.2024 -Brejcha mi tipl telefon, píšu mu SMS...12.10.2021 - STOP STAV, zdroj umřel",2026-08-26,2026-02-26,114.0,Více než 60 dnů,zelená,49.19753,16.6261,upraveno - znovu geokódovat,,Adresa automaticky upravena pro Mapy.com; spusť znovu geokodér.,"praha, plynárenská, mecca, česká republika",2026-02-26,2026-08-26,114.0,Více než 60 dnů,zelená,2026-02-26 (proběhlá); 2026-08-26 (plánovaná),Kalendář FZ - 6 měsíců.xlsx,281,2012,,,Lukáš Brejcha 602 277 675,  PS 50 000/3f-30 minut,"Praha, Plynárenská, Mecca",,,26/26,,,,,,26/26,,,,,,,,,,,,,,,,,,,,,,,,,,,,,,,,,,,,,,,,,,,,,,,,,,,,,,,,,,,,,,,,,,,,,,,,,,,,,,2,,,,,"Praha, Plynárenská, Mecca, Česká republika","Plynárenská, Mecca, Praha, Česká republika"
"Praha, Plzeňská 21, č.p. 3384, My Mozart","Praha, Plzeňská 21, č.p. 3384, My Mozart","Praha, Plzeňská 21, . 3384, My Mozart, Česká republika",ASTIP STRONG 143kVA/30kVA/3F-60 minut,ASTIP STRONG 143kVA/30kVA/3F-60 minut,Douchová 725 260 957,Douchová 725 260 957,Praha,,,2026-07-17,,74.0,Více než 60 dnů,zelená,50.07214,14.39733,OK Mapy.com,,čeká na přesné geokódování,"praha, plzeňská 21, . 3384, my mozart, česká republika",,2026-07-17,74.0,Více než 60 dnů,zelená,2026-07-17 (plánovaná),"Kalendář FZ - 12 měsíců, 2023.xlsx",467,2023,ano,,,ASTIP STRONG 143kVA/30kVA/3F-60 minut,,,,,,,,,17/26,,,,,,,,,,,,,,,,,,,,,,,,,,,,,,,,,,,,,,,,,,,,,,,,,,,,,,,,,,,,,,,,,,,,,,,,,,,,,,,1,"Praha, Plzeňská 21, č.p. 3384, My Mozart",,,,"Praha, Plzeňská 21, . 3384, My Mozart, Česká republika","Praha, Plzeňská 21, . 3384, My Mozart, Česká republika"
"Praha, Plzeňská 56, Hotel","Praha, Plzeňská 56, Hotel","Praha, Plzeňská 56, Hotel, Česká republika",ASTIP PS 15kVA/3F -45 minut,ASTIP PS 15kVA/3F -45 minut,Jindřich Novotný 605 555 195,Jindřich Novotný 605 555 195,Praha,,,2026-07-29,2026-01-29,86.0,Více než 60 dnů,zelená,50.07232,14.39209,OK Mapy.com,,čeká na přesné geokódování,"praha, plzeňská 56, hotel, česká republika",2026-01-29,2026-07-29,86.0,Více než 60 dnů,zelená,2026-01-29 (proběhlá); 2026-07-29 (plánovaná),Kalendář FZ - 6 měsíců.xlsx,282,2021,ano,ano,Jindřich Novotný 605 555 195,ASTIP PS 15kVA/3F -45 minut,"Praha, Plzeňská 56, Hotel",,29/26,,,,,,29/26,,,,,,,,,,,,,,,,,,,,,,,,,,,,,,,,,,,,,,,,,,,,,,,,,,,,,,,,,,,,,,,,,,,,,,,,,,,,,,,2,,,,,"Praha, Plzeňská 56, Hotel, Česká republika","Praha, Plzeňská 56, Hotel, Česká republika"
"Praha, Plzeňská 66, CAMPUS VŠFS","Praha, Plzeňská 66, CAMPUS VŠFS","CAMPUS VŠFS, Plzeňská 66, Praha, Česká republika","ASTIP PS 20kVA/3f 45 min.,","ASTIP PS 20kVA/3f 45 min.,",Otřísal 724 130 491,Otřísal 724 130 491,Praha,,,2025-09-20,2025-03-20,-226.0,Po termínu,červená,50.07214,14.39048,upraveno - znovu geokódovat,,Adresa automaticky upravena pro Mapy.com; spusť znovu geokodér.,"praha, plzeňská 66, campus všfs, česká republika",2025-03-20,2025-09-20,-226.0,Po termínu,červená,2025-03-20 (proběhlá); 2025-09-20 (plánovaná),Kalendář FZ - 6 měsíců.xlsx,283,2019,,,Otřísal 724 130 491,"ASTIP PS 20kVA/3f 45 min.,","Praha, Plzeňská 66, CAMPUS VŠFS",,,,20/25,,,,,,20/25,,,,,,,,,,,,,,,,,,,,,,,,,,,,,,,,,,,,,,,,,,,,,,,,,,,,,,,,,,,,,,,,,,,,,,,,,,,,,2,,,,,"Praha, Plzeňská 66, CAMPUS VŠFS, Česká republika","CAMPUS VŠFS, Plzeňská 66, Praha, Česká republika"
"Praha, Pobřežní 44, BD","Praha, Pobřežní 44, BD","BD, Pobřežní 44, Praha, Česká republika",ASTIP STRONG 28kVA/10kVA/3F -45 minut,ASTIP STRONG 28kVA/10kVA/3F -45 minut,Polikarpov 728 010 108,Polikarpov 728 010 108,Praha,,,2025-06-20,2025-06-20,-318.0,Po termínu,červená,50.09395,14.44844,upraveno - znovu geokódovat,,Adresa automaticky upravena pro Mapy.com; spusť znovu geokodér.,"praha, pobřežní 44, bd, česká republika",2025-06-20,2025-06-20,-318.0,Po termínu,červená,2025-06-20 (plánovaná),"Kalendář FZ - 12 měsíců, 2023.xlsx",468,2023,,,,ASTIP STRONG 28kVA/10kVA/3F -45 minut,,,,,,,,20/25,,,,,,,,,,,,,,,,,,,,,,,,,,,,,,,,,,,,,,,,,,,,,,,,,,,,,,,,,,,,,,,,,,,,,,,,,,,,,,,,1,"Praha, Pobřežní 44, BD",,,,"Praha, Pobřežní 44, BD, Česká republika","BD, Pobřežní 44, Praha, Česká republika"
"Praha, Pod Harfou","Praha, Pod Harfou","Praha, Pod Harfou, Česká republika",2x PS 7500/3f-45 minut,2x PS 7500/3f-45 minut,Pont 777 578 581,Pont 777 578 581,Praha,cena za jeden zdroj,cena za jeden zdroj,2025-03-13,2025-03-13,-417.0,Po termínu,červená,50.10397,14.50814,OK Mapy.com,,čeká na přesné geokódování,"praha, pod harfou, česká republika",2025-03-13,2025-03-13,-417.0,Po termínu,červená,2025-03-13 (plánovaná),"Kalendář FZ - 12 měsíců, 2023.xlsx",469,2016,,,,2x PS 7500/3f-45 minut,,,,,13/25-1x STOP STAV,,,,,,,,,,,,,,,,,,,,,,,,,,,,,,,,,,,,,,,,,,,,,,,,,,,,,,,,,,,,,,,,,,,,,,,,,,,,,,,,,,,1,"Praha, Pod Harfou",,7750,,"Praha, Pod Harfou, Česká republika","Praha, Pod Harfou, Česká republika"
"Praha, Pod Kaštany 1106, 1107, Villa Bianca","Praha, Pod Kaštany 1106, 1107, Villa Bianca","Villa Bianca, Pod Kaštany 1106, Praha, Česká republika",PS 2500/3f-20 minut,PS 2500/3f-20 minut,Nešleha  602 129 019,Nešleha  602 129 019,Praha,"je tam hromada zdrojů, chaos , nakonec revize 1 x ročně","je tam hromada zdrojů, chaos , nakonec revize 1 x ročně",2027-03-12,,312.0,Více než 60 dnů,zelená,50.1021,14.40928,upraveno - znovu geokódovat,,Adresa automaticky upravena pro Mapy.com; spusť znovu geokodér.,"praha, pod kaštany 1106, 1107, villa bianca, česká republika",,2027-03-12,312.0,Více než 60 dnů,zelená,2027-03-12 (plánovaná),"Kalendář FZ - 12 měsíců, 2023.xlsx",470,2020,,,,  PS 2500/3f-20 minut,,,,,12/27,,,,,,,,,,,,,,,,,,,,,,,,,,,,,,,,,,,,,,,,,,,,,,,,,,,,,,,,,,,,,,,,,,,,,,,,,,,,,,,,,,,1,"Praha, Pod Kaštany 1106, 1107, Villa Bianca",,,,"Praha, Pod Kaštany 1106, 1107, Villa Bianca, Česká republika","Villa Bianca, Pod Kaštany 1106, Praha, Česká republika"
"Praha, Pod Plynojemem","Praha, Pod Plynojemem","Praha, Pod Plynojemem, Česká republika","PS 800/1f,PS 25kVA/3f-45 minut","PS 800/1f,PS 25kVA/3f-45 minut",Stárek 603 525 247,Stárek 603 525 247,Praha,07/2023 -oba nové zdroje,07/2023 -oba nové zdroje,2026-07-17,,74.0,Více než 60 dnů,zelená,50.0982,14.47439,OK Mapy.com,,čeká na přesné geokódování,"praha, pod plynojemem, česká republika",,2026-07-17,74.0,Více než 60 dnů,zelená,2026-07-17 (plánovaná),"Kalendář FZ - 12 měsíců, 2023.xlsx",471,2015-out + 2023,,,,"PS 800/1f,PS 25kVA/3f-45 minut",,,,,,,,,17/26,,,,,,,,,,,,,,,,,,,,,,,,,,,,,,,,,,,,,,,,,,,,,,,,,,,,,,,,,,,,,,,,,,,,,,,,,,,,,,,1,"Praha, Pod Plynojemem",,,,"Praha, Pod Plynojemem, Česká republika","Praha, Pod Plynojemem, Česká republika"
"Praha, Pod Stolovou Horou","Praha, Pod Stolovou Horou","Praha, Pod Stolovou Horou, Česká republika",2 x STRONG 7500/3f-45 minut,2 x STRONG 7500/3f-45 minut,"Optimcare - správci, David Dvořák - 731 121 070","Optimcare - správci, David Dvořák - 731 121 070",Praha,"7.3.2025 -UPS u tohoto SVJ byla vyměněna za jiný typ od jiného dodavatele4.3.2025 -posláno znovu na neznika….2.7.2024 - předáno k projednání SVJ - 26.6.2024 - poslán dotaz paní Neprašové, Posílat poštou na SVJ Pod stolovou horou 975/1, svobodova@ppm.as","7.3.2025 -UPS u tohoto SVJ byla vyměněna za jiný typ od jiného dodavatele4.3.2025 -posláno znovu na neznika….2.7.2024 - předáno k projednání SVJ - 26.6.2024 - poslán dotaz paní Neprašové, Posílat poštou na SVJ Pod stolovou horou 975/1, svobodova@ppm.as",,2023-06-22,,Bez termínu,šedá,50.05595,14.35007,OK Mapy.com,,čeká na přesné geokódování,"praha, pod stolovou horou, česká republika",2023-06-22,,,Bez termínu,šedá,2023-06-22 (nezjištěno),"Kalendář FZ - 12 měsíců, 2023.xlsx",472,2017,,,,2 x STRONG 7500/3f-45 minut,,,,,,,,22/23-2 x STOP STAV,,,,,,,,,,,,,,,,,,,,,,,,,,,,,,,,,,,,,,,,,,,,,,,,,,,,,,,,,,,,,,,,,,,,,,,,,,,,,,,,1,"Praha, Pod Stolovou Horou",,a´ 6 700 Kč,,"Praha, Pod Stolovou Horou, Česká republika","Praha, Pod Stolovou Horou, Česká republika"
"Praha, Pod Vilami 1193_11, BD, Nusle","Praha, Pod Vilami 1193_11, BD, Nusle","BD, Nusle, Pod Vilami 1193/11, Praha, Česká republika",ASTIP STRONG 19/2kVA/3F -30 minut,ASTIP STRONG 19/2kVA/3F -30 minut,Lank 727 989 361,Lank 727 989 361,Praha,,,2026-12-02,,212.0,Více než 60 dnů,zelená,50.06111,14.4444,upraveno - znovu geokódovat,,Adresa automaticky upravena pro Mapy.com; spusť znovu geokodér.,"praha, pod vilami 1193/11, bd, nusle, česká republika",,2026-12-02,212.0,Více než 60 dnů,zelená,2026-12-02 (plánovaná),"Kalendář FZ - 12 měsíců, 2023.xlsx",475,2022,,,,ASTIP STRONG 19/2kVA/3F -30 minut,,,,,,,,,,,,,,2/26,,,,,,,,,,,,,,,,,,,,,,,,,,,,,,,,,,,,,,,,,,,,,,,,,,,,,,,,,,,,,,,,,,,,,,,,,,1,"Praha, Pod Vilami 1193_11, BD, Nusle",,,,"Praha, Pod Vilami 1193/11, BD, Nusle, Česká republika","BD, Nusle, Pod Vilami 1193/11, Praha, Česká republika"
"Praha, Pod Školou 6, Mikrotechna Košíře","Praha, Pod Školou 6, Mikrotechna Košíře","Praha, Pod Školou 6, Mikrotechna Košíře, Česká republika","ASTIP PS 30kVA/3F -30 minut, dojezd","ASTIP PS 30kVA/3F -30 minut, dojezd",Ing. Tomáš Tuháček  604 632 154,Ing. Tomáš Tuháček  604 632 154,Praha,,,2026-05-06,,2.0,Méně než 7 dnů,červená,50.06902,14.36826,OK Mapy.com,,čeká na přesné geokódování,"praha, pod školou 6, mikrotechna košíře, česká republika",,2026-05-06,2.0,Méně než 7 dnů,červená,2026-05-06 (plánovaná),"Kalendář FZ - 12 měsíců, 2023.xlsx",473,2020,,,,"ASTIP PS 30kVA/3F -30 minut, dojezd",,,,,,,6/26,,,,,,,,,,,,,,,,,,,,,,,,,,,,,,,,,,,,,,,,,,,,,,,,,,,,,,,,,,,,,,,,,,,,,,,,,,,,,,,,,1,"Praha, Pod Školou 6, Mikrotechna Košíře",,,,"Praha, Pod Školou 6, Mikrotechna Košíře, Česká republika","Praha, Pod Školou 6, Mikrotechna Košíře, Česká republika"
"Praha, Pod Šmukýřkou 1319/19, 21","Praha, Pod Šmukýřkou 1319/19, 21","Praha, Pod Šmukýřkou 1319/19, 21, Česká republika","2500VA/1f, 1500/1f, 10 min","2500VA/1f, 1500/1f, 10 min",Bokštefl - 724 034 858,Bokštefl - 724 034 858,Praha,"28.6.2024 - jsou tam nové zdroje od jiného dodavatele...č. 21 -1500/3F-45 min - STOP STAV , 4500 Kč        19 -2500/1F45 min., 5500 Kč","28.6.2024 - jsou tam nové zdroje od jiného dodavatele...č. 21 -1500/3F-45 min - STOP STAV , 4500 Kč        19 -2500/1F45 min., 5500 Kč",,2021-07-06,,Bez termínu,šedá,50.06547,14.3767,OK Mapy.com,,čeká na přesné geokódování,"praha, pod šmukýřkou 1319/19, 21, česká republika",2021-07-06,,,Bez termínu,šedá,2021-07-06 (nezjištěno),"Kalendář FZ - 12 měsíců, 2023.xlsx",474,2016,,,,"2500VA/1f, 1500/1f, 10 min",,,,,,,,,6/21,,,,,,,,,,,,,,,,,,,,,,,,,,,,,,,,,,,,,,,,,,,,,,,,,,,,,,,,,,,,,,,,,,,,,,,,,,,,,,,1,"Praha, Pod Šmukýřkou 1319/19, 21",,,,"Praha, Pod Šmukýřkou 1319/19, 21, Česká republika","Praha, Pod Šmukýřkou 1319/19, 21, Česká republika"
"Praha, Podbělohorská 10","Praha, Podbělohorská 10","Praha, Podbělohorská 10, Česká republika",ASTIP STRONG 2kVA/3F -15 minut,ASTIP STRONG 2kVA/3F -15 minut,Ing. Bartoň 602 317 984,Ing. Bartoň 602 317 984,Praha,,,2022-07-01,2022-07-01,-1403.0,Po termínu,červená,50.07259,14.381,OK Mapy.com,,čeká na přesné geokódování,"praha, podbělohorská 10, česká republika",2022-07-01,2022-07-01,-1403.0,Po termínu,červená,2022-07-01 (plánovaná),"Kalendář FZ - 12 měsíců, 2023.xlsx",476,2019,,,,ASTIP STRONG 2kVA/3F -15 minut,,,,,,,,,1/22,,,,,,,,,,,,,,,,,,,,,,,,,,,,,,,,,,,,,,,,,,,,,,,,,,,,,,,,,,,,,,,,,,,,,,,,,,,,,,,1,"Praha, Podbělohorská 10",,,,"Praha, Podbělohorská 10, Česká republika","Praha, Podbělohorská 10, Česká republika"
"Praha, Poděbradská 1189/62 -Tesla Hloubětín","Praha, Poděbradská 1189/62 -Tesla Hloubětín","Poděbradská 1189/62 -Tesla Hloubětín, Poděbradská 1189/62 -Tesla Hloubětín, Česká republika",ASTIP STRONG Liftback 60/40kVA/3F-45 minut,ASTIP STRONG Liftback 60/40kVA/3F-45 minut,"Vedral OptimCare -771 500 078, Technik objektu Urban 778 743 149","Vedral OptimCare -771 500 078, Technik objektu Urban 778 743 149",Praha,,,2026-09-09,,128.0,Více než 60 dnů,zelená,50.08355,14.43414,OK final,,"Dotaz zjednodušen na ulici/číslo + město + ČR/SR, bez názvů objektů.","praha, poděbradská 1189/62 -tesla hloubětín, česká republika",,2026-09-09,128.0,Více než 60 dnů,zelená,2026-09-09 (plánovaná),"Kalendář FZ - 12 měsíců, 2023.xlsx",343,2024,,,,ASTIP STRONG Liftback 60/40kVA/3F-45 minut,,,,,,,,,,,9/26,,,,,,,,,,,,,,,,,,,,,,,,,,,,,,,,,,,,,,,,,,,,,,,,,,,,,,,,,,,,,,,,,,,,,,,,,,,,,1,"Praha, Poděbradská 1189/62 -Tesla Hloubětín",,,,"Praha, Poděbradská 1189/62 -Tesla Hloubětín, Česká republika","Poděbradská 1189/62 -Tesla Hloubětín, Praha, Česká republika"
"Praha, Poděbradská 20, ubytovací zařízení","Praha, Poděbradská 20, ubytovací zařízení","Praha, Poděbradská 20, ubytovací zařízení, Česká republika",ASTIP STRONG 15kVA/3F-45 minut,ASTIP STRONG 15kVA/3F-45 minut,Opletal 777 168 685,Opletal 777 168 685,Praha,"pan Opletal, chce revize 1 x ročně, uznaná záruka do 5/26","pan Opletal, chce revize 1 x ročně, uznaná záruka do 5/26",2026-02-27,2026-02-27,-66.0,Po termínu,červená,50.10207,14.50734,OK Mapy.com,,čeká na přesné geokódování,"praha, poděbradská 20, ubytovací zařízení, česká republika",2026-02-27,2026-02-27,-66.0,Po termínu,červená,2026-02-27 (plánovaná),"Kalendář FZ - 12 měsíců, 2023.xlsx",477,2021,ano,,,ASTIP STRONG 15kVA/3F-45 minut,,,,27/26,,,,,,,,,,,,,,,,,,,,,,,,,,,,,,,,,,,,,,,,,,,,,,,,,,,,,,,,,,,,,,,,,,,,,,,,,,,,,,,,,,,,1,"Praha, Poděbradská 20, ubytovací zařízení",,,,"Praha, Poděbradská 20, ubytovací zařízení, Česká republika","Praha, Poděbradská 20, ubytovací zařízení, Česká republika"
"Praha, Poděbradská 489/116, OC Hloubětín","Praha, Poděbradská 489/116, OC Hloubětín","Praha, Poděbradská 489/116, OC Hloubětín, Česká republika",ASTIP PS 7500/3F-30 minut,ASTIP PS 7500/3F-30 minut,Lipovec 775 906 522,Lipovec 775 906 522,Praha,"!!!! -ozvst dr fopředu, aby odpojili vzduchitechniku, měly by se taé měnit aku","!!!! -ozvst dr fopředu, aby odpojili vzduchitechniku, měly by se taé měnit aku",2026-10-01,2026-04-01,150.0,Více než 60 dnů,zelená,50.10562,14.53701,OK Mapy.com,,čeká na přesné geokódování,"praha, poděbradská 489/116, oc hloubětín, česká republika",2026-04-01,2026-10-01,150.0,Více než 60 dnů,zelená,2026-04-01 (proběhlá); 2026-10-01 (plánovaná),Kalendář FZ - 6 měsíců.xlsx,284,2017,,,Lipovec 775 906 522,ASTIP PS 7500/3F-30 minut,"Praha, Poděbradská 489/116, OC Hloubětín",,,!!!!,,1/26,,,,,,1/26,,,,,,,,,,,,,,,,,,,,,,,,,,,,,,,,,,,,,,,,,,,,,,,,,,,,,,,,,,,,,,,,,,,,,,,,,,,,2,,,,,"Praha, Poděbradská 489/116, OC Hloubětín, Česká republika","Praha, Poděbradská 489/116, OC Hloubětín, Česká republika"
"Praha, polyfunkční objekt Dlouhá","Praha, polyfunkční objekt Dlouhá","Praha, polyfunkční objekt Dlouhá, Česká republika","ASTIP STRONG 80kVA/30kVA/3F -10,45,60 minut","ASTIP STRONG 80kVA/30kVA/3F -10,45,60 minut","Obermajer 606 720 850, Jalamudis 724 079 964","Obermajer 606 720 850, Jalamudis 724 079 964",Praha,,,2026-06-02,2025-12-02,29.0,7–30 dnů,oranžová,50.09011,14.42437,OK Mapy.com,,čeká na přesné geokódování,"praha, polyfunkční objekt dlouhá, česká republika",2025-12-02,2026-06-02,29.0,7–30 dnů,oranžová,2025-12-02 (proběhlá); 2026-06-02 (plánovaná),Kalendář FZ - 6 měsíců.xlsx,285,2021,ano,ano,"Obermajer 606 720 850, Jalamudis 724 079 964","ASTIP STRONG 80kVA/30kVA/3F -10,45,60 minut","Praha, polyfunkční objekt Dlouhá",,,,,,,2/26,,,,,,2/25,,,,,,,,,,,,,,,,,,,,,,,,,,,,,,,,,,,,,,,,,,,,,,,,,,,,,,,,,,,,,,,,,,,,,,,,,,2,,,,,"Praha, polyfunkční objekt Dlouhá, Česká republika","Praha, polyfunkční objekt Dlouhá, Česká republika"
"Praha, Pomořanská 486/7, BD","Praha, Pomořanská 486/7, BD","BD, Pomořanská 486/7, Praha, Česká republika",ASTIP STRONG 1 000/3F - 30 minut,ASTIP STRONG 1 000/3F - 30 minut,Balušík 774 484 486,Balušík 774 484 486,Praha,,,2026-05-06,,2.0,Méně než 7 dnů,červená,50.12665,14.41405,upraveno - znovu geokódovat,,Adresa automaticky upravena pro Mapy.com; spusť znovu geokodér.,"praha, pomořanská 486/7, bd, česká republika",,2026-05-06,2.0,Méně než 7 dnů,červená,2026-05-06 (plánovaná),"Kalendář FZ - 12 měsíců, 2023.xlsx",478,2019,,,,ASTIP STRONG 1 000/3F - 30 minut,,,,,,,6/26,,,,,,,,,,,,,,,,,,,,,,,,,,,,,,,,,,,,,,,,,,,,,,,,,,,,,,,,,,,,,,,,,,,,,,,,,,,,,,,,,1,"Praha, Pomořanská 486/7, BD",,,,"Praha, Pomořanská 486/7, BD, Česká republika","BD, Pomořanská 486/7, Praha, Česká republika"
"Praha, Primátorská 36, BD","Praha, Primátorská 36, BD","BD, Primátorská 36, Praha, Česká republika",ASTIP PS 3 000/3F - 45 minut,ASTIP PS 3 000/3F - 45 minut,Radek Ponocný 777 008 961,Radek Ponocný 777 008 961,Praha,2.7.2024 - objednáno...28.6.2024 - posílám aktualitzaci CN - radek.ponocny@horren.cz,2.7.2024 - objednáno...28.6.2024 - posílám aktualitzaci CN - radek.ponocny@horren.cz,2025-09-17,2025-09-17,-229.0,Po termínu,červená,50.11347,14.47318,upraveno - znovu geokódovat,,Adresa automaticky upravena pro Mapy.com; spusť znovu geokodér.,"praha, primátorská 36, bd, česká republika",2025-09-17,2025-09-17,-229.0,Po termínu,červená,2025-09-17 (plánovaná),"Kalendář FZ - 12 měsíců, 2023.xlsx",479,2018,,,,ASTIP PS 3 000/3F - 45 minut,,,,,,,,,,,17/25,,,,,,,,,,,,,,,,,,,,,,,,,,,,,,,,,,,,,,,,,,,,,,,,,,,,,,,,,,,,,,,,,,,,,,,,,,,,,1,"Praha, Primátorská 36, BD",,,,"Praha, Primátorská 36, BD, Česká republika","BD, Primátorská 36, Praha, Česká republika"
"Praha, Radlická 142, BD","Praha, Radlická 142, BD","BD, Radlická 142, Praha, Česká republika","PS 15kVA/3f, 45 min","PS 15kVA/3f, 45 min",Petr Freisler -725 831 663,Petr Freisler -725 831 663,Praha,,,2027-01-29,,270.0,Více než 60 dnů,zelená,50.05935,14.39218,upraveno - znovu geokódovat,,Adresa automaticky upravena pro Mapy.com; spusť znovu geokodér.,"praha, radlická 142, bd, česká republika",,2027-01-29,270.0,Více než 60 dnů,zelená,2027-01-29 (plánovaná),"Kalendář FZ - 12 měsíců, 2023.xlsx",480,2015,,,,"PS 15kVA/3f, 45 min",,,29/27,,,,,,,,,,,,,,,,,,,,,,,,,,,,,,,,,,,,,,,,,,,,,,,,,,,,,,,,,,,,,,,,,,,,,,,,,,,,,,,,,,,,,1,"Praha, Radlická 142, BD",,,,"Praha, Radlická 142, BD, Česká republika","BD, Radlická 142, Praha, Česká republika"
"Praha, Redapiú, Revoluční 1201/18","Praha, Redapiú, Revoluční 1201/18","Praha, Redapiú, Revoluční 1201/18, Česká republika",Rectifier 12 kVA-45min,Rectifier 12 kVA-45min,,,Praha,,,2021-06-18,2020-12-18,-1781.0,Po termínu,červená,50.09112,14.42787,OK Mapy.com,,čeká na přesné geokódování,"praha, redapiú, revoluční 1201/18, česká republika",2020-12-18,2021-06-18,-1781.0,Po termínu,červená,2020-12-18 (proběhlá); 2021-06-18 (plánovaná),Kalendář FZ - 6 měsíců.xlsx,286,zdroj není,ano,,,Rectifier 12 kVA-45min,"Praha, Redapiú, Revoluční 1201/18",,,,,,,18/21,,,,,,18/20,,,,,,,,,,,,,,,,,,,,,,,,,,,,,,,,,,,,,,,,,,,,,,,,,,,,,,,,,,,,,,,,,,,,,,,,,,2,,,,,"Praha, Redapiú, Revoluční 1201/18, Česká republika","Praha, Redapiú, Revoluční 1201/18, Česká republika"
"Praha, Redapiú, Žitná","Praha, Redapiú, Žitná","Praha, Redapiú, Žitná, Česká republika",PS 10kVA-45min,PS 10kVA-45min,Pokuta 728 177 181,Pokuta 728 177 181,Praha,"2021 - Revoluční, konec zdroje, vyměnili za jiný","2021 - Revoluční, konec zdroje, vyměnili za jiný",,2022-03-03,,Bez termínu,šedá,50.07727,14.42584,OK Mapy.com,,čeká na přesné geokódování,"praha, redapiú, žitná, česká republika",2022-03-03,,,Bez termínu,šedá,2022-03-03 (proběhlá); 2022-12-01 (nezjištěno),Kalendář FZ - 6 měsíců.xlsx,287,2016,zrušena 16.2.2023,,Pokuta 728 177 181,PS 10kVA-45min,"Praha, Redapiú, Žitná",,,,3/22,,,,,,,,,1/22,,,,,,,,,,,,,,,,,,,,,,,,,,,,,,,,,,,,,,,,,,,,,,,,,,,,,,,,,,,,,,,,,,,,,,,,,,2,,,,,"Praha, Redapiú, Žitná, Česká republika","Praha, Redapiú, Žitná, Česká republika"
"Praha, Rezidence Českobratrská ,Zuckerstein","Praha, Rezidence Českobratrská ,Zuckerstein","Praha, Rezidence Českobratrská, Zuckerstein, Česká republika",PS 2000/3f-45 minut,PS 2000/3f-45 minut,p. Kelner - 602 138 770,p. Kelner - 602 138 770,Praha,,,,,,Bez termínu,šedá,50.08581,14.45695,OK Mapy.com,,čeká na přesné geokódování,"praha, rezidence českobratrská, zuckerstein, česká republika",,,,Bez termínu,šedá,,"Kalendář FZ - 12 měsíců, 2023.xlsx",481,bez,,,,  PS 2000/3f-45 minut,,,,,,,,,20,,,,,,,,,,,,,,,,,,,,,,,,,,,,,,,,,,,,,,,,,,,,,,,,,,,,,,,,,,,,,,,,,,,,,,,,,,,,,,,0,"Praha, Rezidence Českobratrská ,Zuckerstein",,,,"Praha, Rezidence Českobratrská, Zuckerstein, Česká republika","Praha, Rezidence Českobratrská, Zuckerstein, Česká republika"
"Praha, Rorýsova 7, 1","Praha, Rorýsova 7, 1","Praha, Rorýsova 7, 1, Česká republika","PS 20kVA3F -10 minut, ASTIP PS 75 kVA/3f 45 minut","PS 20kVA3F -10 minut, ASTIP PS 75 kVA/3f 45 minut",,,Praha,,,2027-04-08,,339.0,Více než 60 dnů,zelená,49.99913,14.4084,OK Mapy.com,,čeká na přesné geokódování,"praha, rorýsova 7, 1, česká republika",,2027-04-08,339.0,Více než 60 dnů,zelená,2027-04-08 (plánovaná),"Kalendář FZ - 12 měsíců, 2023.xlsx",482,2017,,,,"PS 20kVA3F -10 minut, ASTIP PS 75 kVA/3f 45 minut",,,,,,8/27-Ror.1 +14/27-Ror. 7,,,,,,,,,,,,,,,,,,,,,,,,,,,,,,,,,,,,,,,,,,,,,,,,,,,,,,,,,,,,,,,,,,,,,,,,,,,,,,,,,,1,"Praha, Rorýsova 7, 1",,,,"Praha, Rorýsova 7, 1, Česká republika","Praha, Rorýsova 7, 1, Česká republika"
"Praha, Rudná ZŠ","Praha, Rudná ZŠ","Praha, Rudná ZŠ, Česká republika",R-SOZ,R-SOZ,Corradini 724 230 992,Corradini 724 230 992,Praha,,,2021-10-20,2021-10-20,-1657.0,Po termínu,červená,50.02991,14.22293,OK Mapy.com,,čeká na přesné geokódování,"praha, rudná zš, česká republika",2021-10-20,2021-10-20,-1657.0,Po termínu,červená,2021-10-20 (plánovaná),"Kalendář FZ - 12 měsíců, 2023.xlsx",483,2019,,,,R-SOZ,,,,,,,,,,,,20/21,,,,,,,,,,,,,,,,,,,,,,,,,,,,,,,,,,,,,,,,,,,,,,,,,,,,,,,,,,,,,,,,,,,,,,,,,,,,1,"Praha, Rudná ZŠ",,,,"Praha, Rudná ZŠ, Česká republika","Praha, Rudná ZŠ, Česká republika"
"Praha, Sanderova 1616,1618 Prague Marina","Praha, Sanderova 1616,1618 Prague Marina","Sanderova 1616, Praha, Česká republika","PS 100kVA/3f-60 minut + RPO, PS 75kVA","PS 100kVA/3f-60 minut + RPO, PS 75kVA",Veselý (někdo inej) - 606 565 657,Veselý (někdo inej) - 606 565 657,Praha,a  Sanderova 1618,a  Sanderova 1618,2026-04-23,2025-10-23,-11.0,Po termínu,červená,50.10534,14.45866,upraveno - znovu geokódovat,,Adresa automaticky upravena pro Mapy.com; spusť znovu geokodér.,"praha, sanderova 1616, 1618 prague marina, česká republika",2025-10-23,2026-04-23,-11.0,Po termínu,červená,2025-10-23 (proběhlá); 2026-04-23 (plánovaná),Kalendář FZ - 6 měsíců.xlsx,292,2017,,,Veselý (někdo inej) - 606 565 657,"PS 100kVA/3f-60 minut + RPO, PS 75kVA","Praha, Sanderova 1616,1618 Prague Marina",,,,,23/26,,,,,,23/25,,,,,,,,,,,,,,,,,,,,,,,,,,,,,,,,,,,,,,,,,,,,,,,,,,,,,,,,,,,,,,,,,,,,,,,,,,,,2,,,,,"Praha, Sanderova 1616, 1618 Prague Marina, Česká republika","Sanderova 1616, Praha, Česká republika"
"Praha, Sazovická 488","Praha, Sazovická 488","Praha, Sazovická 488, Česká republika",4 x zdroj,4 x zdroj,,,Praha,,,,,,Bez termínu,šedá,50.0574,14.28049,OK Mapy.com,,čeká na přesné geokódování,"praha, sazovická 488, česká republika",,,,Bez termínu,šedá,,"Kalendář FZ - 12 měsíců, 2023.xlsx",488,,,,,4 x zdroj ,,,,,,,,,,,,,,,,,,,,,,,,,,,,,,,,,,,,,,,,,,,,,,,,,,,,,,,,,,,,,,,,,,,,,,,,,,,,,,,,,,,,,,,,0,"Praha, Sazovická 488",,,,"Praha, Sazovická 488, Česká republika","Praha, Sazovická 488, Česká republika"
"Praha, Sazovická 507","Praha, Sazovická 507","Praha, Sazovická 507, Česká republika",PS 10 000/3f-45 min,PS 10 000/3f-45 min,,,Praha,"18.2.2021 -provedena kontrola s UPS.CZ - Horálkem, pozvali nás na součinnost","18.2.2021 -provedena kontrola s UPS.CZ - Horálkem, pozvali nás na součinnost",,2022-02-18,,Bez termínu,šedá,50.05588,14.2829,OK Mapy.com,,čeká na přesné geokódování,"praha, sazovická 507, česká republika",2022-02-18,,,Bez termínu,šedá,2022-02-18 (nezjištěno),"Kalendář FZ - 12 měsíců, 2023.xlsx",486,2017,,,,PS 10 000/3f-45 min,,,,18/22,,,,,,,,,,,,,,,,,,,,,,,,,,,,,,,,,,,,,,,,,,,,,,,,,,,,,,,,,,,,,,,,,,,,,,,,,,,,,,,,,,,,1,"Praha, Sazovická 507",,,,"Praha, Sazovická 507, Česká republika","Praha, Sazovická 507, Česká republika"
"Praha, Sazovická 508","Praha, Sazovická 508","Praha, Sazovická 508, Česká republika","PS 20kVA/3F-30 minut, STRONG 244/1F","PS 20kVA/3F-30 minut, STRONG 244/1F",Frejka Lukáš,Frejka Lukáš,Praha,,,2026-02-04,2026-02-04,-89.0,Po termínu,červená,50.05631,14.28154,OK Mapy.com,,čeká na přesné geokódování,"praha, sazovická 508, česká republika",2026-02-04,2026-02-04,-89.0,Po termínu,červená,2026-02-04 (plánovaná),"Kalendář FZ - 12 měsíců, 2023.xlsx",487,"2018, 2017",,ano,,"PS 20kVA/3F-30 minut, STRONG 244/1F",,,,4/26,,,,,,,,,,,,,,,,,,,,,,,,,,,,,,,,,,,,,,,,,,,,,,,,,,,,,,,,,,,,,,,,,,,,,,,,,,,,,,,,,,,,1,"Praha, Sazovická 508",,,,"Praha, Sazovická 508, Česká republika","Praha, Sazovická 508, Česká republika"
"Praha, Sestupná 7, BD","Praha, Sestupná 7, BD","BD, Sestupná 7, Praha, Česká republika",STRONG 2000/3F-60 minut,STRONG 2000/3F-60 minut,Bokštefl - 724 034 858,Bokštefl - 724 034 858,Praha,,,2026-12-11,,221.0,Více než 60 dnů,zelená,50.08665,14.33536,upraveno - znovu geokódovat,,Adresa automaticky upravena pro Mapy.com; spusť znovu geokodér.,"praha, sestupná 7, bd, česká republika",,2026-12-11,221.0,Více než 60 dnů,zelená,2026-12-11 (plánovaná),"Kalendář FZ - 12 měsíců, 2023.xlsx",489,2017,,,,STRONG 2000/3F-60 minut,,,,,,,,,,,,,,11/26,,,,,,,,,,,,,,,,,,,,,,,,,,,,,,,,,,,,,,,,,,,,,,,,,,,,,,,,,,,,,,,,,,,,,,,,,,1,"Praha, Sestupná 7, BD",,,,"Praha, Sestupná 7, BD, Česká republika","BD, Sestupná 7, Praha, Česká republika"
"Praha, Sevastopolská 3, BD","Praha, Sevastopolská 3, BD","BD, Sevastopolská 3, Praha, Česká republika",ASTIP STRONG 4kVA/3F - 45 minut,ASTIP STRONG 4kVA/3F - 45 minut,Tušová 606 160 326,Tušová 606 160 326,Praha,,,2025-07-25,2025-07-25,-283.0,Po termínu,červená,49.16693,16.55488,upraveno - znovu geokódovat,,Adresa automaticky upravena pro Mapy.com; spusť znovu geokodér.,"praha, sevastopolská 3, bd, česká republika",2025-07-25,2025-07-25,-283.0,Po termínu,červená,2025-07-25 (plánovaná),"Kalendář FZ - 12 měsíců, 2023.xlsx",490,2023,ano,,,ASTIP STRONG 4kVA/3F - 45 minut,,,,,,,,,25/25,,,,,,,,,,,,,,,,,,,,,,,,,,,,,,,,,,,,,,,,,,,,,,,,,,,,,,,,,,,,,,,,,,,,,,,,,,,,,,,1,"Praha, Sevastopolská 3, BD",,,,"Praha, Sevastopolská 3, BD, Česká republika","BD, Sevastopolská 3, Praha, Česká republika"
"Praha, Sezemínská 5","Praha, Sezemínská 5","Praha, Sezemínská 5, Česká republika",PS 15 000/3f-45 minut,PS 15 000/3f-45 minut,Jan Nový - 607 931 086,Jan Nový - 607 931 086,Praha,,,2026-01-23,2026-01-23,-101.0,Po termínu,červená,50.04572,14.32642,OK Mapy.com,,čeká na přesné geokódování,"praha, sezemínská 5, česká republika",2026-01-23,2026-01-23,-101.0,Po termínu,červená,2026-01-23 (plánovaná),"Kalendář FZ - 12 měsíců, 2023.xlsx",491,2014,,,,  PS 15 000/3f-45 minut,,,23/26,,,,,,,,,,,,,,,,,,,,,,,,,,,,,,,,,,,,,,,,,,,,,,,,,,,,,,,,,,,,,,,,,,,,,,,,,,,,,,,,,,,,,1,"Praha, Sezemínská 5",,,,"Praha, Sezemínská 5, Česká republika","Praha, Sezemínská 5, Česká republika"
"Praha, Sokolovská 713-111c +  Rohanské nábřeží 713-6, BD Fragment","Praha, Sokolovská 713-111c +  Rohanské nábřeží 713-6, BD Fragment","BD Fragment, Sokolovská 713-111c + Rohanské nábřeží 713-6, Praha, Česká republika",STRONG 280kVA/75kVA/3F -60 minut          STRONG 37kVA/10kVA/3F -60 minut,STRONG 280kVA/75kVA/3F -60 minut          STRONG 37kVA/10kVA/3F -60 minut,Sýkora - Trigema 778 530 011,Sýkora - Trigema 778 530 011,Praha,,,2026-09-19,2026-03-19,138.0,Více než 60 dnů,zelená,50.09666,14.46117,upraveno - znovu geokódovat,,Adresa automaticky upravena pro Mapy.com; spusť znovu geokodér.,"praha, sokolovská 713-111c + rohanské nábřeží 713-6, bd fragment, česká republika",2026-03-19,2026-09-19,138.0,Více než 60 dnů,zelená,2026-03-19 (proběhlá); 2026-09-19 (plánovaná),Kalendář FZ - 6 měsíců.xlsx,294,2022,,,Sýkora - Trigema 778 530 011,STRONG 280kVA/75kVA/3F -60 minut          STRONG 37kVA/10kVA/3F -60 minut,"Praha, Sokolovská 713-111c +  Rohanské nábřeží 713-6, BD Fragment",,,,19/26,,,,,,19/26,,,,,,,,,,,,,,,,,,,,,,,,,,,,,,,,,,,,,,,,,,,,,,,,,,,,,,,,,,,,,,,,,,,,,,,,,,,,,2,,,,,"Praha, Sokolovská 713-111c + Rohanské nábřeží 713-6, BD Fragment, Česká republika","BD Fragment, Sokolovská 713-111c + Rohanské nábřeží 713-6, Praha, Česká republika"
"Praha, Sokolská 42, Hotel Joy","Praha, Sokolská 42, Hotel Joy","Hotel Joy, Sokolská 42, Praha, Česká republika",ASTIP STRONG 20kVA/3F-60 minut,ASTIP STRONG 20kVA/3F-60 minut,Adam 608 273 509,Adam 608 273 509,Praha,17.3.2025 poslán mail,17.3.2025 poslán mail,2024-11-27,2024-11-27,-523.0,Po termínu,červená,50.07396,14.42936,upraveno - znovu geokódovat,,Adresa automaticky upravena pro Mapy.com; spusť znovu geokodér.,"praha, sokolská 42, hotel joy, česká republika",2024-11-27,2024-11-27,-523.0,Po termínu,červená,2024-11-27 (plánovaná),Kalendář FZ - 6 měsíců.xlsx,293,2021,,,Adam 608 273 509,ASTIP STRONG 20kVA/3F-60 minut,"Praha, Sokolská 42, Hotel Joy",,,,,,,,,,,,27/24,,,,,,,,,,,,,,,,,,,,,,,,,,,,,,,,,,,,,,,,,,,,,,,,,,,,,,,,,,,,,,,,,,,,,,,,,,,1,,,,,"Praha, Sokolská 42, Hotel Joy, Česká republika","Hotel Joy, Sokolská 42, Praha, Česká republika"
"Praha, Soukalova, Čs exilu, U Dubu","Praha, Soukalova, Čs exilu, U Dubu","Soukalova, Čs exilu, Praha, Česká republika",3x záložní zdroj + C - 20kVA,3x záložní zdroj + C - 20kVA,Varvařovský - 777 68 22 28,Varvařovský - 777 68 22 28,Praha,,,2027-01-15,,256.0,Více než 60 dnů,zelená,50.00462,14.41511,upraveno - znovu geokódovat,,Adresa automaticky upravena pro Mapy.com; spusť znovu geokodér.,"praha, soukalova, čs exilu, u dubu, česká republika",,2027-01-15,256.0,Více než 60 dnů,zelená,2027-01-15 (plánovaná),"Kalendář FZ - 12 měsíců, 2023.xlsx",492,2016 -2020,,,,3x záložní zdroj + C - 20kVA,,,15/27,,,,,,,,,,,,,,,,,,,,,,,,,,,,,,,,,,,,,,,,,,,,,,,,,,,,,,,,,,,,,,,,,,,,,,,,,,,,,,,,,,,,,1,"Praha, Soukalova, Čs exilu, U Dubu",,12200,,"Praha, Soukalova, Čs exilu, U Dubu, Česká republika","Soukalova, Čs exilu, Praha, Česká republika"
"Praha, Spálená 12, městská poliklinika","Praha, Spálená 12, městská poliklinika","Praha, Spálená 12, městská poliklinika, Česká republika",ASTIP STRONG 42/4kVA/3F-30 minut,ASTIP STRONG 42/4kVA/3F-30 minut,Knobloch 602 321 377,Knobloch 602 321 377,Praha,"pozor, poslat 30 dnů před termínem, mail na knobloch@hmr.cz","pozor, poslat 30 dnů před termínem, mail na knobloch@hmr.cz",2026-10-01,2026-04-01,150.0,Více než 60 dnů,zelená,50.08031,14.41999,OK Mapy.com,,čeká na přesné geokódování,"praha, spálená 12, městská poliklinika, česká republika",2026-04-01,2026-10-01,150.0,Více než 60 dnů,zelená,2026-04-01 (proběhlá); 2026-10-01 (plánovaná),Kalendář FZ - 6 měsíců.xlsx,295,2025,,ano,Knobloch 602 321 377,ASTIP STRONG 42/4kVA/3F-30 minut,"Praha, Spálená 12, městská poliklinika",,,,,1/26,,,,,,1/26,,,,,,,,,,,,,,,,,,,,,,,,,,,,,,,,,,,,,,,,,,,,,,,,,,,,,,,,,,,,,,,,,,,,,,,,,,,,2,,,,,"Praha, Spálená 12, městská poliklinika, Česká republika","Praha, Spálená 12, městská poliklinika, Česká republika"
"Praha, Spálená 16, BD","Praha, Spálená 16, BD","BD, Spálená 16, Praha, Česká republika",ASTIP STRONG 2000/3F-45 minut,ASTIP STRONG 2000/3F-45 minut,Miloš Pavlík 702 279 766,Miloš Pavlík 702 279 766,Praha,,,2025-09-04,2025-09-04,-242.0,Po termínu,červená,50.08088,14.41987,upraveno - znovu geokódovat,,Adresa automaticky upravena pro Mapy.com; spusť znovu geokodér.,"praha, spálená 16, bd, česká republika",2025-09-04,2025-09-04,-242.0,Po termínu,červená,2025-09-04 (plánovaná),"Kalendář FZ - 12 měsíců, 2023.xlsx",496,2017,,,,ASTIP STRONG 2000/3F-45 minut,,,,,,,,,,,4/25,,,,,,,,,,,,,,,,,,,,,,,,,,,,,,,,,,,,,,,,,,,,,,,,,,,,,,,,,,,,,,,,,,,,,,,,,,,,,1,"Praha, Spálená 16, BD",,,,"Praha, Spálená 16, BD, Česká republika","BD, Spálená 16, Praha, Česká republika"
"Praha, Starokošířská 13, BD","Praha, Starokošířská 13, BD","BD, Starokošířská 13, Praha, Česká republika",ASTIP STRONG 97/20kVA/3F-45 minut,ASTIP STRONG 97/20kVA/3F-45 minut,Libor Janda 775 351 315,Libor Janda 775 351 315,Praha,,,2027-01-29,,270.0,Více než 60 dnů,zelená,50.07095,14.38547,upraveno - znovu geokódovat,,Adresa automaticky upravena pro Mapy.com; spusť znovu geokodér.,"praha, starokošířská 13, bd, česká republika",,2027-01-29,270.0,Více než 60 dnů,zelená,2027-01-29 (plánovaná),"Kalendář FZ - 12 měsíců, 2023.xlsx",493,2024,ano,ano,,ASTIP STRONG 97/20kVA/3F-45 minut,,,29/27,,,,,,,,,,,,,,,,,,,,,,,,,,,,,,,,,,,,,,,,,,,,,,,,,,,,,,,,,,,,,,,,,,,,,,,,,,,,,,,,,,,,,1,"Praha, Starokošířská 13, BD",,,,"Praha, Starokošířská 13, BD, Česká republika","BD, Starokošířská 13, Praha, Česká republika"
"Praha, Staropramenná 17A , BD","Praha, Staropramenná 17A , BD","BD, Staropramenná 17A, Praha, Česká republika",ASTIP STRONG 7500VA/3F -45 minut,ASTIP STRONG 7500VA/3F -45 minut,Gustav Šimáček 724 025 272,Gustav Šimáček 724 025 272,Praha,2025 -aktuálně se řeší M.Ledvina x Honza Soldán,2025 -aktuálně se řeší M.Ledvina x Honza Soldán,2027-02-19,,291.0,Více než 60 dnů,zelená,50.071,14.40656,upraveno - znovu geokódovat,,Adresa automaticky upravena pro Mapy.com; spusť znovu geokodér.,"praha, staropramenná 17a, bd, česká republika",,2027-02-19,291.0,Více než 60 dnů,zelená,2027-02-19 (plánovaná),"Kalendář FZ - 12 měsíců, 2023.xlsx",497,2021,,,,ASTIP STRONG 7500VA/3F -45 minut,,,,19/27,,,,,,,,,,,,,,,,,,,,,,,,,,,,,,,,,,,,,,,,,,,,,,,,,,,,,,,,,,,,,,,,,,,,,,,,,,,,,,,,,,,,1,"Praha, Staropramenná 17A , BD",,,,"Praha, Staropramenná 17A, BD, Česká republika","BD, Staropramenná 17A, Praha, Česká republika"
"Praha,Stodůlky, K zahrádkám 4","Praha,Stodůlky, K zahrádkám 4","Praha, Stodůlky, K zahrádkám 4, Česká republika",Astip PS 3000/3f – 20 minut,Astip PS 3000/3f – 20 minut,"je i 5,6 složka","je i 5,6 složka",Praha,,,,,,Bez termínu,šedá,50.04927,14.33008,OK Mapy.com,,čeká na přesné geokódování,"praha, stodůlky, k zahrádkám 4, česká republika",,,,Bez termínu,šedá,,Kalendář FZ - 6 měsíců.xlsx,307,"2015, 2012",,,"je i 5,6 složka",Astip PS 3000/3f – 20 minut,"Praha,Stodůlky, K zahrádkám 4",,,,,,,,,,,,,,,,,,,,,,,,,,,,,,,,,,,,,,,,,,,,,,,,,,,,,,,,,,,,,,,,,,,,,,,,,,,,,,,,,,,,,,,0,,,,,"Praha, Stodůlky, K zahrádkám 4, Česká republika","Praha, Stodůlky, K zahrádkám 4, Česká republika"
"Praha, Stočesova 1195/7, BD Eva 2","Praha, Stočesova 1195/7, BD Eva 2","Stočesova 1195/7, Praha, Česká republika",ASTIP STRONG 4 000VA/1F -45 minut,ASTIP STRONG 4 000VA/1F -45 minut,Naušová - Uldrich 602 305 888,Naušová - Uldrich 602 305 888,Praha,,,2027-04-14,,345.0,Více než 60 dnů,zelená,50.09073,14.29715,upraveno - znovu geokódovat,,Adresa automaticky upravena pro Mapy.com; spusť znovu geokodér.,"praha, stočesova 1195/7, bd eva 2, česká republika",,2027-04-14,345.0,Více než 60 dnů,zelená,2027-04-14 (plánovaná),"Kalendář FZ - 12 měsíců, 2023.xlsx",495,2025,ano,,,ASTIP STRONG 4 000VA/1F -45 minut,,,,,,14/27,,,,,,,,,,,,,,,,,,,,,,,,,,,,,,,,,,,,,,,,,,,,,,,,,,,,,,,,,,,,,,,,,,,,,,,,,,,,,,,,,,1,"Praha, Stočesova 1195/7, BD Eva 2",,,,"Praha, Stočesova 1195/7, BD Eva 2, Česká republika","Stočesova 1195/7, Praha, Česká republika"
"Praha, Stočesova 1196/10, BD Cecilie 2","Praha, Stočesova 1196/10, BD Cecilie 2","Stočesova 1196/10, Praha, Česká republika",ASTIP STRONG 4 000VA/1F -45 minut,ASTIP STRONG 4 000VA/1F -45 minut,Naušová - Uldrich 602 305 888,Naušová - Uldrich 602 305 888,Praha,,,2027-04-14,,345.0,Více než 60 dnů,zelená,50.09093,14.29718,upraveno - znovu geokódovat,,Adresa automaticky upravena pro Mapy.com; spusť znovu geokodér.,"praha, stočesova 1196/10, bd cecilie 2, česká republika",,2027-04-14,345.0,Více než 60 dnů,zelená,2027-04-14 (plánovaná),"Kalendář FZ - 12 měsíců, 2023.xlsx",494,2025,ano,,,ASTIP STRONG 4 000VA/1F -45 minut,,,,,,14/27,,,,,,,,,,,,,,,,,,,,,,,,,,,,,,,,,,,,,,,,,,,,,,,,,,,,,,,,,,,,,,,,,,,,,,,,,,,,,,,,,,1,"Praha, Stočesova 1196/10, BD Cecilie 2",,,,"Praha, Stočesova 1196/10, BD Cecilie 2, Česká republika","Stočesova 1196/10, Praha, Česká republika"
"Praha, Sámova 1574_12","Praha, Sámova 1574_12","Praha, Sámova 1574/12, Česká republika","ASTIP STRONG 60 kVA/30kVA/3F - 30 minut, STRONG 20kVA/3F -45 minut","ASTIP STRONG 60 kVA/30kVA/3F - 30 minut, STRONG 20kVA/3F -45 minut","Pan Vacek J.B. babylon, 602 325 059","Pan Vacek J.B. babylon, 602 325 059",Praha,,,2025-12-02,2025-12-02,-153.0,Po termínu,červená,50.06699,14.44976,OK Mapy.com,,čeká na přesné geokódování,"praha, sámova 1574/12, česká republika",2025-12-02,2025-12-02,-153.0,Po termínu,červená,2025-12-02 (plánovaná),"Kalendář FZ - 12 měsíců, 2023.xlsx",485,2020,,,,"ASTIP STRONG 60 kVA/30kVA/3F - 30 minut, STRONG 20kVA/3F -45 minut",,,,,,,,,,,,,,2/25,,,,,,,,,,,,,,,,,,,,,,,,,,,,,,,,,,,,,,,,,,,,,,,,,,,,,,,,,,,,,,,,,,,,,,,,,,1,"Praha, Sámova 1574_12",,,,"Praha, Sámova 1574/12, Česká republika","Praha, Sámova 1574/12, Česká republika"
"Praha, Tančící dům","Praha, Tančící dům","Praha, Tančící dům, Česká republika",ASTIP PS 3000/3f-45 minut + PS 20kVA/3F-45 minut,ASTIP PS 3000/3f-45 minut + PS 20kVA/3F-45 minut,p. Rubeš - 602 642 184,p. Rubeš - 602 642 184,Praha,,,2025-08-06,2025-02-06,-271.0,Po termínu,červená,50.07544,14.41417,OK Mapy.com,,čeká na přesné geokódování,"praha, tančící dům, česká republika",2025-02-06,2025-08-06,-271.0,Po termínu,červená,2024-10-29 (proběhlá); 2025-02-06 (proběhlá); 2025-04-29 (plánovaná); 2025-07-22 (plánovaná); 2025-08-06 (plánovaná),Kalendář FZ - 6 měsíců.xlsx,296,2016,,,p. Rubeš - 602 642 184,ASTIP PS 3000/3f-45 minut + PS 20kVA/3F-45 minut,"Praha, Tančící dům",,,6/25-3kVA,,29/25,,,22/25-20kVA,6/25 -3kVA,,29/24,,,,,,,,,,,,,,,,,,,,,,,,,,,,,,,,,,,,,,,,,,,,,,,,,,,,,,,,,,,,,,,,,,,,,,,,,,,,5,,,,,"Praha, Tančící dům, Česká republika","Praha, Tančící dům, Česká republika"
"Praha, Thomasova 229 -BD Západní město M","Praha, Thomasova 229 -BD Západní město M","Thomasova 229 -BD Západní město M, Thomasova 229 -BD Západní město M, Česká republika",ASTIP STRONG 20kVA/3F-45 minut,ASTIP STRONG 20kVA/3F-45 minut,Naušová - Uldrich 602 305 888,Naušová - Uldrich 602 305 888,Praha,vzít novou pomocku,vzít novou pomocku,2026-10-01,,150.0,Více než 60 dnů,zelená,50.08355,14.43414,OK final,,"Dotaz zjednodušen na ulici/číslo + město + ČR/SR, bez názvů objektů.","praha, thomasova 229 -bd západní město m, česká republika",,2026-10-01,150.0,Více než 60 dnů,zelená,2026-10-01 (plánovaná),"Kalendář FZ - 12 měsíců, 2023.xlsx",504,2022,ano,,,ASTIP STRONG 20kVA/3F-45 minut,,,,,,,,,,,,1/26,,,,,,,,,,,,,,,,,,,,,,,,,,,,,,,,,,,,,,,,,,,,,,,,,,,,,,,,,,,,,,,,,,,,,,,,,,,,1,"Praha, Thomasova 229 -BD Západní město M",,,,"Praha, Thomasova 229 -BD Západní město M, Česká republika","Thomasova 229 -BD Západní město M, Praha, Česká republika"
"Praha, Thomasova 230 -BD Západní město L2","Praha, Thomasova 230 -BD Západní město L2","Thomasova 230 -BD Západní město L2, Thomasova 230 -BD Západní město L2, Česká republika",ASTIP STRONG 20kVA/3F-45 minut,ASTIP STRONG 20kVA/3F-45 minut,Naušová - Uldrich 602 305 888,Naušová - Uldrich 602 305 888,Praha,"2025 -pozor, vyměnit co nejdříve nabíječku v rámci záruky","2025 -pozor, vyměnit co nejdříve nabíječku v rámci záruky",2026-10-01,,150.0,Více než 60 dnů,zelená,50.08355,14.43414,OK final,,"Dotaz zjednodušen na ulici/číslo + město + ČR/SR, bez názvů objektů.","praha, thomasova 230 -bd západní město l2, česká republika",,2026-10-01,150.0,Více než 60 dnů,zelená,2026-10-01 (nezjištěno),"Kalendář FZ - 12 měsíců, 2023.xlsx",505,2022,ano,,,ASTIP STRONG 20kVA/3F-45 minut,,,,,,,,,,,,1/26,,,,,,,,,,,,,,,,,,,,,,,,,,,,,,,,,,,,,,,,,,,,,,,,,,,,,,,,,,,,,,,,,,,,,,,,,,,,1,"Praha, Thomasova 230 -BD Západní město L2",,,,"Praha, Thomasova 230 -BD Západní město L2, Česká republika","Thomasova 230 -BD Západní město L2, Praha, Česká republika"
"Praha, Thomasova 235 - BD Západní město N1","Praha, Thomasova 235 - BD Západní město N1","Thomasova 235, Praha, Česká republika",ASTIP STRONG 99kVA/15kVA/3F -45 minut,ASTIP STRONG 99kVA/15kVA/3F -45 minut,Naušová - Uldrich 602 305 888,Naušová - Uldrich 602 305 888,Praha,,,2026-12-10,,220.0,Více než 60 dnů,zelená,50.04724,14.29978,upraveno - znovu geokódovat,,Adresa automaticky upravena pro Mapy.com; spusť znovu geokodér.,"praha, thomasova 235, bd západní město n1, česká republika",,2026-12-10,220.0,Více než 60 dnů,zelená,2026-12-10 (plánovaná),"Kalendář FZ - 12 měsíců, 2023.xlsx",506,2023,ano,,,ASTIP STRONG 99kVA/15kVA/3F -45 minut,,,,,,,,,,,,,,10/26,,,,,,,,,,,,,,,,,,,,,,,,,,,,,,,,,,,,,,,,,,,,,,,,,,,,,,,,,,,,,,,,,,,,,,,,,,1,"Praha, Thomasova 235 - BD Západní město N1",,,,"Praha, Thomasova 235, BD Západní město N1, Česká republika","Thomasova 235, Praha, Česká republika"
"Praha, Thomasova 235 - BD Západní město N2","Praha, Thomasova 235 - BD Západní město N2","Thomasova 235, Praha, Česká republika",ASTIP STRONG 99kVA/15kVA/3F -45 minut,ASTIP STRONG 99kVA/15kVA/3F -45 minut,Naušová - Uldrich 602 305 888,Naušová - Uldrich 602 305 888,Praha,,,2026-12-10,,220.0,Více než 60 dnů,zelená,50.04724,14.29978,upraveno - znovu geokódovat,,Adresa automaticky upravena pro Mapy.com; spusť znovu geokodér.,"praha, thomasova 235, bd západní město n2, česká republika",,2026-12-10,220.0,Více než 60 dnů,zelená,2026-12-10 (plánovaná),"Kalendář FZ - 12 měsíců, 2023.xlsx",507,2023,ano,,,ASTIP STRONG 99kVA/15kVA/3F -45 minut,,,,,,,,,,,,,,10/26,,,,,,,,,,,,,,,,,,,,,,,,,,,,,,,,,,,,,,,,,,,,,,,,,,,,,,,,,,,,,,,,,,,,,,,,,,1,"Praha, Thomasova 235 - BD Západní město N2",,,,"Praha, Thomasova 235, BD Západní město N2, Česká republika","Thomasova 235, Praha, Česká republika"
"Praha, Thunovská 22, BD","Praha, Thunovská 22, BD","BD, Thunovská 22, Praha, Česká republika",Astip LiftBack 5kVA/3f -dojezd,Astip LiftBack 5kVA/3f -dojezd,Mach 608 320 521,Mach 608 320 521,Praha,,,2026-09-24,,143.0,Více než 60 dnů,zelená,50.08914,14.40132,upraveno - znovu geokódovat,,Adresa automaticky upravena pro Mapy.com; spusť znovu geokodér.,"praha, thunovská 22, bd, česká republika",,2026-09-24,143.0,Více než 60 dnů,zelená,2026-09-24 (plánovaná),"Kalendář FZ - 12 měsíců, 2023.xlsx",508,2024,,,,Astip LiftBack 5kVA/3f -dojezd,,,,,,,,,,,24/26,,,,,,,,,,,,,,,,,,,,,,,,,,,,,,,,,,,,,,,,,,,,,,,,,,,,,,,,,,,,,,,,,,,,,,,,,,,,,1,"Praha, Thunovská 22, BD",,,,"Praha, Thunovská 22, BD, Česká republika","BD, Thunovská 22, Praha, Česká republika"
"Praha, Toufarova C,D,H,I -3,5,6,8","Praha, Toufarova C,D,H,I -3,5,6,8","Toufarova C, D, I -3, Praha, Česká republika",4 x zdroj + 4 x S2 na zvonky,4 x zdroj + 4 x S2 na zvonky,Soška  obj. 3+5 - 727 989 361       Ježek obj. 6+8 725 496 507,Soška  obj. 3+5 - 727 989 361       Ježek obj. 6+8 725 496 507,Praha,,,2027-03-31,2025-11-13,331.0,Více než 60 dnů,zelená,50.04296,14.31201,upraveno - znovu geokódovat,,Adresa automaticky upravena pro Mapy.com; spusť znovu geokodér.,"praha, toufarova c, d, h, i -3, 5, 6, 8, česká republika",2025-11-13,2027-03-31,331.0,Více než 60 dnů,zelená,2025-11-13 (plánovaná); 2027-03-31 (plánovaná); 2027-04-08 (plánovaná),"Kalendář FZ - 12 měsíců, 2023.xlsx",509,"2016, 2018",,,,4 x zdroj + 4 x S2 na zvonky,,,,,31/27-6,8/27-8,,,,,,,"13/25-6 stop stav, 5-13/26, 6/26-3",,,,,,,,,,,,,,,,,,,,,,,,,,,,,,,,,,,,,,,,,,,,,,,,,,,,,,,,,,,,,,,,,,,,,,,,,,,3,"Praha, Toufarova C,D,H,I -3,5,6,8",,,,"Praha, Toufarova C, D, H, I -3, 5, 6, 8, Česká republika","Toufarova C, D, I -3, Praha, Česká republika"
"Praha, Tůmova 1337/9","Praha, Tůmova 1337/9","Praha, Tůmova 1337/9, Česká republika","STRONG 30kVA/7,5kVA-3F -30 minut","STRONG 30kVA/7,5kVA-3F -30 minut",Šára 775 258 432,Šára 775 258 432,Praha,4.3.2025 -poslán mail Šárové,4.3.2025 -poslán mail Šárové,2024-02-01,2024-02-01,-823.0,Po termínu,červená,50.06846,14.37025,OK Mapy.com,,čeká na přesné geokódování,"praha, tůmova 1337/9, česká republika",2024-02-01,2024-02-01,-823.0,Po termínu,červená,2024-02-01 (plánovaná),"Kalendář FZ - 12 měsíců, 2023.xlsx",510,2019,,,,"STRONG 30kVA/7,5kVA-3F -30 minut",,,,1/24,,,,,,,,,,,,,,,,,,,,,,,,,,,,,,,,,,,,,,,,,,,,,,,,,,,,,,,,,,,,,,,,,,,,,,,,,,,,,,,,,,,,1,"Praha, Tůmova 1337/9",,,,"Praha, Tůmova 1337/9, Česká republika","Praha, Tůmova 1337/9, Česká republika"
"Praha, U Elektrárny 817","Praha, U Elektrárny 817","Praha, U Elektrárny 817, Česká republika","PS 2000/3f OFF-LINE 20min, RPO","PS 2000/3f OFF-LINE 20min, RPO",,,Praha,,,,,,Bez termínu,šedá,49.94006,14.38198,OK Mapy.com,,čeká na přesné geokódování,"praha, u elektrárny 817, česká republika",,,,Bez termínu,šedá,,"Kalendář FZ - 12 měsíců, 2023.xlsx",511,2017,ano,,,"PS 2000/3f OFF-LINE 20min, RPO",,,,,,,,,,,,,9,,,,,,,,,,,,,,,,,,,,,,,,,,,,,,,,,,,,,,,,,,,,,,,,,,,,,,,,,,,,,,,,,,,,,,,,,,,0,"Praha, U Elektrárny 817",,5100,,"Praha, U Elektrárny 817, Česká republika","Praha, U Elektrárny 817, Česká republika"
"Praha, U Hostivařského nádraží 1651, BD","Praha, U Hostivařského nádraží 1651, BD","BD, U Hostivařského nádraží 1651, Praha, Česká republika",ASTIP STRONG 74kVA/10kVA/3F -15 minut,ASTIP STRONG 74kVA/10kVA/3F -15 minut,Jiří Šíma 608 666 564,Jiří Šíma 608 666 564,Praha,,,2027-03-25,,325.0,Více než 60 dnů,zelená,50.05092,14.54974,upraveno - znovu geokódovat,,Adresa automaticky upravena pro Mapy.com; spusť znovu geokodér.,"praha, u hostivařského nádraží 1651, bd, česká republika",,2027-03-25,325.0,Více než 60 dnů,zelená,2027-03-25 (plánovaná),"Kalendář FZ - 12 měsíců, 2023.xlsx",512,2021,,,,ASTIP STRONG 74kVA/10kVA/3F -15 minut,,,,,25/27,,,,,,,,,,,,,,,,,,,,,,,,,,,,,,,,,,,,,,,,,,,,,,,,,,,,,,,,,,,,,,,,,,,,,,,,,,,,,,,,,,,1,"Praha, U Hostivařského nádraží 1651, BD",,,,"Praha, U Hostivařského nádraží 1651, BD, Česká republika","BD, U Hostivařského nádraží 1651, Praha, Česká republika"
"Praha, U Milosrdných 800/16 x Kozí","Praha, U Milosrdných 800/16 x Kozí","U Milosrdných 800/16 x Kozí, Praha, Česká republika",PS 10kVA/3f-30 minut + 5kVA - ONLINE,PS 10kVA/3f-30 minut + 5kVA - ONLINE,"Erik Houba 739 314 868, houba.erik@seznam.cz","Erik Houba 739 314 868, houba.erik@seznam.cz",Praha,"strašné potíže s naší firmou, pan Houba byl už zoufalý","strašné potíže s naší firmou, pan Houba byl už zoufalý",2024-05-19,2024-05-19,-715.0,Po termínu,červená,50.09183,14.42291,upraveno - znovu geokódovat,,Adresa automaticky upravena pro Mapy.com; spusť znovu geokodér.,"praha, u milosrdných 800/16 x kozí, česká republika",2024-05-19,2024-05-19,-715.0,Po termínu,červená,2022-06-24 (plánovaná); 2024-05-19 (plánovaná),"Kalendář FZ - 12 měsíců, 2023.xlsx",513,2021,ano,,,  PS 10kVA/3f-30 minut + 5kVA - ONLINE,,,,,,,19/24 -Milosrdných,24/22,,,,,,,,,,,,,,,,,,,,,,,,,,,,,,,,,,,,,,,,,,,,,,,,,,,,,,,,,,,,,,,,,,,,,,,,,,,,,,,,2,"Praha, U Milosrdných 800/16 x Kozí",,,,"Praha, U Milosrdných 800/16 x Kozí, Česká republika","U Milosrdných 800/16 x Kozí, Praha, Česká republika"
"Praha, U mlýnského kanálu 16 -  BD - PORT KAROLINA B","Praha, U mlýnského kanálu 16 -  BD - PORT KAROLINA B","BD, PORT KAROLINA B, U mlýnského kanálu 16, Praha, Česká republika",ASTIP STRONG 40kVA/3F-45 minut,ASTIP STRONG 40kVA/3F-45 minut,"pan Šrepl AVEMA - správa nemovitostí
727 875 750
Domovnk objektu - pan Borovička    602 143 824","pan Šrepl AVEMA - správa nemovitostí
727 875 750
Domovnk objektu - pan Borovička    602 143 824",Praha,,,2026-01-22,2026-01-22,-102.0,Po termínu,červená,50.09589,14.45064,upraveno - znovu geokódovat,,Adresa automaticky upravena pro Mapy.com; spusť znovu geokodér.,"praha, u mlýnského kanálu 16, bd, port karolina b, česká republika",2026-01-22,2026-01-22,-102.0,Po termínu,červená,2026-01-22 (plánovaná),"Kalendář FZ - 12 měsíců, 2023.xlsx",514,2019,,,,ASTIP STRONG 40kVA/3F-45 minut ,,,22/26,,,,,,,,,,,,,,,,,,,,,,,,,,,,,,,,,,,,,,,,,,,,,,,,,,,,,,,,,,,,,,,,,,,,,,,,,,,,,,,,,,,,,1,"Praha, U mlýnského kanálu 16 -  BD - PORT KAROLINA B ",,,,"Praha, U mlýnského kanálu 16, BD, PORT KAROLINA B, Česká republika","BD, PORT KAROLINA B, U mlýnského kanálu 16, Praha, Česká republika"
"Praha, U Průhonu 38, Nová radnice","Praha, U Průhonu 38, Nová radnice","Praha, U Průhonu 38, Nová radnice, Česká republika",ASTIP PS LiftBack 10 kVA/3f- sjezd,ASTIP PS LiftBack 10 kVA/3f- sjezd,Němec 608 707 270,Němec 608 707 270,Praha,17.3.2025-poslán mail na němce,17.3.2025-poslán mail na němce,2024-02-29,2024-02-29,-795.0,Po termínu,červená,50.10487,14.45132,OK Mapy.com,,čeká na přesné geokódování,"praha, u průhonu 38, nová radnice, česká republika",2024-02-29,2024-02-29,-795.0,Po termínu,červená,2024-02-29 (plánovaná),Kalendář FZ - 6 měsíců.xlsx,297,2019,,,Němec 608 707 270,ASTIP PS LiftBack 10 kVA/3f- sjezd,"Praha, U Průhonu 38, Nová radnice",,,29/24,,,,,,,,,,,,,,,,,,,,,,,,,,,,,,,,,,,,,,,,,,,,,,,,,,,,,,,,,,,,,,,,,,,,,,,,,,,,,,,,,,,,1,,,,,"Praha, U Průhonu 38, Nová radnice, Česká republika","Praha, U Průhonu 38, Nová radnice, Česká republika"
"Praha, U Slávie (EDEN)","Praha, U Slávie (EDEN)","Praha, U Slávie (EDEN), Česká republika",PS 15kVA/3f - 30min.,PS 15kVA/3f - 30min.,David Petschl  734 154 325,David Petschl  734 154 325,Praha,,,2026-06-24,,51.0,30–60 dnů,žlutá,50.06655,14.46952,OK Mapy.com,,čeká na přesné geokódování,"praha, u slávie (eden), česká republika",,2026-06-24,51.0,30–60 dnů,žlutá,2026-06-24 (plánovaná),"Kalendář FZ - 12 měsíců, 2023.xlsx",516,2017,,,,PS 15kVA/3f - 30min.,,,,,,,,24/26,,,,,,,,,,,,,,,,,,,,,,,,,,,,,,,,,,,,,,,,,,,,,,,,,,,,,,,,,,,,,,,,,,,,,,,,,,,,,,,,1,"Praha, U Slávie (EDEN)",,,,"Praha, U Slávie (EDEN), Česká republika","Praha, U Slávie (EDEN), Česká republika"
"Praha, U školy 285, ZŠ Štěrboholy","Praha, U školy 285, ZŠ Štěrboholy","Praha, U školy 285, ZŠ Štěrboholy, Česká republika",ASTIP STRONG 2000/1f-45 minut,ASTIP STRONG 2000/1f-45 minut,Ševítová 605 506 905,Ševítová 605 506 905,Praha,ZŠ Štěrboholy,ZŠ Štěrboholy,2026-10-23,2026-04-23,172.0,Více než 60 dnů,zelená,50.07071,14.55166,OK Mapy.com,,čeká na přesné geokódování,"praha, u školy 285, zš štěrboholy, česká republika",2026-04-23,2026-10-23,172.0,Více než 60 dnů,zelená,2026-04-23 (proběhlá); 2026-10-23 (plánovaná),Kalendář FZ - 6 měsíců.xlsx,298,2019,ano,,Ševítová 605 506 905,ASTIP STRONG 2000/1f-45 minut,"Praha, U školy 285, ZŠ Štěrboholy",,,,,23/26,,,,,,23/26,,,,,,,,,,,,,,,,,,,,,,,,,,,,,,,,,,,,,,,,,,,,,,,,,,,,,,,,,,,,,,,,,,,,,,,,,,,,2,,,,,"Praha, U školy 285, ZŠ Štěrboholy, Česká republika","Praha, U školy 285, ZŠ Štěrboholy, Česká republika"
"Praha, Uhříněves, Františka Diviše 20","Praha, Uhříněves, Františka Diviše 20","Praha, Uhříněves, Františka Diviše 20, Česká republika",PS 7500/3F-30 minut,PS 7500/3F-30 minut,,,Praha,4/2020 -nelze pouštět přes tlačítko,4/2020 -nelze pouštět přes tlačítko,2021-12-04,2021-12-04,-1612.0,Po termínu,červená,50.03571,14.58006,OK Mapy.com,,čeká na přesné geokódování,"praha, uhříněves, františka diviše 20, česká republika",2021-12-04,2021-12-04,-1612.0,Po termínu,červená,2021-12-04 (plánovaná),"Kalendář FZ - 12 měsíců, 2023.xlsx",519,2017,,,,PS 7500/3F-30 minut,,,,,,,,,,,,,,4/21,,,,,,,,,,,,,,,,,,,,,,,,,,,,,,,,,,,,,,,,,,,,,,,,,,,,,,,,,,,,,,,,,,,,,,,,,,1,"Praha, Uhříněves, Františka Diviše 20",,5800,,"Praha, Uhříněves, Františka Diviše 20, Česká republika","Praha, Uhříněves, Františka Diviše 20, Česká republika"
"Praha, Uhříněves, Loosenická 1602_3, BD","Praha, Uhříněves, Loosenická 1602_3, BD","Uhříněves, BD, Loosenická 1602/3, Praha, Česká republika",ASTIP PS 7500VA/3F -30 minut,ASTIP PS 7500VA/3F -30 minut,pan Pleštil SVJ 725 448 474,pan Pleštil SVJ 725 448 474,Praha,,,2026-11-18,2026-04-23,198.0,Více než 60 dnů,zelená,50.03439,14.59052,upraveno - znovu geokódovat,,Adresa automaticky upravena pro Mapy.com; spusť znovu geokodér.,"praha, uhříněves, loosenická 1602/3, bd, česká republika",2026-04-23,2026-11-18,198.0,Více než 60 dnů,zelená,2026-04-23 (nezjištěno); 2026-11-18 (plánovaná),"Kalendář FZ - 12 měsíců, 2023.xlsx",520,2017,,,,ASTIP PS 7500VA/3F -30 minut,,,,,,23/26-servisní zásah,,,,,,,18/26,,,,,,,,,,,,,,,,,,,,,,,,,,,,,,,,,,,,,,,,,,,,,,,,,,,,,,,,,,,,,,,,,,,,,,,,,,,2,"Praha, Uhříněves, Loosenická 1602_3, BD",,,,"Praha, Uhříněves, Loosenická 1602/3, BD, Česká republika","Uhříněves, BD, Loosenická 1602/3, Praha, Česká republika"
"Praha, Učňovská (Strašněj MASAKR!!!)","Praha, Učňovská (Strašněj MASAKR!!!)","Učňovská (Strašněj MASAKR!!!), Česká republika",4 x PS 2000/1f-45 minut,4 x PS 2000/1f-45 minut,Pilař - IKON -720 738 315,Pilař - IKON -720 738 315,Praha,"5.8.2021 -2 x STOP STAV15.7.2021- STOP STAV 385 +386, Michal B. zaškolit Libora","5.8.2021 -2 x STOP STAV15.7.2021- STOP STAV 385 +386, Michal B. zaškolit Libora",2026-10-01,2022-12-10,150.0,Více než 60 dnů,zelená,50.08355,14.43414,OK final,,"Dotaz zjednodušen na ulici/číslo + město + ČR/SR, bez názvů objektů.","praha, učňovská (strašněj masakr!!!), česká republika",2022-12-10,2026-10-01,150.0,Více než 60 dnů,zelená,2021-07-15 (plánovaná); 2022-08-05 (plánovaná); 2022-12-10 (plánovaná); 2026-10-01 (plánovaná),"Kalendář FZ - 12 měsíců, 2023.xlsx",517,2016,,,,4 x PS 2000/1f-45 minut,,,,,,,,,15/21,5/22,,1/26 -19,,10/22,,,,,,,,,,,,,,,,,,,,,,,,,,,,,,,,,,,,,,,,,,,,,,,,,,,,,,,,,,,,,,,,,,,,,,,,,,4,"Praha, Učňovská (Strašněj MASAKR!!!)",,,,"Praha, Učňovská (Strašněj MASAKR!!!), Česká republika","Učňovská (Strašněj MASAKR!!!), Praha, Česká republika"
"Praha, Učňovská 396/5","Praha, Učňovská 396/5","Praha, Učňovská 396/5, Česká republika",STRONG 2000/1f-45 minut,STRONG 2000/1f-45 minut,Pilař - IKON -720 738 315,Pilař - IKON -720 738 315,Praha,,,2022-12-10,2022-12-10,-1241.0,Po termínu,červená,50.09295,14.50149,OK Mapy.com,,čeká na přesné geokódování,"praha, učňovská 396/5, česká republika",2022-12-10,2022-12-10,-1241.0,Po termínu,červená,2022-12-10 (plánovaná),"Kalendář FZ - 12 měsíců, 2023.xlsx",518,2016,ano,,,STRONG 2000/1f-45 minut,,,,,,,,,,,,,,10/22,,,,,,,,,,,,,,,,,,,,,,,,,,,,,,,,,,,,,,,,,,,,,,,,,,,,,,,,,,,,,,,,,,,,,,,,,,1,"Praha, Učňovská 396/5",,,,"Praha, Učňovská 396/5, Česká republika","Praha, Učňovská 396/5, Česká republika"
"Praha, V Háji 1","Praha, V Háji 1","Praha, V Háji 1, Česká republika","PS 15kVA/3f-10 minut,                        ASTIP PS 75 000/3f – 45 min","PS 15kVA/3f-10 minut,                        ASTIP PS 75 000/3f – 45 min",Mihalcsatin -777 207  480,Mihalcsatin -777 207  480,Praha,V rozvaděči RZ1 spadlý jistič QF 1-D16,V rozvaděči RZ1 spadlý jistič QF 1-D16,2026-09-15,,134.0,Více než 60 dnů,zelená,50.10064,14.45411,OK Mapy.com,,čeká na přesné geokódování,"praha, v háji 1, česká republika",,2026-09-15,134.0,Více než 60 dnů,zelená,2026-09-15 (plánovaná),"Kalendář FZ - 12 měsíců, 2023.xlsx",522,2018,,,,"PS 15kVA/3f-10 minut,                        ASTIP PS 75 000/3f – 45 min",,,,,,,,,,,15/26,,,,,,,,,,,,,,,,,,,,,,,,,,,,,,,,,,,,,,,,,,,,,,,,,,,,,,,,,,,,,,,,,,,,,,,,,,,,,1,"Praha, V Háji 1",,7200,,"Praha, V Háji 1, Česká republika","Praha, V Háji 1, Česká republika"
"Praha, V Jámě, ABC divadlo","Praha, V Jámě, ABC divadlo","Praha, V Jámě, ABC divadlo, Česká republika",ASTIP STRONG 10kVA/3F-45 minut,ASTIP STRONG 10kVA/3F-45 minut,Simčišin - 603 311 811,Simčišin - 603 311 811,Praha,"2023- nový zdroj, 1. revize má být únor 2024","2023- nový zdroj, 1. revize má být únor 2024",2026-08-19,2026-02-19,107.0,Více než 60 dnů,zelená,50.07994,14.42514,OK Mapy.com,,čeká na přesné geokódování,"praha, v jámě, abc divadlo, česká republika",2026-02-19,2026-08-19,107.0,Více než 60 dnů,zelená,2026-02-19 (proběhlá); 2026-08-19 (plánovaná),Kalendář FZ - 6 měsíců.xlsx,299,"2012, nově 2023",ano,,Simčišin - 603 311 811,ASTIP STRONG 10kVA/3F-45 minut,"Praha, V Jámě, ABC divadlo",,,19/26,,,,,,19/26,,,,,,,,,,,,,,,,,,,,,,,,,,,,,,,,,,,,,,,,,,,,,,,,,,,,,,,,,,,,,,,,,,,,,,,,,,,,,,2,,,,,"Praha, V Jámě, ABC divadlo, Česká republika","Praha, V Jámě, ABC divadlo, Česká republika"
"Praha, V Olšinách 3401_92,94,96, Aurora","Praha, V Olšinách 3401_92,94,96, Aurora","Aurora, V Olšinách 3401/92, Praha, Česká republika","1x 7500/3f, 2x 4000/3f-45 minut","1x 7500/3f, 2x 4000/3f-45 minut",Gregar 777 327 401,Gregar 777 327 401,Praha,"28.6.2024 - baterky mají vyměněné, možná se ozve kvůli revizi….18.3.2022 -2 x 4kVA - STOP STAV","28.6.2024 - baterky mají vyměněné, možná se ozve kvůli revizi….18.3.2022 -2 x 4kVA - STOP STAV",2026-04-09,2026-04-09,-25.0,Po termínu,červená,50.07245,14.49368,upraveno - znovu geokódovat,,Adresa automaticky upravena pro Mapy.com; spusť znovu geokodér.,"praha, v olšinách 3401/92, 94, 96, aurora, česká republika",2026-04-09,2026-04-09,-25.0,Po termínu,červená,2026-04-09 (plánovaná),"Kalendář FZ - 12 měsíců, 2023.xlsx",523,2015,ano,,,"1x 7500/3f, 2x 4000/3f-45 minut",,,,,,9/26,,,,,,,,,,,,,,,,,,,,,,,,,,,,,,,,,,,,,,,,,,,,,,,,,,,,,,,,,,,,,,,,,,,,,,,,,,,,,,,,,,1,"Praha, V Olšinách 3401_92,94,96, Aurora",,,,"Praha, V Olšinách 3401/92, 94, 96, Aurora, Česká republika","Aurora, V Olšinách 3401/92, Praha, Česká republika"
"Praha, V Podhájí 20, BD Braník residences","Praha, V Podhájí 20, BD Braník residences","BD Braník residences, V Podhájí 20, Praha, Česká republika",ASTP STRONG 10kVA/3F -45 minut,ASTP STRONG 10kVA/3F -45 minut,Polák Jiviš 725 303 373,Polák Jiviš 725 303 373,Praha,,,2026-02-26,2026-02-26,-67.0,Po termínu,červená,50.04439,14.41702,upraveno - znovu geokódovat,,Adresa automaticky upravena pro Mapy.com; spusť znovu geokodér.,"praha, v podhájí 20, bd braník residences, česká republika",2026-02-26,2026-02-26,-67.0,Po termínu,červená,2026-02-26 (plánovaná),"Kalendář FZ - 12 měsíců, 2023.xlsx",334,2021,ano,ano,,ASTP STRONG 10kVA/3F -45 minut,,,,26/26,,,,,,,,,,,,,,,,,,,,,,,,,,,,,,,,,,,,,,,,,,,,,,,,,,,,,,,,,,,,,,,,,,,,,,,,,,,,,,,,,,,,1,"Praha, V Podhájí 20, BD Braník residences",,,,"Praha, V Podhájí 20, BD Braník residences, Česká republika","BD Braník residences, V Podhájí 20, Praha, Česká republika"
"Praha, V Zahrádkách 25","Praha, V Zahrádkách 25","Praha, V Zahrádkách 25, Česká republika",Astip PS 15 kVA/3f-45 minut,Astip PS 15 kVA/3f-45 minut,Hejda 702 064 890,Hejda 702 064 890,Praha,,,2026-10-14,,163.0,Více než 60 dnů,zelená,50.08894,14.48753,OK Mapy.com,,čeká na přesné geokódování,"praha, v zahrádkách 25, česká republika",,2026-10-14,163.0,Více než 60 dnů,zelená,2026-10-14 (plánovaná),"Kalendář FZ - 12 měsíců, 2023.xlsx",524,2016,,,,Astip PS 15 kVA/3f-45 minut,,,,,,,,,,,,14/26,,,,,,,,,,,,,,,,,,,,,,,,,,,,,,,,,,,,,,,,,,,,,,,,,,,,,,,,,,,,,,,,,,,,,,,,,,,,1,"Praha, V Zahrádkách 25",,,,"Praha, V Zahrádkách 25, Česká republika","Praha, V Zahrádkách 25, Česká republika"
"Praha, V Úžlabině 19","Praha, V Úžlabině 19","Praha, V Úžlabině 19, Česká republika",ASTIP PS 30 000/3f-60 min,ASTIP PS 30 000/3f-60 min,Zadoyan 777 796 753 - už tam nepracuje,Zadoyan 777 796 753 - už tam nepracuje,Praha,"2025 -už mají nahrazeno jiným zařízením….17.3.2025 -posílám na paní , Pozor - vrací se mi to..zkouším přes jejich systém poslat dotaz ...18.6.2024 - poslaná aktualizace CN - 2022-vydupali si revize 1 x ročně…","2025 -už mají nahrazeno jiným zařízením….17.3.2025 -posílám na paní , Pozor - vrací se mi to..zkouším přes jejich systém poslat dotaz ...18.6.2024 - poslaná aktualizace CN - 2022-vydupali si revize 1 x ročně…",,2023-05-18,,Bez termínu,šedá,50.07954,14.49962,OK Mapy.com,,čeká na přesné geokódování,"praha, v úžlabině 19, česká republika",2023-05-18,,,Bez termínu,šedá,2023-05-18 (nezjištěno),Kalendář FZ - 6 měsíců.xlsx,300,2018,,,Zadoyan 777 796 753 - už tam nepracuje,ASTIP PS 30 000/3f-60 min,"Praha, V Úžlabině 19",,,,,,18/23,,,,,,,,,,,,,,,,,,,,,,,,,,,,,,,,,,,,,,,,,,,,,,,,,,,,,,,,,,,,,,,,,,,,,,,,,,,,,,,,,1,,,,,"Praha, V Úžlabině 19, Česká republika","Praha, V Úžlabině 19, Česká republika"
"Praha, Valentinská 1061/6, Staré Město","Praha, Valentinská 1061/6, Staré Město","Praha, Valentinská 1061/6, Staré Město, Česká republika",STRONG 5000/3f – 10 minut,STRONG 5000/3f – 10 minut,Jan Knol 724 340 310,Jan Knol 724 340 310,Praha,,,2025-06-04,2025-06-04,-334.0,Po termínu,červená,50.08797,14.4167,OK Mapy.com,,čeká na přesné geokódování,"praha, valentinská 1061/6, staré město, česká republika",2025-06-04,2025-06-04,-334.0,Po termínu,červená,2025-06-04 (plánovaná),"Kalendář FZ - 12 měsíců, 2023.xlsx",525,2017,,,,STRONG 5000/3f – 10 minut,,,,,,,,4/25,,,,,,,,,,,,,,,,,,,,,,,,,,,,,,,,,,,,,,,,,,,,,,,,,,,,,,,,,,,,,,,,,,,,,,,,,,,,,,,,1,"Praha, Valentinská 1061/6, Staré Město",,6500,,"Praha, Valentinská 1061/6, Staré Město, Česká republika","Praha, Valentinská 1061/6, Staré Město, Česká republika"
"Praha, Važská 998/2, škola Livingstone","Praha, Važská 998/2, škola Livingstone","škola Livingstone, Važská 998/2, Praha, Česká republika",ASTIP PS 7 500VA/3F -15 minut,ASTIP PS 7 500VA/3F -15 minut,"Bína, Impera 777 720 522","Bína, Impera 777 720 522",Praha,,,2025-02-13,2025-02-13,-445.0,Po termínu,červená,50.14973,14.52631,upraveno - znovu geokódovat,,Adresa automaticky upravena pro Mapy.com; spusť znovu geokodér.,"praha, važská 998/2, škola livingstone, česká republika",2025-02-13,2025-02-13,-445.0,Po termínu,červená,2025-02-13 (plánovaná),Kalendář FZ - 6 měsíců.xlsx,302,2015,,,"Bína, Impera 777 720 522",ASTIP PS 7 500VA/3F -15 minut,"Praha, Važská 998/2, škola Livingstone",,,13/25,,,,,,,,,,,,,,,,,,,,,,,,,,,,,,,,,,,,,,,,,,,,,,,,,,,,,,,,,,,,,,,,,,,,,,,,,,,,,,,,,,,,1,,,,,"Praha, Važská 998/2, škola Livingstone, Česká republika","škola Livingstone, Važská 998/2, Praha, Česká republika"
"Praha, Veletržní 20, MAMA Shelter","Praha, Veletržní 20, MAMA Shelter","Praha, Veletržní 20, MAMA Shelter, Česká republika",ASTIP STRONG 30 000/3f-35minut,ASTIP STRONG 30 000/3f-35minut,pan Malý 777 866 450,pan Malý 777 866 450,Praha,,,2026-06-10,2025-12-10,37.0,30–60 dnů,žlutá,50.10238,14.43169,OK Mapy.com,,čeká na přesné geokódování,"praha, veletržní 20, mama shelter, česká republika",2025-12-10,2026-06-10,37.0,30–60 dnů,žlutá,2025-12-10 (proběhlá); 2026-06-10 (plánovaná),Kalendář FZ - 6 měsíců.xlsx,303,2018,,,pan Malý 777 866 450,ASTIP STRONG 30 000/3f-35minut,"Praha, Veletržní 20, MAMA Shelter",,,,,,,10/26,,,,,,10/25,,,,,,,,,,,,,,,,,,,,,,,,,,,,,,,,,,,,,,,,,,,,,,,,,,,,,,,,,,,,,,,,,,,,,,,,,,2,,,,,"Praha, Veletržní 20, MAMA Shelter, Česká republika","Praha, Veletržní 20, MAMA Shelter, Česká republika"
"Praha, Veletržní 505/33, BD","Praha, Veletržní 505/33, BD","BD, Veletržní 505/33, Praha, Česká republika",ASTIP STRONG 2kVA/3F -15 minut,ASTIP STRONG 2kVA/3F -15 minut,Jana Mužíková 603 442 579,Jana Mužíková 603 442 579,Praha,,,2025-09-23,2025-09-23,-223.0,Po termínu,červená,50.10154,14.43056,upraveno - znovu geokódovat,,Adresa automaticky upravena pro Mapy.com; spusť znovu geokodér.,"praha, veletržní 505/33, bd, česká republika",2025-09-23,2025-09-23,-223.0,Po termínu,červená,2025-09-23 (plánovaná),"Kalendář FZ - 12 měsíců, 2023.xlsx",526,2020,,,,ASTIP STRONG 2kVA/3F -15 minut,,,,,,,,,,,23/25,,,,,,,,,,,,,,,,,,,,,,,,,,,,,,,,,,,,,,,,,,,,,,,,,,,,,,,,,,,,,,,,,,,,,,,,,,,,,1,"Praha, Veletržní 505/33, BD",,,,"Praha, Veletržní 505/33, BD, Česká republika","BD, Veletržní 505/33, Praha, Česká republika"
"Praha, VIVUS Uhřiněves Ke Kříži -1636, Oty Bubeníčka -1637, 1638, 1639","Praha, VIVUS Uhřiněves Ke Kříži -1636, Oty Bubeníčka -1637, 1638, 1639","VIVUS Uhřiněves Ke Kříži -1636, VIVUS Uhřiněves Ke Kříži -1636, Česká republika",4 x záložní zdroj,4 x záložní zdroj,Ikon - 777 757 960,Ikon - 777 757 960,Praha,1636 -smlouva ukončena k 10/2023,1636 -smlouva ukončena k 10/2023,2027-03-19,2026-04-01,319.0,Více než 60 dnů,zelená,50.08355,14.43414,OK final,,"Dotaz zjednodušen na ulici/číslo + město + ČR/SR, bez názvů objektů.","praha, vivus uhřiněves ke kříži -1636, oty bubeníčka -1637, 1638, 1639, česká republika",2026-04-01,2027-03-19,319.0,Více než 60 dnů,zelená,2026-04-01 (plánovaná); 2027-03-19 (plánovaná),"Kalendář FZ - 12 měsíců, 2023.xlsx",527,2019,"ano/1636, 1637 -ne",ano,,4 x záložní zdroj,,,,,19/27-1638,"1/26-1x STOP STAV 1638,2025",,,,,,,,,,,,,,,,,,,,,,,,,,,,,,,,,,,,,,,,,,,,,,,,,,,,,,,,,,,,,,,,,,,,,,,,,,,,,,,,,,2,"Praha, VIVUS Uhřiněves Ke Kříži -1636, Oty Bubeníčka -1637, 1638, 1639",,,,"Praha, VIVUS Uhřiněves Ke Kříži -1636, Oty Bubeníčka -1637, 1638, 1639, Česká republika","VIVUS Uhřiněves Ke Kříži -1636, Praha, Česká republika"
"Praha, Vladivostocká 1530/12, Slavia hotel","Praha, Vladivostocká 1530/12, Slavia hotel","Slavia hotel, Vladivostocká 1530/12, Praha, Česká republika",ASTIP PS Liftback 15kVA/3F -45 minut,ASTIP PS Liftback 15kVA/3F -45 minut,Adamec 777 769 592,Adamec 777 769 592,Praha,,,2026-10-29,2026-04-29,178.0,Více než 60 dnů,zelená,50.06846,14.47633,upraveno - znovu geokódovat,,Adresa automaticky upravena pro Mapy.com; spusť znovu geokodér.,"praha, vladivostocká 1530/12, slavia hotel, česká republika",2026-04-29,2026-10-29,178.0,Více než 60 dnů,zelená,2026-04-29 (proběhlá); 2026-10-29 (plánovaná),Kalendář FZ - 6 měsíců.xlsx,304,2023,ano,ano,Adamec 777 769 592,ASTIP PS Liftback 15kVA/3F -45 minut,"Praha, Vladivostocká 1530/12, Slavia hotel",,,,,29/26,,,,,,29/26,,,,,,,,,,,,,,,,,,,,,,,,,,,,,,,,,,,,,,,,,,,,,,,,,,,,,,,,,,,,,,,,,,,,,,,,,,,,2,,,,,"Praha, Vladivostocká 1530/12, Slavia hotel, Česká republika","Slavia hotel, Vladivostocká 1530/12, Praha, Česká republika"
"Praha, Vocelova 4, Jugoslávská 3","Praha, Vocelova 4, Jugoslávská 3","Praha, Vocelova 4, Jugoslávská 3, Česká republika","ASTIP PS 7500/3f-45 minut, ASTIP PS 10 000/3f-45 minut","ASTIP PS 7500/3f-45 minut, ASTIP PS 10 000/3f-45 minut",Vanta 727 837 231,Vanta 727 837 231,Praha,,,2026-10-01,2026-04-01,150.0,Více než 60 dnů,zelená,50.07558,14.43088,OK Mapy.com,,čeká na přesné geokódování,"praha, vocelova 4, jugoslávská 3, česká republika",2026-04-01,2026-10-01,150.0,Více než 60 dnů,zelená,2026-04-01 (proběhlá); 2026-10-01 (plánovaná),Kalendář FZ - 6 měsíců.xlsx,305,2018,,,Vanta 727 837 231,"ASTIP PS 7500/3f-45 minut, ASTIP PS 10 000/3f-45 minut","Praha, Vocelova 4, Jugoslávská 3",,,,,1/26,,,,,,1/26,,,,,,,,,,,,,,,,,,,,,,,,,,,,,,,,,,,,,,,,,,,,,,,,,,,,,,,,,,,,,,,,,,,,,,,,,,,,2,,,,,"Praha, Vocelova 4, Jugoslávská 3, Česká republika","Praha, Vocelova 4, Jugoslávská 3, Česká republika"
"Praha, Vodičkova 36, Palác Lucerna","Praha, Vodičkova 36, Palác Lucerna","Palác Lucerna, Vodičkova 36, Praha, Česká republika",ASTIP STRONG 136/20kVA/3F-30 minut,ASTIP STRONG 136/20kVA/3F-30 minut,Štěpánek 602 352 835,Štěpánek 602 352 835,Praha,,,2026-08-05,2026-02-05,93.0,Více než 60 dnů,zelená,50.08141,14.42529,upraveno - znovu geokódovat,,Adresa automaticky upravena pro Mapy.com; spusť znovu geokodér.,"praha, vodičkova 36, palác lucerna, česká republika",2026-02-05,2026-08-05,93.0,Více než 60 dnů,zelená,2026-02-05 (proběhlá); 2026-08-05 (plánovaná),Kalendář FZ - 6 měsíců.xlsx,306,2022,,,Štěpánek 602 352 835,ASTIP STRONG 136/20kVA/3F-30 minut,"Praha, Vodičkova 36, Palác Lucerna",,,5/26,,,,,,5/26,,,,,,,,,,,,,,,,,,,,,,,,,,,,,,,,,,,,,,,,,,,,,,,,,,,,,,,,,,,,,,,,,,,,,,,,,,,,,,2,,,,,"Praha, Vodičkova 36, Palác Lucerna, Česká republika","Palác Lucerna, Vodičkova 36, Praha, Česká republika"
"Praha, Vojenova, Palmovka","Praha, Vojenova, Palmovka","Praha, Vojenova, Palmovka, Česká republika","STRONG 25kVA/1f-45 min- už tam není, STRONG 5000/3f-60 min","STRONG 25kVA/1f-45 min- už tam není, STRONG 5000/3f-60 min",Renner - Jiviš,Renner - Jiviš,Praha,"pan Renner píše, že je situace v pořádku..28.6.2024 - posílám dotaz do jiviše filip.renner@jivis.cz, kalfiř už je nemá na starosti","pan Renner píše, že je situace v pořádku..28.6.2024 - posílám dotaz do jiviše filip.renner@jivis.cz, kalfiř už je nemá na starosti",,2022-11-15,,Bez termínu,šedá,50.10477,14.47228,OK Mapy.com,,čeká na přesné geokódování,"praha, vojenova, palmovka, česká republika",2022-11-15,,,Bez termínu,šedá,2022-11-15 (nezjištěno),"Kalendář FZ - 12 měsíců, 2023.xlsx",528,2016,,,,"STRONG 25kVA/1f-45 min- už tam není, STRONG 5000/3f-60 min",,,,,,,,,,,,,15/22 5Kva ,,,,,,,,,,,,,,,,,,,,,,,,,,,,,,,,,,,,,,,,,,,,,,,,,,,,,,,,,,,,,,,,,,,,,,,,,,,1,"Praha, Vojenova, Palmovka",,,,"Praha, Vojenova, Palmovka, Česká republika","Praha, Vojenova, Palmovka, Česká republika"
"Praha, Volkova","Praha, Volkova","Praha, Volkova, Česká republika",PS 5000VA/3f-45 minut,PS 5000VA/3f-45 minut,Čmuchal - 604 106 758,Čmuchal - 604 106 758,Praha,,,2021-07-03,2021-07-03,-1766.0,Po termínu,červená,50.10618,14.56639,OK Mapy.com,,čeká na přesné geokódování,"praha, volkova, česká republika",2021-07-03,2021-07-03,-1766.0,Po termínu,červená,2021-07-03 (plánovaná),"Kalendář FZ - 12 měsíců, 2023.xlsx",529,2012,,,,  PS 5000VA/3f-45 minut,,,,,,,,,3/21,,,,,,,,,,,,,,,,,,,,,,,,,,,,,,,,,,,,,,,,,,,,,,,,,,,,,,,,,,,,,,,,,,,,,,,,,,,,,,,1,"Praha, Volkova",,4500,,"Praha, Volkova, Česká republika","Praha, Volkova, Česká republika"
"Praha, Vrchlického 28, BD Starokošířská avenue","Praha, Vrchlického 28, BD Starokošířská avenue","BD Starokošířská avenue, Vrchlického 28, Praha, Česká republika",ASTIP PS 90/30kVA/3F -45 minut,ASTIP PS 90/30kVA/3F -45 minut,Pocková 724 203 197,Pocková 724 203 197,Praha,,,2027-01-28,,269.0,Více než 60 dnů,zelená,49.39716,15.57599,upraveno - znovu geokódovat,,Adresa automaticky upravena pro Mapy.com; spusť znovu geokodér.,"praha, vrchlického 28, bd starokošířská avenue, česká republika",,2027-01-28,269.0,Více než 60 dnů,zelená,2027-01-28 (plánovaná),"Kalendář FZ - 12 měsíců, 2023.xlsx",530,2024,,,,ASTIP PS 90/30kVA/3F -45 minut,,,28/27,,,,,,,,,,,,,,,,,,,,,,,,,,,,,,,,,,,,,,,,,,,,,,,,,,,,,,,,,,,,,,,,,,,,,,,,,,,,,,,,,,,,,1,"Praha, Vrchlického 28, BD Starokošířská avenue",,,,"Praha, Vrchlického 28, BD Starokošířská avenue, Česká republika","BD Starokošířská avenue, Vrchlického 28, Praha, Česká republika"
"Praha, Václavské nám., Palace Fenix, divadlo","Praha, Václavské nám., Palace Fenix, divadlo","Václavské nám., Palace Fenix, Praha, Česká republika",ASTIP STRONG 2000/3f-60 minut,ASTIP STRONG 2000/3f-60 minut,Samec 725 89 093,Samec 725 89 093,Praha,,,2024-10-04,2024-04-04,-577.0,Po termínu,červená,49.9501,15.26599,upraveno - znovu geokódovat,,Adresa automaticky upravena pro Mapy.com; spusť znovu geokodér.,"praha, václavské nám., palace fenix, divadlo, česká republika",2024-04-04,2024-10-04,-577.0,Po termínu,červená,2024-04-04 (proběhlá); 2024-10-04 (plánovaná),Kalendář FZ - 6 měsíců.xlsx,301,2020,,,Samec 725 89 093,ASTIP STRONG 2000/3f-60 minut,"Praha, Václavské nám., Palace Fenix, divadlo",,,,,4/24,,,,,,4/24,,,,,,,,,,,,,,,,,,,,,,,,,,,,,,,,,,,,,,,,,,,,,,,,,,,,,,,,,,,,,,,,,,,,,,,,,,,,2,,,,,"Praha, Václavské nám., Palace Fenix, divadlo, Česká republika","Václavské nám., Palace Fenix, Praha, Česká republika"
"Praha, Za Krejcárkem 1","Praha, Za Krejcárkem 1","Praha, Za Krejcárkem 1, Česká republika",ASTIP PS 3000/3f-60 minut,ASTIP PS 3000/3f-60 minut,Zatloukal 702 054 190,Zatloukal 702 054 190,Praha,,,2026-10-14,,163.0,Více než 60 dnů,zelená,50.09713,14.48043,OK Mapy.com,,čeká na přesné geokódování,"praha, za krejcárkem 1, česká republika",,2026-10-14,163.0,Více než 60 dnů,zelená,2026-10-14 (plánovaná),"Kalendář FZ - 12 měsíců, 2023.xlsx",531,bez,,,,ASTIP PS 3000/3f-60 minut,,,,,,,,,,,,14/26,,,,,,,,,,,,,,,,,,,,,,,,,,,,,,,,,,,,,,,,,,,,,,,,,,,,,,,,,,,,,,,,,,,,,,,,,,,,1,"Praha, Za Krejcárkem 1",,,,"Praha, Za Krejcárkem 1, Česká republika","Praha, Za Krejcárkem 1, Česká republika"
"Praha, Za Poříčskou bránou 19, BD","Praha, Za Poříčskou bránou 19, BD","BD, Za Poříčskou bránou 19, Praha, Česká republika",ASTIP PS 10kVA/3F -45 minut,ASTIP PS 10kVA/3F -45 minut,Valko 603 201 999,Valko 603 201 999,Praha,,,2026-11-20,,200.0,Více než 60 dnů,zelená,50.09104,14.44158,upraveno - znovu geokódovat,,Adresa automaticky upravena pro Mapy.com; spusť znovu geokodér.,"praha, za poříčskou bránou 19, bd, česká republika",,2026-11-20,200.0,Více než 60 dnů,zelená,2026-11-20 (plánovaná),"Kalendář FZ - 12 měsíců, 2023.xlsx",532,2021,ano,,,ASTIP PS 10kVA/3F -45 minut,,,,,,,,,,,,,20/26,,,,,,,,,,,,,,,,,,,,,,,,,,,,,,,,,,,,,,,,,,,,,,,,,,,,,,,,,,,,,,,,,,,,,,,,,,,1,"Praha, Za Poříčskou bránou 19, BD",,,,"Praha, Za Poříčskou bránou 19, BD, Česká republika","BD, Za Poříčskou bránou 19, Praha, Česká republika"
"Praha, Zengerova vila","Praha, Zengerova vila","Zengerova vila, Česká republika",PS 2kVA/3f-10 minut,PS 2kVA/3f-10 minut,Jan Valenta 725 782 357,Jan Valenta 725 782 357,Praha,posílal Michal B…prověřit u něj Na Klimentce 1a,posílal Michal B…prověřit u něj Na Klimentce 1a,,2024-02-07,,Bez termínu,šedá,50.08355,14.43414,OK final,,"Dotaz zjednodušen na ulici/číslo + město + ČR/SR, bez názvů objektů.","praha, zengerova vila, česká republika",2024-02-07,,,Bez termínu,šedá,2024-02-07 (nezjištěno),"Kalendář FZ - 12 měsíců, 2023.xlsx",533,2015,ano,,,  PS 2kVA/3f-10 minut,,,,7/24 -nabídka na nový zdroj,,,,,,,,,,,,,,,,,,,,,,,,,,,,,,,,,,,,,,,,,,,,,,,,,,,,,,,,,,,,,,,,,,,,,,,,,,,,,,,,,,,,1,"Praha, Zengerova vila",,,,"Praha, Zengerova vila, Česká republika","Zengerova vila, Praha, Česká republika"
"Praha, Zimova 10","Praha, Zimova 10","Praha, Zimova 10, Česká republika",ASTIP PS 10kVA/3F -45 minut,ASTIP PS 10kVA/3F -45 minut,"Marounek - Jiviš, 725 496 507","Marounek - Jiviš, 725 496 507",Praha,,,2026-11-04,,184.0,Více než 60 dnů,zelená,50.00654,14.4551,OK Mapy.com,,čeká na přesné geokódování,"praha, zimova 10, česká republika",,2026-11-04,184.0,Více než 60 dnů,zelená,2026-11-04 (plánovaná),"Kalendář FZ - 12 měsíců, 2023.xlsx",534,2019,,,,ASTIP PS 10kVA/3F -45 minut,,,,,,,,,,,,,4/26,,,,,,,,,,,,,,,,,,,,,,,,,,,,,,,,,,,,,,,,,,,,,,,,,,,,,,,,,,,,,,,,,,,,,,,,,,,1,"Praha, Zimova 10",,,,"Praha, Zimova 10, Česká republika","Praha, Zimova 10, Česká republika"
"Praha, Zlochova 2230_1b","Praha, Zlochova 2230_1b","Praha, Zlochova 2230/1b, Česká republika",PS LiftBack 40 000/3f,PS LiftBack 40 000/3f,Lyčka - 774 731 738,Lyčka - 774 731 738,Praha,,,2027-04-08,,339.0,Více než 60 dnů,zelená,49.99835,14.40729,OK Mapy.com,,čeká na přesné geokódování,"praha, zlochova 2230/1b, česká republika",,2027-04-08,339.0,Více než 60 dnů,zelená,2027-04-08 (plánovaná),"Kalendář FZ - 12 měsíců, 2023.xlsx",536,2018,,,,PS LiftBack 40 000/3f,,,,,,8/27,,,,,,,,,,,,,,,,,,,,,,,,,,,,,,,,,,,,,,,,,,,,,,,,,,,,,,,,,,,,,,,,,,,,,,,,,,,,,,,,,,1,"Praha, Zlochova 2230_1b",,,,"Praha, Zlochova 2230/1b, Česká republika","Praha, Zlochova 2230/1b, Česká republika"
"Praha, Zlochova","Praha, Zlochova","Praha, Zlochova, Česká republika",ASTIP PS 15kVA/3f,ASTIP PS 15kVA/3f,,,Praha,"děkuji za dotaz, výbor SVJ Zlochova 2193, Praha 4 se rozhodl v 05/2024 ke kompletní výměně záložního zdroje od firmy StampUni. 28.6.2024 - posílám dotaz na prokesova@korbel…","děkuji za dotaz, výbor SVJ Zlochova 2193, Praha 4 se rozhodl v 05/2024 ke kompletní výměně záložního zdroje od firmy StampUni. 28.6.2024 - posílám dotaz na prokesova@korbel…",,2023-08-10,,Bez termínu,šedá,49.99818,14.40821,OK Mapy.com,,čeká na přesné geokódování,"praha, zlochova, česká republika",2023-08-10,,,Bez termínu,šedá,2023-08-10 (nezjištěno),"Kalendář FZ - 12 měsíců, 2023.xlsx",535,2017,ano,,,ASTIP PS 15kVA/3f,,,,,,,,,,10/23,,,,,,,,,,,,,,,,,,,,,,,,,,,,,,,,,,,,,,,,,,,,,,,,,,,,,,,,,,,,,,,,,,,,,,,,,,,,,,1,"Praha, Zlochova",,,,"Praha, Zlochova, Česká republika","Praha, Zlochova, Česká republika"
"Praha, Zvěřinova 3452/1","Praha, Zvěřinova 3452/1","Praha, Zvěřinova 3452/1, Česká republika",ASTIP STRONG 100kVA/3F -45 minut,ASTIP STRONG 100kVA/3F -45 minut,"pan Jirků - údržba, 725 357 481","pan Jirků - údržba, 725 357 481",Praha,,,,2025-07-07,,Bez termínu,šedá,50.0846,14.48268,OK Mapy.com,,čeká na přesné geokódování,"praha, zvěřinova 3452/1, česká republika",2025-07-07,,,Bez termínu,šedá,2025-07-07 (nezjištěno),"Kalendář FZ - 12 měsíců, 2023.xlsx",537,2020,,,,ASTIP STRONG 100kVA/3F -45 minut,,,,,,,,,7/25,,,,,,,,,,,,,,,,,,,,,,,,,,,,,,,,,,,,,,,,,,,,,,,,,,,,,,,,,,,,,,,,,,,,,,,,,,,,,,,1,"Praha, Zvěřinova 3452/1",,,,"Praha, Zvěřinova 3452/1, Česká republika","Praha, Zvěřinova 3452/1, Česká republika"
"Praha, Ústavní 91, PN Bohnice","Praha, Ústavní 91, PN Bohnice","Praha, Ústavní 91, PN Bohnice, Česká republika",ASTIP STRONG 7500VA/1F -30 minut,ASTIP STRONG 7500VA/1F -30 minut,German 734 785 221,German 734 785 221,Praha,"jedná se o prázdnou budovu, tedy 1 x ročně","jedná se o prázdnou budovu, tedy 1 x ročně",2026-01-16,2026-01-16,-108.0,Po termínu,červená,50.13341,14.42399,OK Mapy.com,,čeká na přesné geokódování,"praha, ústavní 91, pn bohnice, česká republika",2026-01-16,2026-01-16,-108.0,Po termínu,červená,2026-01-16 (plánovaná),"Kalendář FZ - 12 měsíců, 2023.xlsx",521,2021,,,,ASTIP STRONG 7500VA/1F -30 minut,,,16/26,,,,,,,,,,,,,,,,,,,,,,,,,,,,,,,,,,,,,,,,,,,,,,,,,,,,,,,,,,,,,,,,,,,,,,,,,,,,,,,,,,,,,1,"Praha, Ústavní 91, PN Bohnice",,,,"Praha, Ústavní 91, PN Bohnice, Česká republika","Praha, Ústavní 91, PN Bohnice, Česká republika"
"Praha, Čakovická 40-42, BD","Praha, Čakovická 40-42, BD","BD, Čakovická 40-42, Praha, Česká republika",ASTIP STRONG 75/15kVA/3F-45 minut,ASTIP STRONG 75/15kVA/3F-45 minut,Naušová - Uldrich 602 305 888,Naušová - Uldrich 602 305 888,Praha,,,2026-07-17,,74.0,Více než 60 dnů,zelená,50.11927,14.5074,upraveno - znovu geokódovat,,Adresa automaticky upravena pro Mapy.com; spusť znovu geokodér.,"praha, čakovická 40-42, bd, česká republika",,2026-07-17,74.0,Více než 60 dnů,zelená,2026-07-17 (plánovaná),"Kalendář FZ - 12 měsíců, 2023.xlsx",338,2024,ano,,,ASTIP STRONG 75/15kVA/3F-45 minut,,,,,,,,,17/26,,,,,,,,,,,,,,,,,,,,,,,,,,,,,,,,,,,,,,,,,,,,,,,,,,,,,,,,,,,,,,,,,,,,,,,,,,,,,,,1,"Praha, Čakovická 40-42, BD",,,,"Praha, Čakovická 40-42, BD, Česká republika","BD, Čakovická 40-42, Praha, Česká republika"
"Praha, Čakovická 883_44 a 46, BD Krocínka B3 a B4","Praha, Čakovická 883_44 a 46, BD Krocínka B3 a B4","Čakovická 883/44 a 46, Praha, Česká republika",ASTIP STRONG 75/15kVA/3F-45 minut,ASTIP STRONG 75/15kVA/3F-45 minut,Naušová - Uldrich 602 305 888,Naušová - Uldrich 602 305 888,Praha,,,2027-04-14,,345.0,Více než 60 dnů,zelená,50.11924,14.50638,upraveno - znovu geokódovat,,Adresa automaticky upravena pro Mapy.com; spusť znovu geokodér.,"praha, čakovická 883/44 a 46, bd krocínka b3 a b4, česká republika",,2027-04-14,345.0,Více než 60 dnů,zelená,2027-04-14 (plánovaná),"Kalendář FZ - 12 měsíců, 2023.xlsx",438,2025,ano,,,ASTIP STRONG 75/15kVA/3F-45 minut,,,,,,14/27,,,,,,,,,,,,,,,,,,,,,,,,,,,,,,,,,,,,,,,,,,,,,,,,,,,,,,,,,,,,,,,,,,,,,,,,,,,,,,,,,,1,"Praha, Čakovická 883_44 a 46, BD Krocínka B3 a B4",,,,"Praha, Čakovická 883/44 a 46, BD Krocínka B3 a B4, Česká republika","Čakovická 883/44 a 46, Praha, Česká republika"
"Praha, Čertův vršek 2533/5","Praha, Čertův vršek 2533/5","Praha, Čertův vršek 2533/5, Česká republika",ASTIP STRONG 22kVA/10kVA/3F-15 min,ASTIP STRONG 22kVA/10kVA/3F-15 min,Naušová - Uldrich 602 305 888,Naušová - Uldrich 602 305 888,Praha,,,2026-11-06,,186.0,Více než 60 dnů,zelená,50.11779,14.47291,OK Mapy.com,,čeká na přesné geokódování,"praha, čertův vršek 2533/5, česká republika",,2026-11-06,186.0,Více než 60 dnů,zelená,2026-11-06 (plánovaná),"Kalendář FZ - 12 měsíců, 2023.xlsx",399,2021,,,,ASTIP STRONG 22kVA/10kVA/3F-15 min,,,,,,,,,,,,,6/26,,,,,,,,,,,,,,,,,,,,,,,,,,,,,,,,,,,,,,,,,,,,,,,,,,,,,,,,,,,,,,,,,,,,,,,,,,,1,"Praha, Čertův vršek 2533/5",,,,"Praha, Čertův vršek 2533/5, Česká republika","Praha, Čertův vršek 2533/5, Česká republika"
"Praha, Českobrodská 1174, Pragolaktos","Praha, Českobrodská 1174, Pragolaktos","Praha, Českobrodská 1174, Pragolaktos, Česká republika",ASTIP PS 7500/3f - 15min,ASTIP PS 7500/3f - 15min,Pohobradský 731 663 598,Pohobradský 731 663 598,Praha,,,2027-02-05,,277.0,Více než 60 dnů,zelená,50.08956,14.55105,OK Mapy.com,,čeká na přesné geokódování,"praha, českobrodská 1174, pragolaktos, česká republika",,2027-02-05,277.0,Více než 60 dnů,zelená,2027-02-05 (plánovaná),"Kalendář FZ - 12 měsíců, 2023.xlsx",339,2018,,,,ASTIP PS 7500/3f - 15min,,,,5/27,,,,,,,,,,,,,,,,,,,,,,,,,,,,,,,,,,,,,,,,,,,,,,,,,,,,,,,,,,,,,,,,,,,,,,,,,,,,,,,,,,,,1,"Praha, Českobrodská 1174, Pragolaktos",,,,"Praha, Českobrodská 1174, Pragolaktos, Česká republika","Praha, Českobrodská 1174, Pragolaktos, Česká republika"
"Praha, Českobrodská 1329, Coca Cola","Praha, Českobrodská 1329, Coca Cola","Praha, Českobrodská 1329, Coca Cola, Česká republika",ASTIP PS 100kVA/3F-60 minut,ASTIP PS 100kVA/3F-60 minut,ALTRON Foltýn 606 665 209,ALTRON Foltýn 606 665 209,Praha,,,2026-09-03,2026-03-03,122.0,Více než 60 dnů,zelená,50.08978,14.55459,OK Mapy.com,,čeká na přesné geokódování,"praha, českobrodská 1329, coca cola, česká republika",2026-03-03,2026-09-03,122.0,Více než 60 dnů,zelená,2026-03-03 (proběhlá); 2026-09-03 (plánovaná),Kalendář FZ - 6 měsíců.xlsx,243,2021,,,ALTRON Foltýn 606 665 209,ASTIP PS 100kVA/3F-60 minut,"Praha, Českobrodská 1329, Coca Cola",,,,3/26,,,,,,3/26,,,,,,,,,,,,,,,,,,,,,,,,,,,,,,,,,,,,,,,,,,,,,,,,,,,,,,,,,,,,,,,,,,,,,,,,,,,,,2,,,,,"Praha, Českobrodská 1329, Coca Cola, Česká republika","Praha, Českobrodská 1329, Coca Cola, Česká republika"
"Praha, Českobrodská 942, BD","Praha, Českobrodská 942, BD","BD, Českobrodská 942, Praha, Česká republika","ASTIP STRONG 7500VA/1F-15, 60 minut","ASTIP STRONG 7500VA/1F-15, 60 minut",Zelenka 725 013 376,Zelenka 725 013 376,Praha,,,2027-03-05,,305.0,Více než 60 dnů,zelená,50.08744,14.56148,upraveno - znovu geokódovat,,Adresa automaticky upravena pro Mapy.com; spusť znovu geokodér.,"praha, českobrodská 942, bd, česká republika",,2027-03-05,305.0,Více než 60 dnů,zelená,2027-03-05 (plánovaná),"Kalendář FZ - 12 měsíců, 2023.xlsx",340,2024,,,,"ASTIP STRONG 7500VA/1F-15, 60 minut",,,,,5/27,,,,,,,,,,,,,,,,,,,,,,,,,,,,,,,,,,,,,,,,,,,,,,,,,,,,,,,,,,,,,,,,,,,,,,,,,,,,,,,,,,,1,"Praha, Českobrodská 942, BD",,,,"Praha, Českobrodská 942, BD, Česká republika","BD, Českobrodská 942, Praha, Česká republika"
"Praha, Čimická 143, BD","Praha, Čimická 143, BD","BD, Čimická 143, Praha, Česká republika",ASTIP STRONG 3000VA/3F-15 minut,ASTIP STRONG 3000VA/3F-15 minut,Tvrdíková 775 212 909,Tvrdíková 775 212 909,Praha,,,2027-01-22,,263.0,Více než 60 dnů,zelená,50.13993,14.43026,upraveno - znovu geokódovat,,Adresa automaticky upravena pro Mapy.com; spusť znovu geokodér.,"praha, čimická 143, bd, česká republika",,2027-01-22,263.0,Více než 60 dnů,zelená,2027-01-22 (plánovaná),"Kalendář FZ - 12 měsíců, 2023.xlsx",341,2024,,,,ASTIP STRONG 3000VA/3F-15 minut,,,22/27,,,,,,,,,,,,,,,,,,,,,,,,,,,,,,,,,,,,,,,,,,,,,,,,,,,,,,,,,,,,,,,,,,,,,,,,,,,,,,,,,,,,,1,"Praha, Čimická 143, BD",,,,"Praha, Čimická 143, BD, Česká republika","BD, Čimická 143, Praha, Česká republika"
"Praha, Řešovská 852-10, Bohnice -Rezidence Jasmín","Praha, Řešovská 852-10, Bohnice -Rezidence Jasmín","Praha, Řešovská 852-10, Bohnice -Rezidence Jasmín, Česká republika",ASTIP PS 200kVA/3F -45 minut,ASTIP PS 200kVA/3F -45 minut,"Metlička 702 060 184, Roman Matějka 602 369 789","Metlička 702 060 184, Roman Matějka 602 369 789",Praha,hlídat sami kontroly,hlídat sami kontroly,2026-02-27,2025-08-27,-66.0,Po termínu,červená,50.13004,14.41203,OK Mapy.com,,čeká na přesné geokódování,"praha, řešovská 852-10, bohnice -rezidence jasmín, česká republika",2025-08-27,2026-02-27,-66.0,Po termínu,červená,2025-08-27 (proběhlá); 2026-02-27 (plánovaná),Kalendář FZ - 6 měsíců.xlsx,290,2020,ano,ano,"Metlička 702 060 184, Roman Matějka 602 369 789",ASTIP PS 200kVA/3F -45 minut,"Praha, Řešovská 852-10, Bohnice -Rezidence Jasmín",,,27/26,,,,,,27/25,,,,,,,,,,,,,,,,,,,,,,,,,,,,,,,,,,,,,,,,,,,,,,,,,,,,,,,,,,,,,,,,,,,,,,,,,,,,,,2,,,,,"Praha, Řešovská 852-10, Bohnice -Rezidence Jasmín, Česká republika","Praha, Řešovská 852-10, Bohnice -Rezidence Jasmín, Česká republika"
"Praha, Řásnovka 784-2, školka","Praha, Řásnovka 784-2, školka","Praha, Řásnovka 784-2, školka, Česká republika","STRONG 1kVA/0,5kVA/1F-30 minut","STRONG 1kVA/0,5kVA/1F-30 minut",Ing. Paleček 603 418 389,Ing. Paleček 603 418 389,Praha,,,2026-10-21,2026-04-21,170.0,Více než 60 dnů,zelená,50.09167,14.42493,OK Mapy.com,,čeká na přesné geokódování,"praha, řásnovka 784-2, školka, česká republika",2026-04-21,2026-10-21,170.0,Více než 60 dnů,zelená,2026-04-21 (proběhlá); 2026-10-21 (plánovaná),Kalendář FZ - 6 měsíců.xlsx,289,2021,,,Ing. Paleček 603 418 389,"STRONG 1kVA/0,5kVA/1F-30 minut","Praha, Řásnovka 784-2, školka",,,,,21/26,,,,,,21/26,,,,,,,,,,,,,,,,,,,,,,,,,,,,,,,,,,,,,,,,,,,,,,,,,,,,,,,,,,,,,,,,,,,,,,,,,,,,2,,,,,"Praha, Řásnovka 784-2, školka, Česká republika","Praha, Řásnovka 784-2, školka, Česká republika"
"Praha, Římská 20, BD","Praha, Římská 20, BD","BD, Římská 20, Praha, Česká republika",ASTIP STRONG 35kVA/5kVA/3F - 30 minut,ASTIP STRONG 35kVA/5kVA/3F - 30 minut,Lucie Austerlitzová  605 273 939,Lucie Austerlitzová  605 273 939,Praha,,,2024-11-15,2024-11-15,-535.0,Po termínu,červená,50.07729,14.43469,upraveno - znovu geokódovat,,Adresa automaticky upravena pro Mapy.com; spusť znovu geokodér.,"praha, římská 20, bd, česká republika",2024-11-15,2024-11-15,-535.0,Po termínu,červená,2024-11-15 (plánovaná),"Kalendář FZ - 12 měsíců, 2023.xlsx",484,2021,ano,,,ASTIP STRONG 35kVA/5kVA/3F - 30 minut,,,,,,,,,,,,,15/24,,,,,,,,,,,,,,,,,,,,,,,,,,,,,,,,,,,,,,,,,,,,,,,,,,,,,,,,,,,,,,,,,,,,,,,,,,,1,"Praha, Římská 20, BD",,,,"Praha, Římská 20, BD, Česká republika","BD, Římská 20, Praha, Česká republika"
"Praha, Římská 4","Praha, Římská 4","Praha, Římská 4, Česká republika",PS 10 000/3f - 45min.,PS 10 000/3f - 45min.,Daňkovský - 604 207 542,Daňkovský - 604 207 542,Praha,,,2026-06-02,2025-12-02,29.0,7–30 dnů,oranžová,50.07814,14.43212,OK Mapy.com,,čeká na přesné geokódování,"praha, římská 4, česká republika",2025-12-02,2026-06-02,29.0,7–30 dnů,oranžová,2025-12-02 (proběhlá); 2026-06-02 (plánovaná),Kalendář FZ - 6 měsíců.xlsx,291,2018,,,Daňkovský - 604 207 542,PS 10 000/3f - 45min.,"Praha, Římská 4",,,,,,,2/26,,,,,,2/25,,,,,,,,,,,,,,,,,,,,,,,,,,,,,,,,,,,,,,,,,,,,,,,,,,,,,,,,,,,,,,,,,,,,,,,,,,2,,,,,"Praha, Římská 4, Česká republika","Praha, Římská 4, Česká republika"
"Praha, Římská 403, hotel Modrá růže","Praha, Římská 403, hotel Modrá růže","hotel Modrá růže, Římská 403, Praha, Česká republika",ASTIP PS Liftback 138kVA/20kVA/3F -45 minut,ASTIP PS Liftback 138kVA/20kVA/3F -45 minut,Kučera 773 659 206,Kučera 773 659 206,Praha,,,2026-07-08,2026-01-08,65.0,Více než 60 dnů,zelená,50.07719,14.43537,upraveno - znovu geokódovat,,Adresa automaticky upravena pro Mapy.com; spusť znovu geokodér.,"praha, římská 403, hotel modrá růže, česká republika",2026-01-08,2026-07-08,65.0,Více než 60 dnů,zelená,2026-01-08 (proběhlá); 2026-07-08 (plánovaná),Kalendář FZ - 6 měsíců.xlsx,288,2025,,,Kučera 773 659 206,ASTIP PS Liftback 138kVA/20kVA/3F -45 minut,"Praha, Římská 403, hotel Modrá růže",,8/26,,,,,,8/26,,,,,,,,,,,,,,,,,,,,,,,,,,,,,,,,,,,,,,,,,,,,,,,,,,,,,,,,,,,,,,,,,,,,,,,,,,,,,,,2,,,,,"Praha, Římská 403, hotel Modrá růže, Česká republika","hotel Modrá růže, Římská 403, Praha, Česká republika"
"Praha, Šaldova 7a","Praha, Šaldova 7a","Praha, Šaldova 7a, Česká republika",ASTIP STRONG Liftback 93/20kVA-3F -45 minut,ASTIP STRONG Liftback 93/20kVA-3F -45 minut,Opletal 777 168 685,Opletal 777 168 685,Praha,,,2027-01-20,,261.0,Více než 60 dnů,zelená,50.09392,14.45469,OK Mapy.com,,čeká na přesné geokódování,"praha, šaldova 7a, česká republika",,2027-01-20,261.0,Více než 60 dnů,zelená,2027-01-20 (plánovaná),"Kalendář FZ - 12 měsíců, 2023.xlsx",498,2026,ano,,,ASTIP STRONG Liftback 93/20kVA-3F -45 minut,,,20/27,,,,,,,,,,,,,,,,,,,,,,,,,,,,,,,,,,,,,,,,,,,,,,,,,,,,,,,,,,,,,,,,,,,,,,,,,,,,,,,,,,,,,1,"Praha, Šaldova 7a",,,,"Praha, Šaldova 7a, Česká republika","Praha, Šaldova 7a, Česká republika"
"Praha, Štanderova 881/4","Praha, Štanderova 881/4","Praha, Štanderova 881/4, Česká republika","PS 15 000/3f - 15, 30min.","PS 15 000/3f - 15, 30min.",,,Praha,,,2026-01-21,2026-01-21,-103.0,Po termínu,červená,50.14171,14.5215,OK Mapy.com,,čeká na přesné geokódování,"praha, štanderova 881/4, česká republika",2026-01-21,2026-01-21,-103.0,Po termínu,červená,2026-01-21 (plánovaná),"Kalendář FZ - 12 měsíců, 2023.xlsx",499,2018,,,,"PS 15 000/3f - 15, 30min.",,,21/26,,,,,,,,,,,,,,,,,,,,,,,,,,,,,,,,,,,,,,,,,,,,,,,,,,,,,,,,,,,,,,,,,,,,,,,,,,,,,,,,,,,,,1,"Praha, Štanderova 881/4",,,,"Praha, Štanderova 881/4, Česká republika","Praha, Štanderova 881/4, Česká republika"
"Praha, Štanderova 887","Praha, Štanderova 887","Praha, Štanderova 887, Česká republika",PS 15 000/3f - 30min + 1kVA,PS 15 000/3f - 30min + 1kVA,Gál Jiviš,Gál Jiviš,Praha,2025 -ukončená spolupráce - mají jiný zdroj BD Letňanské zahrady H. I,2025 -ukončená spolupráce - mají jiný zdroj BD Letňanské zahrady H. I,,2024-12-19,,Bez termínu,šedá,50.14122,14.52169,OK Mapy.com,,čeká na přesné geokódování,"praha, štanderova 887, česká republika",2024-12-19,,,Bez termínu,šedá,2024-12-19 (nezjištěno),"Kalendář FZ - 12 měsíců, 2023.xlsx",500,"2019, 2020",,,,PS 15 000/3f - 30min + 1kVA,,,,,,,,,,,,,,19/24,,,,,,,,,,,,,,,,,,,,,,,,,,,,,,,,,,,,,,,,,,,,,,,,,,,,,,,,,,,,,,,,,,,,,,,,,,1,"Praha, Štanderova 887",,,,"Praha, Štanderova 887, Česká republika","Praha, Štanderova 887, Česká republika"
"Praha, Švehlova","Praha, Švehlova","Praha, Švehlova, Česká republika","ASTIP PS 15kVA/3f-45 minut, PS 1500/3f-45 minut","ASTIP PS 15kVA/3f-45 minut, PS 1500/3f-45 minut",Neznik - 725 607 384,Neznik - 725 607 384,Praha,1.7.2024 - mají tam zařízení od jiného dodavatele…,1.7.2024 - mají tam zařízení od jiného dodavatele…,,2021-01-27,,Bez termínu,šedá,50.05505,14.51641,OK Mapy.com,,čeká na přesné geokódování,"praha, švehlova, česká republika",2021-01-27,,,Bez termínu,šedá,2021-01-27 (nezjištěno),"Kalendář FZ - 12 měsíců, 2023.xlsx",502,2015,,,,"ASTIP PS 15kVA/3f-45 minut, PS 1500/3f-45 minut",,,27/21,,,,,,,,,,,,,,,,,,,,,,,,,,,,,,,,,,,,,,,,,,,,,,,,,,,,,,,,,,,,,,,,,,,,,,,,,,,,,,,,,,,,,1,"Praha, Švehlova",,,,"Praha, Švehlova, Česká republika","Praha, Švehlova, Česká republika"
"Praha, Švejcarovo náměstí 2694/4","Praha, Švejcarovo náměstí 2694/4","Praha, Švejcarovo náměstí 2694/4, Česká republika",ASTIP PS 20kVA/3f-45 minut,ASTIP PS 20kVA/3f-45 minut,Rony Odeh 732 652 221,Rony Odeh 732 652 221,Praha,,,2023-10-19,2023-10-19,-928.0,Po termínu,červená,50.03602,14.32917,OK Mapy.com,,čeká na přesné geokódování,"praha, švejcarovo náměstí 2694/4, česká republika",2023-10-19,2023-10-19,-928.0,Po termínu,červená,2023-10-19 (plánovaná),"Kalendář FZ - 12 měsíců, 2023.xlsx",503,2016,,,,ASTIP PS 20kVA/3f-45 minut,,,,,,,,,,,,19/23,,,,,,,,,,,,,,,,,,,,,,,,,,,,,,,,,,,,,,,,,,,,,,,,,,,,,,,,,,,,,,,,,,,,,,,,,,,,1,"Praha, Švejcarovo náměstí 2694/4",,,,"Praha, Švejcarovo náměstí 2694/4, Česká republika","Praha, Švejcarovo náměstí 2694/4, Česká republika"
"Praha, Švédská 15","Praha, Švédská 15","Praha, Švédská 15, Česká republika",ASTIP R-SOZ,ASTIP R-SOZ,Corradini 724 230 992,Corradini 724 230 992,Praha,,,2022-06-16,2022-06-16,-1418.0,Po termínu,červená,50.07472,14.39495,OK Mapy.com,,čeká na přesné geokódování,"praha, švédská 15, česká republika",2022-06-16,2022-06-16,-1418.0,Po termínu,červená,2022-06-16 (plánovaná),"Kalendář FZ - 12 měsíců, 2023.xlsx",501,bez,,,,ASTIP R-SOZ,,,,,,,,16/22,,,,,,,,,,,,,,,,,,,,,,,,,,,,,,,,,,,,,,,,,,,,,,,,,,,,,,,,,,,,,,,,,,,,,,,,,,,,,,,,1,"Praha, Švédská 15",,,,"Praha, Švédská 15, Česká republika","Praha, Švédská 15, Česká republika"
"Praha, Šífařská 577_ 26, BD Hodkovičky","Praha, Šífařská 577_ 26, BD Hodkovičky","BD Hodkovičky, Šífařská 577/ 26, Praha, Česká republika",PS 15kVA/3F-60 minut,PS 15kVA/3F-60 minut,Janeček 736 611 796,Janeček 736 611 796,Praha,,,2027-03-12,,312.0,Více než 60 dnů,zelená,50.01925,14.40164,upraveno - znovu geokódovat,,Adresa automaticky upravena pro Mapy.com; spusť znovu geokodér.,"praha, šífařská 577/ 26, bd hodkovičky, česká republika",,2027-03-12,312.0,Více než 60 dnů,zelená,2027-03-12 (plánovaná),"Kalendář FZ - 12 měsíců, 2023.xlsx",363,2021,,,,PS 15kVA/3F-60 minut,,,,,12/27,,,,,,,,,,,,,,,,,,,,,,,,,,,,,,,,,,,,,,,,,,,,,,,,,,,,,,,,,,,,,,,,,,,,,,,,,,,,,,,,,,,1,"Praha, Šífařská 577_ 26, BD Hodkovičky",,,,"Praha, Šífařská 577/ 26, BD Hodkovičky, Česká republika","BD Hodkovičky, Šífařská 577/ 26, Praha, Česká republika"
"Praha, Žalanského 1416, BD","Praha, Žalanského 1416, BD","BD, Žalanského 1416, Praha, Česká republika",ASTIP STRONG 1000/1f-15 minut,ASTIP STRONG 1000/1f-15 minut,"Dytrych PPM, 777 364 095","Dytrych PPM, 777 364 095",Praha,,,2023-12-08,2023-12-08,-878.0,Po termínu,červená,50.06812,14.29404,upraveno - znovu geokódovat,,Adresa automaticky upravena pro Mapy.com; spusť znovu geokodér.,"praha, žalanského 1416, bd, česká republika",2023-12-08,2023-12-08,-878.0,Po termínu,červená,2023-12-08 (plánovaná),"Kalendář FZ - 12 měsíců, 2023.xlsx",538,2019,,,,ASTIP STRONG 1000/1f-15 minut,,,,,,,,,,,,,,8/23,,,,,,,,,,,,,,,,,,,,,,,,,,,,,,,,,,,,,,,,,,,,,,,,,,,,,,,,,,,,,,,,,,,,,,,,,,1,"Praha, Žalanského 1416, BD",,,,"Praha, Žalanského 1416, BD, Česká republika","BD, Žalanského 1416, Praha, Česká republika"
"Prasklice 142, DPS","Prasklice 142, DPS","Prasklice 142, DPS, Česká republika",Astip PS 15 000/3f-45 minut,Astip PS 15 000/3f-45 minut,Dosoudil 775 761 502,Dosoudil 775 761 502,Zlínský,,,2026-04-30,2025-10-31,-4.0,Po termínu,červená,49.26837,17.1869,OK Mapy.com,,čeká na přesné geokódování,"prasklice 142, dps, česká republika",2025-10-31,2026-04-30,-4.0,Po termínu,červená,2025-10-31 (proběhlá); 2026-04-30 (plánovaná),Kalendář FZ - 6 měsíců.xlsx,308,2018,,,Dosoudil 775 761 502,Astip PS 15 000/3f-45 minut,"Prasklice 142, DPS",,,,,30/26,,,,,,31/25,,,,,,,,,,,,,,,,,,,,,,,,,,,,,,,,,,,,,,,,,,,,,,,,,,,,,,,,,,,,,,,,,,,,,,,,,,,,2,,,,,"Prasklice 142, DPS, Česká republika","Prasklice 142, DPS, Česká republika"
"Prostějov, Olomoucká 116","Prostějov, Olomoucká 116","Prostějov, Olomoucká 116, Česká republika",PS 4000VA/3f-45 minut,PS 4000VA/3f-45 minut,Pořízka - 737 154 130,Pořízka - 737 154 130,Olomoucký,,,2027-01-28,,269.0,Více než 60 dnů,zelená,49.48227,17.12178,OK Mapy.com,,čeká na přesné geokódování,"prostějov, olomoucká 116, česká republika",,2027-01-28,269.0,Více než 60 dnů,zelená,2027-01-28 (plánovaná),"Kalendář FZ - 12 měsíců, 2023.xlsx",539,2016,,,,PS 4000VA/3f-45 minut,,,28/27,,,,,,,,,,,,,,Globe servis,,,,,,,,,,,,,,,,,,,,,,,,,,,,,,,,,,,,,,,,,,,,,,,,,,,,,,,,,,,,,,,,,,,,,,,1,"Prostějov, Olomoucká 116",,,Globe servis,"Prostějov, Olomoucká 116, Česká republika","Prostějov, Olomoucká 116, Česká republika"
"Prostějov, Průmyslová 20","Prostějov, Průmyslová 20","Prostějov, Průmyslová 20, Česká republika","Strong 4000/3f,1f - 10 min.","Strong 4000/3f,1f - 10 min.","Radim Cimrman, 605 035 685","Radim Cimrman, 605 035 685",Olomoucký,"fa a prot. zaslat na Tovární 836/9b, Prostějov, faktura na Radek Mudrla, Laser Technology","fa a prot. zaslat na Tovární 836/9b, Prostějov, faktura na Radek Mudrla, Laser Technology",2026-10-24,,173.0,Více než 60 dnů,zelená,49.47234,17.1358,OK Mapy.com,,čeká na přesné geokódování,"prostějov, průmyslová 20, česká republika",,2026-10-24,173.0,Více než 60 dnů,zelená,2026-10-24 (plánovaná),"Kalendář FZ - 12 měsíců, 2023.xlsx",540,2018,,ano,,"Strong 4000/3f,1f - 10 min.",,,,,,,,,,,,24/26,,,,,,,,,,,,,,,,,,,,,,,,,,,,,,,,,,,,,,,,,,,,,,,,,,,,,,,,,,,,,,,,,,,,,,,,,,,,1,"Prostějov, Průmyslová 20",,,,"Prostějov, Průmyslová 20, Česká republika","Prostějov, Průmyslová 20, Česká republika"
"Prostějov, Vodní 23+25, Cenrum zdraví","Prostějov, Vodní 23+25, Cenrum zdraví","Vodní 23+25, Cenrum zdraví, Česká republika",ASTIP PS 4 000/3F - 20 minut,ASTIP PS 4 000/3F - 20 minut,Ing. Poslušný 777 793 099,Ing. Poslušný 777 793 099,Olomoucký,2020 -23 STOP STAV,2020 -23 STOP STAV,2027-04-20,,351.0,Více než 60 dnů,zelená,47.33966,8.57045,OK final,,"Dotaz zjednodušen na ulici/číslo + město + ČR/SR, bez názvů objektů.","prostějov, vodní 23+25, cenrum zdraví, česká republika",,2027-04-20,351.0,Více než 60 dnů,zelená,2027-04-20 (plánovaná),"Kalendář FZ - 12 měsíců, 2023.xlsx",541,2018,,,,ASTIP PS 4 000/3F - 20 minut,,,,,,20/27,,,,,,,,,,,,,,,,,,,,,,,,,,,,,,,,,,,,,,,,,,,,,,,,,,,,,,,,,,,,,,,,,,,,,,,,,,,,,,,,,,1,"Prostějov, Vodní 23+25, Cenrum zdraví",,,,"Prostějov, Vodní 23+25, Cenrum zdraví, Česká republika","Cenrum zdraví, Vodní 23+25, Prostějov, Česká republika"
"Prusinovice, Zámčisko 170","Prusinovice, Zámčisko 170","Prusinovice, Zámčisko 170, Česká republika","STRONG 3 000/3f, 10 min","STRONG 3 000/3f, 10 min",Navrátilová  739 405 334,Navrátilová  739 405 334,Zlínský,,,2026-07-20,2026-01-20,77.0,Více než 60 dnů,zelená,49.37815,17.58755,OK Mapy.com,,čeká na přesné geokódování,"prusinovice, zámčisko 170, česká republika",2026-01-20,2026-07-20,77.0,Více než 60 dnů,zelená,2026-01-20 (proběhlá); 2026-07-20 (plánovaná),Kalendář FZ - 6 měsíců.xlsx,309,2017,,,Navrátilová  739 405 334,"STRONG 3 000/3f, 10 min","Prusinovice, Zámčisko 170",,20/26,,,,,,20/26,,,,,,,6000,,,,,,,,,,,,,,,,,,,,,,,,,,,,,,,,,,,,,,,,,,,,,,,,,,,,,,,,,,,,,,,,,,,,,,,,2,,,,,"Prusinovice, Zámčisko 170, Česká republika","Prusinovice, Zámčisko 170, Česká republika"
"Pyšely, T.G.Masaryka","Pyšely, T.G.Masaryka","Pyšely, T.G.Masaryka, Česká republika",LiftBack 15kVA/3f-45 minut,LiftBack 15kVA/3f-45 minut,"Veronika Skálová 602 246 620, pan Hájek 724 895 931","Veronika Skálová 602 246 620, pan Hájek 724 895 931",Středočeský,od Minaříka - servisuje a opravuje jim to jiná firma…..18.6.2024 -posílám aktualizaci CN,od Minaříka - servisuje a opravuje jim to jiná firma…..18.6.2024 -posílám aktualizaci CN,,2023-01-12,,Bez termínu,šedá,49.87667,14.67841,OK Mapy.com,,čeká na přesné geokódování,"pyšely, t.g.masaryka, česká republika",2023-01-12,,,Bez termínu,šedá,2023-01-12 (nezjištěno),Kalendář FZ - 6 měsíců.xlsx,310,2016,10/23 -zrušena,,"Veronika Skálová 602 246 620, pan Hájek 724 895 931",  LiftBack 15kVA/3f-45 minut,"Pyšely, T.G.Masaryka",,12/23,,,,,,,,,,,,,,,,,,,,,,,,,,,,,,,,,,,,,,,,,,,,,,,,,,,,,,,,,,,,,,,,,,,,,,,,,,,,,,,,,,,,,1,,,,,"Pyšely, T.G.Masaryka, Česká republika","Pyšely, T.G.Masaryka, Česká republika"
"Písek, Nádražní 2725, LIDL","Písek, Nádražní 2725, LIDL","Písek, Nádražní 2725, LIDL, Česká republika",ASTIP PS LIFTBACK 30kVA/15kVA/3F -45 minut,ASTIP PS LIFTBACK 30kVA/15kVA/3F -45 minut,Týblová 257 086 578,Týblová 257 086 578,Jihočeský,,,2026-04-11,2026-04-11,-23.0,Po termínu,červená,49.29896,14.14532,OK Mapy.com,,čeká na přesné geokódování,"písek, nádražní 2725, lidl, česká republika",2026-04-11,2026-04-11,-23.0,Po termínu,červená,2026-04-11 (plánovaná),"Kalendář FZ - 12 měsíců, 2023.xlsx",292,2020,ano,,,ASTIP PS LIFTBACK 30kVA/15kVA/3F -45 minut,,,,,,11/26,,,,,,,,,,,,,,,,,,,,,,,,,,,,,,,,,,,,,,,,,,,,,,,,,,,,,,,,,,,,,,,,,,,,,,,,,,,,,,,,,,1,"Písek, Nádražní 2725, LIDL",,,,"Písek, Nádražní 2725, LIDL, Česká republika","Písek, Nádražní 2725, LIDL, Česká republika"
"Púchov, Námestie Slobody 1624_31, Slovensko","Púchov, Námestie Slobody 1624_31, Slovensko","Púchov, Námestie Slobody 1624/31, Slovensko",ASTIP PS Liftback 15kVA/3F-45 minut,ASTIP PS Liftback 15kVA/3F-45 minut,"Svitek - správa +421 903 492 131, Zethy 0903 492 131","Svitek - správa +421 903 492 131, Zethy 0903 492 131",Slovensko,,,2026-08-21,,109.0,Více než 60 dnů,zelená,49.12623,18.32707,OK Mapy.com,,čeká na přesné geokódování,"púchov, námestie slobody 1624/31, slovensko",,2026-08-21,109.0,Více než 60 dnů,zelená,2026-08-21 (plánovaná),"Kalendář FZ - 12 měsíců, 2023.xlsx",542,2024,,,,ASTIP PS Liftback 15kVA/3F-45 minut,,,,,,,,,,21/26,,,,,,,,,,,,,,,,,,,,,,,,,,,,,,,,,,,,,,,,,,,,,,,,,,,,,,,,,,,,,,,,,,,,,,,,,,,,,,1,"Púchov, Námestie Slobody 1624_31, Slovensko",,,,"Púchov, Námestie Slobody 1624/31, Slovensko","Púchov, Námestie Slobody 1624/31, Slovensko"
"Radobica okr. Prievidza, DPS IRIS","Radobica okr. Prievidza, DPS IRIS","Radobica okr. Prievidza, Slovensko",ASTIP STRONG 20kVA/3F-45minut,ASTIP STRONG 20kVA/3F-45minut,"Pan Ladický 0903 130531, skočili s něma, nově kontakt Izabela Terkovičová
telefon +421 917 833 402","Pan Ladický 0903 130531, skočili s něma, nově kontakt Izabela Terkovičová
telefon +421 917 833 402",Slovensko,,,2026-06-16,2025-12-16,43.0,30–60 dnů,žlutá,48.58539,18.50028,OK final,,"Dotaz zjednodušen na ulici/číslo + město + ČR/SR, bez názvů objektů.","radobica okr. prievidza, dps iris, slovensko",2025-12-16,2026-06-16,43.0,30–60 dnů,žlutá,2025-12-16 (proběhlá); 2026-06-16 (plánovaná),Kalendář FZ - 6 měsíců.xlsx,311,2019,,,"Pan Ladický 0903 130531, skočili s něma, nově kontakt Izabela Terkovičová
telefon +421 917 833 402 ",ASTIP STRONG 20kVA/3F-45minut,"Radobica okr. Prievidza, DPS IRIS",,,,,,,16/26,,,,,,16/25,,,,,,,,,,,,,,,,,,,,,,,,,,,,,,,,,,,,,,,,,,,,,,,,,,,,,,,,,,,,,,,,,,,,,,,,,,2,,,,,"Radobica okr. Prievidza, DPS IRIS, Slovensko","DPS IRIS, Radobica okr. Prievidza, Slovensko"
"Rokycany, U Bílé haldy 1176, brusivo","Rokycany, U Bílé haldy 1176, brusivo","Rokycany, U Bílé haldy 1176, brusivo, Česká republika",ASTIP STRONG 15kVA/3F-30 minut,ASTIP STRONG 15kVA/3F-30 minut,Ing. Mašíček 725 102 406,Ing. Mašíček 725 102 406,Plzeňský,,,2025-12-10,2025-12-10,-145.0,Po termínu,červená,49.73622,13.60385,OK Mapy.com,,čeká na přesné geokódování,"rokycany, u bílé haldy 1176, brusivo, česká republika",2025-12-10,2025-12-10,-145.0,Po termínu,červená,2025-12-10 (plánovaná),"Kalendář FZ - 12 měsíců, 2023.xlsx",543,2022,,,,ASTIP STRONG 15kVA/3F-30 minut,,,,,,,,,,,,,,10/25,,,,,,,,,,,,,,,,,,,,,,,,,,,,,,,,,,,,,,,,,,,,,,,,,,,,,,,,,,,,,,,,,,,,,,,,,,1,"Rokycany, U Bílé haldy 1176, brusivo",,,,"Rokycany, U Bílé haldy 1176, brusivo, Česká republika","Rokycany, U Bílé haldy 1176, brusivo, Česká republika"
"Rokytnice nad Jizerou,Dolní Rokytnice 447, penzion","Rokytnice nad Jizerou,Dolní Rokytnice 447, penzion","Rokytnice nad Jizerou, Dolní Rokytnice 447, penzion, Česká republika",ASTIP STRONG 30kVA/15kVA/3F -45 minut,ASTIP STRONG 30kVA/15kVA/3F -45 minut,Opluštilová 734 521 322,Opluštilová 734 521 322,Liberecký,,,2026-09-24,2026-03-24,143.0,Více než 60 dnů,zelená,50.72983,15.4436,OK Mapy.com,,čeká na přesné geokódování,"rokytnice nad jizerou, dolní rokytnice 447, penzion, česká republika",2026-03-24,2026-09-24,143.0,Více než 60 dnů,zelená,2026-03-24 (proběhlá); 2026-09-24 (plánovaná),Kalendář FZ - 6 měsíců.xlsx,312,2022,ano,,Opluštilová 734 521 322,ASTIP STRONG 30kVA/15kVA/3F -45 minut,"Rokytnice nad Jizerou,Dolní Rokytnice 447, penzion",,,,24/26,,,,,,24/26,,,,,,,,,,,,,,,,,,,,,,,,,,,,,,,,,,,,,,,,,,,,,,,,,,,,,,,,,,,,,,,,,,,,,,,,,,,,,2,,,,,"Rokytnice nad Jizerou, Dolní Rokytnice 447, penzion, Česká republika","Rokytnice nad Jizerou, Dolní Rokytnice 447, penzion, Česká republika"
"Rokytnice u Přerova, Domov na Zámečku","Rokytnice u Přerova, Domov na Zámečku","Rokytnice u Přerova, Domov na Zámečku, Česká republika",Astip STRONG Liftback 30kVA/3F-45 minut/EI45,Astip STRONG Liftback 30kVA/3F-45 minut/EI45,Tomáš Červený 733 531 119,Tomáš Červený 733 531 119,Olomoucký,,,2026-06-11,2025-12-11,38.0,30–60 dnů,žlutá,49.46686,17.39237,OK Mapy.com,,čeká na přesné geokódování,"rokytnice u přerova, domov na zámečku, česká republika",2025-12-11,2026-06-11,38.0,30–60 dnů,žlutá,2025-12-11 (proběhlá); 2026-06-11 (plánovaná),Kalendář FZ - 6 měsíců.xlsx,313,2022,,,Tomáš Červený 733 531 119,Astip STRONG Liftback 30kVA/3F-45 minut/EI45,"Rokytnice u Přerova, Domov na Zámečku",,,,,,,11/26,,,,,,11/25,,,,,,,,,,,,,,,,,,,,,,,,,,,,,,,,,,,,,,,,,,,,,,,,,,,,,,,,,,,,,,,,,,,,,,,,,,2,,,,,"Rokytnice u Přerova, Domov na Zámečku, Česká republika","Rokytnice u Přerova, Domov na Zámečku, Česká republika"
"Rosice, Na Vyhlídce 1700, BD","Rosice, Na Vyhlídce 1700, BD","BD, Na Vyhlídce 1700, Rosice, Česká republika",ASTIP STRONG 20kVA/3F-30 minut,ASTIP STRONG 20kVA/3F-30 minut,Vladimír Pakosta 608 776 653,Vladimír Pakosta 608 776 653,Jihomoravský,,,2026-06-05,,32.0,30–60 dnů,žlutá,49.18712,16.38475,upraveno - znovu geokódovat,,Adresa automaticky upravena pro Mapy.com; spusť znovu geokodér.,"rosice, na vyhlídce 1700, bd, česká republika",,2026-06-05,32.0,30–60 dnů,žlutá,2026-06-05 (plánovaná),"Kalendář FZ - 12 měsíců, 2023.xlsx",545,2020,,,,ASTIP STRONG 20kVA/3F-30 minut,,,,,,,,5/26,,,,,,,,,,,,,,,,,,,,,,,,,,,,,,,,,,,,,,,,,,,,,,,,,,,,,,,,,,,,,,,,,,,,,,,,,,,,,,,,1,"Rosice, Na Vyhlídce 1700, BD",,,,"Rosice, Na Vyhlídce 1700, BD, Česká republika","BD, Na Vyhlídce 1700, Rosice, Česká republika"
"Rosice, Na Vyhlídce 1712, BD","Rosice, Na Vyhlídce 1712, BD","BD, Na Vyhlídce 1712, Rosice, Česká republika",ASTIP STRONG 27kVA/10kVA/3F-30minut,ASTIP STRONG 27kVA/10kVA/3F-30minut,pan Pavlík 773 567 796,pan Pavlík 773 567 796,Jihomoravský,,,2027-02-09,,281.0,Více než 60 dnů,zelená,49.18752,16.38498,upraveno - znovu geokódovat,,Adresa automaticky upravena pro Mapy.com; spusť znovu geokodér.,"rosice, na vyhlídce 1712, bd, česká republika",,2027-02-09,281.0,Více než 60 dnů,zelená,2027-02-09 (plánovaná),"Kalendář FZ - 12 měsíců, 2023.xlsx",544,2023,,,,ASTIP STRONG 27kVA/10kVA/3F-30minut,,,,9/27,,,,,,,,,,,,,,,,,,,,,,,,,,,,,,,,,,,,,,,,,,,,,,,,,,,,,,,,,,,,,,,,,,,,,,,,,,,,,,,,,,,,1,"Rosice, Na Vyhlídce 1712, BD",,,,"Rosice, Na Vyhlídce 1712, BD, Česká republika","BD, Na Vyhlídce 1712, Rosice, Česká republika"
"Rožnov pod Radhoštěm, Pivovarská 6","Rožnov pod Radhoštěm, Pivovarská 6","Rožnov pod Radhoštěm, Pivovarská 6, Česká republika","ASTIP STRONG 1000/1f-45 min, PS LiftBack 7500/3f-45 minut","ASTIP STRONG 1000/1f-45 min, PS LiftBack 7500/3f-45 minut",733533236,733533236,Zlínský,,,2024-04-30,2023-10-31,-734.0,Po termínu,červená,49.45673,18.13684,OK Mapy.com,,čeká na přesné geokódování,"rožnov pod radhoštěm, pivovarská 6, česká republika",2023-10-31,2024-04-30,-734.0,Po termínu,červená,2023-10-31 (proběhlá); 2024-04-30 (plánovaná),Kalendář FZ - 6 měsíců.xlsx,314,"2019, 2017",,,733533236,"ASTIP STRONG 1000/1f-45 min, PS LiftBack 7500/3f-45 minut","Rožnov pod Radhoštěm, Pivovarská 6",,,,,30/24,,,,,,"31/23-7,5kVA - STOP STAV",,,,,,,,,,,,,,,,,,,,,,,,,,,,,,,,,,,,,,,,,,,,,,,,,,,,,,,,,,,,,,,,,,,,,,,,,,,,2,,,,,"Rožnov pod Radhoštěm, Pivovarská 6, Česká republika","Rožnov pod Radhoštěm, Pivovarská 6, Česká republika"
"Rudná u Prahy, Prologis Park","Rudná u Prahy, Prologis Park","Rudná u Prahy, Prologis Park, Česká republika",PS 1000/3f MOC ZDROJŮ,PS 1000/3f MOC ZDROJŮ,,,Středočeský,,,,,,Bez termínu,šedá,50.02065,14.20552,OK Mapy.com,,čeká na přesné geokódování,"rudná u prahy, prologis park, česká republika",,,,Bez termínu,šedá,,Kalendář FZ - 6 měsíců.xlsx,315,bez  v.č.,,,,  PS 1000/3f MOC ZDROJŮ,"Rudná u Prahy, Prologis Park",,,,,,,,,,,,,,,,,,,,,,,,,,,,,,,,,,,,,,,,,,,,,,,,,,,,,,,,,,,,,,,,,,,,,,,,,,,,,,,,,,,,,,,0,,,,,"Rudná u Prahy, Prologis Park, Česká republika","Rudná u Prahy, Prologis Park, Česká republika"
"Rybnice, Kaznějov, BEST","Rybnice, Kaznějov, BEST","Rybnice, Kaznějov, BEST, Česká republika",ASTIP STRONG 30kVA/3kVA/3F -60 minut,ASTIP STRONG 30kVA/3kVA/3F -60 minut,Hladík 777 780 110,Hladík 777 780 110,Plzeňský,,,2025-07-03,2025-07-03,-305.0,Po termínu,červená,49.89675,13.3549,OK Mapy.com,,čeká na přesné geokódování,"rybnice, kaznějov, best, česká republika",2025-07-03,2025-07-03,-305.0,Po termínu,červená,2025-07-03 (plánovaná),"Kalendář FZ - 12 měsíců, 2023.xlsx",546,2022,,,,ASTIP STRONG 30kVA/3kVA/3F -60 minut,,,,,,,,,3/25,,,,,,,,,,,,,,,,,,,,,,,,,,,,,,,,,,,,,,,,,,,,,,,,,,,,,,,,,,,,,,,,,,,,,,,,,,,,,,,1,"Rybnice, Kaznějov, BEST",,,,"Rybnice, Kaznějov, BEST, Česká republika","Rybnice, Kaznějov, BEST, Česká republika"
"Rychnov nad Kněžnou, Dlouhá Ves 188, Bednar FMT","Rychnov nad Kněžnou, Dlouhá Ves 188, Bednar FMT","Rychnov nad Kněžnou, Dlouhá Ves 188, Bednar FMT, Česká republika",3 x UPS,3 x UPS,Grim Jan 727 956 081,Grim Jan 727 956 081,Královehradecký,,,2025-03-19,2024-09-19,-411.0,Po termínu,červená,50.16308,16.30382,OK Mapy.com,,čeká na přesné geokódování,"rychnov nad kněžnou, dlouhá ves 188, bednar fmt, česká republika",2024-09-19,2025-03-19,-411.0,Po termínu,červená,2024-09-19 (proběhlá); 2025-03-19 (plánovaná),Kalendář FZ - 6 měsíců.xlsx,316,"2020, 2019",,,Grim Jan 727 956 081,3 x UPS,"Rychnov nad Kněžnou, Dlouhá Ves 188, Bednar FMT",,,,19/25,,,,,,19/24-1x stop stav,,,,,,,,,,,,,,,,,,,,,,,,,,,,,,,,,,,,,,,,,,,,,,,,,,,,,,,,,,,,,,,,,,,,,,,,,,,,,2,,,,,"Rychnov nad Kněžnou, Dlouhá Ves 188, Bednar FMT, Česká republika","Rychnov nad Kněžnou, Dlouhá Ves 188, Bednar FMT, Česká republika"
"Rychnov nad Kněžnou, Na Drahách 1826, DPS","Rychnov nad Kněžnou, Na Drahách 1826, DPS","Rychnov nad Kněžnou, Na Drahách 1826, DPS, Česká republika","Astip PS 2000/3f-30 minut, Astip PS 3000/3f-30 minut","Astip PS 2000/3f-30 minut, Astip PS 3000/3f-30 minut",Beneš - 702 025 510,Beneš - 702 025 510,Královehradecký,,,2026-08-03,2026-02-03,91.0,Více než 60 dnů,zelená,50.16304,16.28145,OK Mapy.com,,čeká na přesné geokódování,"rychnov nad kněžnou, na drahách 1826, dps, česká republika",2026-02-03,2026-08-03,91.0,Více než 60 dnů,zelená,2026-02-03 (proběhlá); 2026-08-03 (plánovaná),Kalendář FZ - 6 měsíců.xlsx,317,2018,,,Beneš - 702 025 510,"Astip PS 2000/3f-30 minut, Astip PS 3000/3f-30 minut","Rychnov nad Kněžnou, Na Drahách 1826, DPS",,,3/26,,,,,,3/26,,,,,,,,,,,,,,,,,,,,,,,,,,,,,,,,,,,,,,,,,,,,,,,,,,,,,,,,,,,,,,,,,,,,,,,,,,,,,,2,,,,,"Rychnov nad Kněžnou, Na Drahách 1826, DPS, Česká republika","Rychnov nad Kněžnou, Na Drahách 1826, DPS, Česká republika"
"Sadská, Parker Hannifin, Poděbradská 1005","Sadská, Parker Hannifin, Poděbradská 1005","Parker Hannifin, Poděbradská 1005, Sadská, Česká republika",STRONG 20kVA/3F - 30 minut + rozváděč,STRONG 20kVA/3F - 30 minut + rozváděč,Heršálek 724 132 963,Heršálek 724 132 963,Středočeský,,,2025-12-25,2025-06-25,-130.0,Po termínu,červená,50.44686,13.42189,upraveno - znovu geokódovat,,Adresa automaticky upravena pro Mapy.com; spusť znovu geokodér.,"sadská, parker hannifin, poděbradská 1005, česká republika",2025-06-25,2025-12-25,-130.0,Po termínu,červená,2025-06-25 (proběhlá); 2025-12-25 (plánovaná),Kalendář FZ - 6 měsíců.xlsx,319,2018,ano,,Heršálek 724 132 963,STRONG 20kVA/3F - 30 minut + rozváděč,"Sadská, Parker Hannifin, Poděbradská 1005",,,,,,,25/25,,,,,,25/25,,,,,,,,,,,,,,,,,,,,,,,,,,,,,,,,,,,,,,,,,,,,,,,,,,,,,,,,,,,,,,,,,,,,,,,,,,2,,,,,"Sadská, Parker Hannifin, Poděbradská 1005, Česká republika","Parker Hannifin, Poděbradská 1005, Sadská, Česká republika"
"Sedlčany, sportovní komplex Vltavan","Sedlčany, sportovní komplex Vltavan","Sedlčany, sportovní komplex Vltavan, Česká republika",ASTIP STRONG 7500VA/3F -15 minut,ASTIP STRONG 7500VA/3F -15 minut,Kuba Chaloupecký 722 921 208,Kuba Chaloupecký 722 921 208,Středočeský,,,2026-09-25,,144.0,Více než 60 dnů,zelená,49.65471,14.42975,OK Mapy.com,,čeká na přesné geokódování,"sedlčany, sportovní komplex vltavan, česká republika",,2026-09-25,144.0,Více než 60 dnů,zelená,2026-09-25 (plánovaná),"Kalendář FZ - 12 měsíců, 2023.xlsx",548,2021,,,,ASTIP STRONG 7500VA/3F -15 minut,,,,,,,,,,,25/26,,,,,,,,,,,,,,,,,,,,,,,,,,,,,,,,,,,,,,,,,,,,,,,,,,,,,,,,,,,,,,,,,,,,,,,,,,,,,1,"Sedlčany, sportovní komplex Vltavan",,,,"Sedlčany, sportovní komplex Vltavan, Česká republika","Sedlčany, sportovní komplex Vltavan, Česká republika"
"Sedlčany, Tyršova 1401, BD Mastnik","Sedlčany, Tyršova 1401, BD Mastnik","BD Mastnik, Tyršova 1401, Sedlčany, Česká republika",ASTIP STRONG 1 000VA/1F -10 minut,ASTIP STRONG 1 000VA/1F -10 minut,Sebera 736 284 387,Sebera 736 284 387,Středočeský,,,2024-10-06,2024-10-06,-575.0,Po termínu,červená,50.20228,15.98836,upraveno - znovu geokódovat,,Adresa automaticky upravena pro Mapy.com; spusť znovu geokodér.,"sedlčany, tyršova 1401, bd mastnik, česká republika",2024-10-06,2024-10-06,-575.0,Po termínu,červená,2024-10-06 (plánovaná),"Kalendář FZ - 12 měsíců, 2023.xlsx",549,2022,ano,,,ASTIP STRONG 1 000VA/1F -10 minut,,,,,,,,,,,,6/24,,,,,,,,,,,,,,,,,,,,,,,,,,,,,,,,,,,,,,,,,,,,,,,,,,,,,,,,,,,,,,,,,,,,,,,,,,,,1,"Sedlčany, Tyršova 1401, BD Mastnik",,,,"Sedlčany, Tyršova 1401, BD Mastnik, Česká republika","BD Mastnik, Tyršova 1401, Sedlčany, Česká republika"
"Sezimovo Ústí, K Hájence 1500, DPS","Sezimovo Ústí, K Hájence 1500, DPS","Sezimovo Ústí, K Hájence 1500, DPS, Česká republika",ASTIP PS 20 000/3f-45 minut,ASTIP PS 20 000/3f-45 minut,Stejskal 725 769 860,Stejskal 725 769 860,Jihočeský,,,2026-10-28,,177.0,Více než 60 dnů,zelená,49.3791,14.70624,OK Mapy.com,,čeká na přesné geokódování,"sezimovo ústí, k hájence 1500, dps, česká republika",,2026-10-28,177.0,Více než 60 dnů,zelená,2026-10-28 (plánovaná),Kalendář FZ - 6 měsíců.xlsx,320,2018,ano,,Stejskal 725 769 860,ASTIP PS 20 000/3f-45 minut,"Sezimovo Ústí, K Hájence 1500, DPS",,,,,2826,,,,,,28/26,,,,,,,,,,,,,,,,,,,,,,,,,,,,,,,,,,,,,,,,,,,,,,,,,,,,,,,,,,,,,,,,,,,,,,,,,,,,1,,,,,"Sezimovo Ústí, K Hájence 1500, DPS, Česká republika","Sezimovo Ústí, K Hájence 1500, DPS, Česká republika"
"Slaný, Lázeňská 2036, Slánský mlýn BD","Slaný, Lázeňská 2036, Slánský mlýn BD","Slánský mlýn BD, Lázeňská 2036, Slaný, Česká republika","ASTIP STRONG 1000VA/1F-45,60 minut","ASTIP STRONG 1000VA/1F-45,60 minut","Jana Naušová 602 305 888, ULDRICH","Jana Naušová 602 305 888, ULDRICH",Středočeský,,,2027-01-22,,263.0,Více než 60 dnů,zelená,50.23509,14.10213,upraveno - znovu geokódovat,,Adresa automaticky upravena pro Mapy.com; spusť znovu geokodér.,"slaný, lázeňská 2036, slánský mlýn bd, česká republika",,2027-01-22,263.0,Více než 60 dnů,zelená,2027-01-22 (plánovaná),"Kalendář FZ - 12 měsíců, 2023.xlsx",550,2024,ano,,,"ASTIP STRONG 1000VA/1F-45,60 minut",,,22/27,,,,,,,,,,,,,,,,,,,,,,,,,,,,,,,,,,,,,,,,,,,,,,,,,,,,,,,,,,,,,,,,,,,,,,,,,,,,,,,,,,,,,1,"Slaný, Lázeňská 2036, Slánský mlýn BD",,,,"Slaný, Lázeňská 2036, Slánský mlýn BD, Česká republika","Slánský mlýn BD, Lázeňská 2036, Slaný, Česká republika"
"Slaný, Lázeňská 2037, Slánský mlýn BD","Slaný, Lázeňská 2037, Slánský mlýn BD","Slánský mlýn BD, Lázeňská 2037, Slaný, Česká republika","ASTIP STRONG 1000VA/1F-45,60 minut","ASTIP STRONG 1000VA/1F-45,60 minut","Jana Naušová 602 305 888, ULDRICH","Jana Naušová 602 305 888, ULDRICH",Středočeský,,,2026-09-09,,128.0,Více než 60 dnů,zelená,50.23501,14.1029,upraveno - znovu geokódovat,,Adresa automaticky upravena pro Mapy.com; spusť znovu geokodér.,"slaný, lázeňská 2037, slánský mlýn bd, česká republika",,2026-09-09,128.0,Více než 60 dnů,zelená,2026-09-09 (plánovaná),"Kalendář FZ - 12 měsíců, 2023.xlsx",551,2023,ano,,,"ASTIP STRONG 1000VA/1F-45,60 minut",,,,,,,,,,,9/26,,,,,,,,,,,,,,,,,,,,,,,,,,,,,,,,,,,,,,,,,,,,,,,,,,,,,,,,,,,,,,,,,,,,,,,,,,,,,1,"Slaný, Lázeňská 2037, Slánský mlýn BD",,,,"Slaný, Lázeňská 2037, Slánský mlýn BD, Česká republika","Slánský mlýn BD, Lázeňská 2037, Slaný, Česká republika"
"Slatinice, LD Balnea","Slatinice, LD Balnea","Slatinice, LD Balnea, Česká republika",Astip PS 15 000/3f – dojezd +                     PS 20 000/3f-45 minut,Astip PS 15 000/3f – dojezd +                     PS 20 000/3f-45 minut,Petr Jiříček +420 734 437 725,Petr Jiříček +420 734 437 725,Olomoucký,je tam nový zdroj 24011001,je tam nový zdroj 24011001,2027-03-27,,327.0,Více než 60 dnů,zelená,49.56237,17.09641,OK Mapy.com,,čeká na přesné geokódování,"slatinice, ld balnea, česká republika",,2027-03-27,327.0,Více než 60 dnů,zelená,2027-03-27 (plánovaná),"Kalendář FZ - 12 měsíců, 2023.xlsx",552,2021 +2024/2014 out,ano,ano,,  Astip PS 15 000/3f – dojezd +                     PS 20 000/3f-45 minut,,,,,27/27,,,,,,,,,,,,,,,,,,,,,,,,,,,,,,,,,,,,,,,,,,,,,,,,,,,,,,,,,,,,,,,,,,,,,,,,,,,,,,,,,,,1,"Slatinice, LD Balnea",,,,"Slatinice, LD Balnea, Česká republika","Slatinice, LD Balnea, Česká republika"
"Slavkov u Brna, Slovanská 758, DESTILA","Slavkov u Brna, Slovanská 758, DESTILA","Slavkov u Brna, Slovanská 758, DESTILA, Česká republika",ASTIP STRONG 5kVA/3F-10 minut,ASTIP STRONG 5kVA/3F-10 minut,Hořava 605 446 716,Hořava 605 446 716,Jihomoravský,,,2027-01-16,,257.0,Více než 60 dnů,zelená,49.15659,16.88687,OK Mapy.com,,čeká na přesné geokódování,"slavkov u brna, slovanská 758, destila, česká republika",,2027-01-16,257.0,Více než 60 dnů,zelená,2027-01-16 (plánovaná),"Kalendář FZ - 12 měsíců, 2023.xlsx",553,2024,ano,ano,,ASTIP STRONG 5kVA/3F-10 minut,,,16/27,,,,,,,,,,,,,,,,,,,,,,,,,,,,,,,,,,,,,,,,,,,,,,,,,,,,,,,,,,,,,,,,,,,,,,,,,,,,,,,,,,,,,1,"Slavkov u Brna, Slovanská 758, DESTILA",,,,"Slavkov u Brna, Slovanská 758, DESTILA, Česká republika","Slavkov u Brna, Slovanská 758, DESTILA, Česká republika"
"Slušovice, Dostihová 725, KODUS","Slušovice, Dostihová 725, KODUS","Slušovice, Dostihová 725, KODUS, Česká republika",ASTIP STRONG Liftback 68kVA/20kVA/3F -45 minut,ASTIP STRONG Liftback 68kVA/20kVA/3F -45 minut,Josef Pospíšil 608 890 044,Josef Pospíšil 608 890 044,Zlínský,,,2026-05-13,2025-11-13,9.0,7–30 dnů,oranžová,49.25043,17.79971,OK Mapy.com,,čeká na přesné geokódování,"slušovice, dostihová 725, kodus, česká republika",2025-11-13,2026-05-13,9.0,7–30 dnů,oranžová,2025-11-13 (proběhlá); 2026-05-13 (plánovaná),Kalendář FZ - 6 měsíců.xlsx,321,2023,ano,ano,Josef Pospíšil 608 890 044,ASTIP STRONG Liftback 68kVA/20kVA/3F -45 minut,"Slušovice, Dostihová 725, KODUS",,,,,,13/26,,,,,,13/25,,,,,,,,,,,,,,,,,,,,,,,,,,,,,,,,,,,,,,,,,,,,,,,,,,,,,,,,,,,,,,,,,,,,,,,,,,,2,,,,,"Slušovice, Dostihová 725, KODUS, Česká republika","Slušovice, Dostihová 725, KODUS, Česká republika"
"Sobotka, Libošovice 39, Charita","Sobotka, Libošovice 39, Charita","Sobotka, Libošovice 39, Charita, Česká republika",ASTIP STRONG 15kVA/3F -45 minut,ASTIP STRONG 15kVA/3F -45 minut,"Soňa Rytinová, DiS.,721 408 621","Soňa Rytinová, DiS.,721 408 621",,,,2026-10-21,2026-04-21,170.0,Více než 60 dnů,zelená,50.49192,15.16304,OK Mapy.com,,čeká na přesné geokódování,"sobotka, libošovice 39, charita, česká republika",2026-04-21,2026-10-21,170.0,Více než 60 dnů,zelená,2026-04-21 (proběhlá); 2026-10-21 (plánovaná),Kalendář FZ - 6 měsíců.xlsx,322,2025,ano,ano,"Soňa Rytinová, DiS.,721 408 621",ASTIP STRONG 15kVA/3F -45 minut,"Sobotka, Libošovice 39, Charita",,,,,21/26,,,,,,21/26,,,,,,,,,,,,,,,,,,,,,,,,,,,,,,,,,,,,,,,,,,,,,,,,,,,,,,,,,,,,,,,,,,,,,,,,,,,,2,,,,,"Sobotka, Libošovice 39, Charita, Česká republika","Sobotka, Libošovice 39, Charita, Česká republika"
"Sokolov, Soud v Sokolově","Sokolov, Soud v Sokolově","Sokolov, Soud v Sokolově, Česká republika",PS 7500/3f-45 minut,PS 7500/3f-45 minut,p. Dunda - 737 244 510,p. Dunda - 737 244 510,Karlovarský,,,2027-02-17,,289.0,Více než 60 dnů,zelená,50.17972,12.6462,OK Mapy.com,,čeká na přesné geokódování,"sokolov, soud v sokolově, česká republika",,2027-02-17,289.0,Více než 60 dnů,zelená,2027-02-17 (plánovaná),"Kalendář FZ - 12 měsíců, 2023.xlsx",554,2012,,,,  PS 7500/3f-45 minut,,,,17/27,,,,,,,,,,,,,,,,,,,,,,,,,,,,,,,,,,,,,,,,,,,,,,,,,,,,,,,,,,,,,,,,,,,,,,,,,,,,,,,,,,,,1,"Sokolov, Soud v Sokolově",,,,"Sokolov, Soud v Sokolově, Česká republika","Sokolov, Soud v Sokolově, Česká republika"
"Sokolovská Uhelná, Vintířov, Vřesová, SUAS zpracování odpadů","Sokolovská Uhelná, Vintířov, Vřesová, SUAS zpracování odpadů","Vintířov, Vřesová, Sokolovská Uhelná, Česká republika",PS 7500/3f-30 minut,PS 7500/3f-30 minut,"Schrack, Cachová, Nejedlý","Schrack, Cachová, Nejedlý",Karlovarský,Spojit s nečím jiným málo peněz,Spojit s nečím jiným málo peněz,2026-09-30,,149.0,Více než 60 dnů,zelená,50.23382,12.71748,upraveno - znovu geokódovat,,Adresa automaticky upravena pro Mapy.com; spusť znovu geokodér.,"sokolovská uhelná, vintířov, vřesová, suas zpracování odpadů, česká republika",,2026-09-30,149.0,Více než 60 dnů,zelená,2026-09-30 (plánovaná),"Kalendář FZ - 12 měsíců, 2023.xlsx",555,2017,,ano,,PS 7500/3f-30 minut,,,,,,,,,,,30/26,,,,,,,,,,,,,,,,,,,,,,,,,,,,,,,,,,,,,,,,,,,,,,,,,,,,,,,,,,,,,,,,,,,,,,,,,,,,,1,"Sokolovská Uhelná, Vintířov, Vřesová, SUAS zpracování odpadů",,,,"Sokolovská Uhelná, Vintířov, Vřesová, SUAS zpracování odpadů, Česká republika","Vintířov, Vřesová, Sokolovská Uhelná, Česká republika"
"Stará Boleslav, Lázeňská 61","Stará Boleslav, Lázeňská 61","Stará Boleslav, Lázeňská 61, Česká republika",LiftBack 10kVA/3f-45 min,LiftBack 10kVA/3f-45 min,Dvořáková - 775 448 099,Dvořáková - 775 448 099,Středočeský,takže zdroj demontován a končíme,takže zdroj demontován a končíme,,2025-07-03,,Bez termínu,šedá,50.19553,14.67671,OK Mapy.com,,čeká na přesné geokódování,"stará boleslav, lázeňská 61, česká republika",2025-07-03,,,Bez termínu,šedá,2025-07-03 (nezjištěno),"Kalendář FZ - 12 měsíců, 2023.xlsx",556,2017,,,,LiftBack 10kVA/3f-45 min,,,,,,,,,3/25,,,,,,,,,,,,,,,,,,,,,,,,,,,,,,,,,,,,,,,,,,,,,,,,,,,,,,,,,,,,,,,,,,,,,,,,,,,,,,,1,"Stará Boleslav, Lázeňská 61",,,Česká katolická charita,"Stará Boleslav, Lázeňská 61, Česká republika","Stará Boleslav, Lázeňská 61, Česká republika"
"Staré Město u Uh. Hradiště, Huštěnovská 2022, f. Ray Service a.s","Staré Město u Uh. Hradiště, Huštěnovská 2022, f. Ray Service a.s","Staré Město u Uh. Hradiště, Huštěnovská 2022, f. Ray Service a.s, Česká republika",STRONG 19kVA/2kVA/3F - 45 minut,STRONG 19kVA/2kVA/3F - 45 minut,Očadlík 724 051 102,Očadlík 724 051 102,Zlínský,,,2027-02-20,,292.0,Více než 60 dnů,zelená,49.0842,17.44875,OK Mapy.com,,čeká na přesné geokódování,"staré město u uh. hradiště, huštěnovská 2022, f. ray service a.s, česká republika",,2027-02-20,292.0,Více než 60 dnů,zelená,2027-02-20 (plánovaná),"Kalendář FZ - 12 měsíců, 2023.xlsx",557,2023,,,,STRONG 19kVA/2kVA/3F - 45 minut,,,,20/27,,,,,,,,,,,,,,,,,,,,,,,,,,,,,,,,,,,,,,,,,,,,,,,,,,,,,,,,,,,,,,,,,,,,,,,,,,,,,,,,,,,,1,"Staré Město u Uh. Hradiště, Huštěnovská 2022, f. Ray Service a.s",,,,"Staré Město u Uh. Hradiště, Huštěnovská 2022, f. Ray Service a.s, Česká republika","Staré Město u Uh. Hradiště, Huštěnovská 2022, f. Ray Service a.s, Česká republika"
"Strakonice, BD Na Ohradě 108","Strakonice, BD Na Ohradě 108","BD Na Ohradě 108, BD Na Ohradě 108, Česká republika",ASTIP STRONG 10kVA/3F -30 minut,ASTIP STRONG 10kVA/3F -30 minut,Martínek 724 382 777,Martínek 724 382 777,Jihočeský,,,2023-01-20,2023-01-20,-1200.0,Po termínu,červená,49.26141,13.90237,OK final,,"Dotaz zjednodušen na ulici/číslo + město + ČR/SR, bez názvů objektů.","strakonice, bd na ohradě 108, česká republika",2023-01-20,2023-01-20,-1200.0,Po termínu,červená,2023-01-20 (plánovaná),"Kalendář FZ - 12 měsíců, 2023.xlsx",558,2019,,,,ASTIP STRONG 10kVA/3F -30 minut,,,20/23,,,,,,,,,,,,,,,,,,,,,,,,,,,,,,,,,,,,,,,,,,,,,,,,,,,,,,,,,,,,,,,,,,,,,,,,,,,,,,,,,,,,,1,"Strakonice, BD Na Ohradě 108",,,,"Strakonice, BD Na Ohradě 108, Česká republika","BD Na Ohradě 108, Strakonice, Česká republika"
"Strážný, Strážný 115 - Free One Shop","Strážný, Strážný 115 - Free One Shop","Strážný, Strážný 115, Free One Shop, Česká republika",STRONG 2000/1F -30 minut,STRONG 2000/1F -30 minut,Machnik 775 98 140,Machnik 775 98 140,Jihočeský,,,2025-07-08,2025-07-08,-300.0,Po termínu,červená,48.90678,13.72509,OK Mapy.com,,čeká na přesné geokódování,"strážný, strážný 115, free one shop, česká republika",2025-07-08,2025-07-08,-300.0,Po termínu,červená,2025-07-08 (plánovaná),"Kalendář FZ - 12 měsíců, 2023.xlsx",559,2017,,,,STRONG 2000/1F -30 minut,,,,,,,,,8/25,,,,,,,,,,,,,,,,,,,,,,,,,,,,,,,,,,,,,,,,,,,,,,,,,,,,,,,,,,,,,,,,,,,,,,,,,,,,,,,1,"Strážný, Strážný 115 - Free One Shop",,,,"Strážný, Strážný 115, Free One Shop, Česká republika","Strážný, Strážný 115, Free One Shop, Česká republika"
"Studnice 23, Studnice u Rokytna, BD","Studnice 23, Studnice u Rokytna, BD","Studnice u Rokytna, BD, Studnice 23, Česká republika","ASTIP PS 
3 000VA/1F 30 minut,","ASTIP PS 
3 000VA/1F 30 minut,",Jiří Mudroch 777 259 577,Jiří Mudroch 777 259 577,Jihomoravský,2024-dovézt 12Ah pomocku,2024-dovézt 12Ah pomocku,2024-04-27,2024-04-27,-737.0,Po termínu,červená,49.73796,15.90291,upraveno - znovu geokódovat,,Adresa automaticky upravena pro Mapy.com; spusť znovu geokodér.,"studnice 23, studnice u rokytna, bd, česká republika",2024-04-27,2024-04-27,-737.0,Po termínu,červená,2024-04-27 (plánovaná),"Kalendář FZ - 12 měsíců, 2023.xlsx",560,2020,,,,"ASTIP PS 
3 000VA/1F 30 minut,",,,,,,27/24,,,,,,,,,,,,,,,,,,,,,,,,,,,,,,,,,,,,,,,,,,,,,,,,,,,,,,,,,,,,,,,,,,,,,,,,,,,,,,,,,,1,"Studnice 23, Studnice u Rokytna, BD",,,,"Studnice 23, Studnice u Rokytna, BD, Česká republika","Studnice u Rokytna, BD, Studnice 23, Česká republika"
"Stěžery,Lipová 32, ZŠ a MŠ","Stěžery,Lipová 32, ZŠ a MŠ","Stěžery, Lipová 32, ZŠ a MŠ, Česká republika",STRONG 1 000VA/1F -10 minut,STRONG 1 000VA/1F -10 minut,Pvlíčková 604 796 966,Pvlíčková 604 796 966,Královehradecký,,,2026-08-17,2026-02-17,105.0,Více než 60 dnů,zelená,50.21534,15.74946,OK Mapy.com,,čeká na přesné geokódování,"stěžery, lipová 32, zš a mš, česká republika",2026-02-17,2026-08-17,105.0,Více než 60 dnů,zelená,2026-02-17 (proběhlá); 2026-08-17 (plánovaná),Kalendář FZ - 6 měsíců.xlsx,323,2019,,,Pvlíčková 604 796 966,STRONG 1 000VA/1F -10 minut,"Stěžery,Lipová 32, ZŠ a MŠ",,,17/26,,,,,,17/26,,,,,,,,,,,,,,,,,,,,,,,,,,,,,,,,,,,,,,,,,,,,,,,,,,,,,,,,,,,,,,,,,,,,,,,,,,,,,,2,,,,,"Stěžery, Lipová 32, ZŠ a MŠ, Česká republika","Stěžery, Lipová 32, ZŠ a MŠ, Česká republika"
"Střelice, Tetčická 31169","Střelice, Tetčická 31169","Střelice, Tetčická 31169, Česká republika",Astip PS 20kVA/3f-45 minut,Astip PS 20kVA/3f-45 minut,"Voštěra 607 192 347-nemocný, volat 547 422 816","Voštěra 607 192 347-nemocný, volat 547 422 816",Jihomoravský,,,2026-04-02,2026-04-02,-32.0,Po termínu,červená,49.15294,16.47435,OK Mapy.com,,čeká na přesné geokódování,"střelice, tetčická 31169, česká republika",2026-04-02,2026-04-02,-32.0,Po termínu,červená,2026-04-02 (plánovaná),Kalendář FZ - 6 měsíců.xlsx,324,2016,,ano,"Voštěra 607 192 347-nemocný, volat 547 422 816",Astip PS 20kVA/3f-45 minut,"Střelice, Tetčická 31169",,,,,2/26,,,,,,,,,,,,,,,,,,,,,,,,,,,,,,,,,,,,,,,,,,,,,,,,,,,,,,,,,,,,,,,,,,,,,,,,,,,,,,,,,,1,,,,,"Střelice, Tetčická 31169, Česká republika","Střelice, Tetčická 31169, Česká republika"
"Stříbro, Revoluční 1011, DPS","Stříbro, Revoluční 1011, DPS","Stříbro, Revoluční 1011, DPS, Česká republika",ASTIP STRONG 40kVA/3F-45 minut,ASTIP STRONG 40kVA/3F-45 minut,Jan Holubec +420 778 887 015,Jan Holubec +420 778 887 015,,,,2026-05-06,2025-11-06,2.0,Méně než 7 dnů,červená,49.75679,12.99279,OK Mapy.com,,čeká na přesné geokódování,"stříbro, revoluční 1011, dps, česká republika",2025-11-06,2026-05-06,2.0,Méně než 7 dnů,červená,2025-11-06 (proběhlá); 2026-05-06 (plánovaná),Kalendář FZ - 6 měsíců.xlsx,325,2025,,,Jan Holubec +420 778 887 015,ASTIP STRONG 40kVA/3F-45 minut,"Stříbro, Revoluční 1011, DPS",,,,,,6/26,,,,,,6/25,,,,,,,,,,,,,,,,,,,,,,,,,,,,,,,,,,,,,,,,,,,,,,,,,,,,,,,,,,,,,,,,,,,,,,,,,,,2,,,,,"Stříbro, Revoluční 1011, DPS, Česká republika","Stříbro, Revoluční 1011, DPS, Česká republika"
"Sušice, Pod Svatoborem 56","Sušice, Pod Svatoborem 56","Sušice, Pod Svatoborem 56, Česká republika",PS 15 000/3f -45 minut,PS 15 000/3f -45 minut,Ronová - 602585967,Ronová - 602585967,Plzeňský,,,2026-07-19,2026-01-19,76.0,Více než 60 dnů,zelená,49.23079,13.51545,OK Mapy.com,,čeká na přesné geokódování,"sušice, pod svatoborem 56, česká republika",2026-01-19,2026-07-19,76.0,Více než 60 dnů,zelená,2026-01-19 (proběhlá); 2026-07-19 (plánovaná),Kalendář FZ - 6 měsíců.xlsx,326,2019,ano,,Ronová - 602585967,PS 15 000/3f -45 minut,"Sušice, Pod Svatoborem 56",,19/26,,,,,,19/26,,,,,,,14200,,,,,,,,,,,,,,,,,,,,,,,,,,,,,,,,,,,,,,,,,,,,,,,,,,,,,,,,,,,,,,,,,,,,,,,,2,,,,,"Sušice, Pod Svatoborem 56, Česká republika","Sušice, Pod Svatoborem 56, Česká republika"
"Světlá nad Sázavou, Rozkoš 990, Věznice","Světlá nad Sázavou, Rozkoš 990, Věznice","Světlá nad Sázavou, Rozkoš 990, Věznice, Česká republika",ASTIP STRONG 10/2kVA/1F-15 minut,ASTIP STRONG 10/2kVA/1F-15 minut,Sýkora 601 075 564,Sýkora 601 075 564,,,,2026-09-10,2026-03-10,129.0,Více než 60 dnů,zelená,49.67087,15.39152,OK Mapy.com,,čeká na přesné geokódování,"světlá nad sázavou, rozkoš 990, věznice, česká republika",2026-03-10,2026-09-10,129.0,Více než 60 dnů,zelená,2026-03-10 (proběhlá); 2026-09-10 (plánovaná),Kalendář FZ - 6 měsíců.xlsx,327,2021,,,Sýkora 601 075 564,ASTIP STRONG 10/2kVA/1F-15 minut,"Světlá nad Sázavou, Rozkoš 990, Věznice",,,,10/26,,,,,,10/26,,,,,,,,,,,,,,,,,,,,,,,,,,,,,,,,,,,,,,,,,,,,,,,,,,,,,,,,,,,,,,,,,,,,,,,,,,,,,2,,,,,"Světlá nad Sázavou, Rozkoš 990, Věznice, Česká republika","Světlá nad Sázavou, Rozkoš 990, Věznice, Česká republika"
"Telč, Tyršova 157, zimní stadion","Telč, Tyršova 157, zimní stadion","Telč, Tyršova 157, zimní stadion, Česká republika",15 kVA/3F -20 minut,15 kVA/3F -20 minut,Marek Schmaus - tel.: 724 754 896,Marek Schmaus - tel.: 724 754 896,Vysočina,"18.6.2024-posílám aktualizovanou cenovku, cca do měsíce by se mělo vědět, chtějí to rozhodně dělat…tak musíme čekat..hldají si to, řeší se tam","18.6.2024-posílám aktualizovanou cenovku, cca do měsíce by se mělo vědět, chtějí to rozhodně dělat…tak musíme čekat..hldají si to, řeší se tam",2024-11-27,2024-11-27,-523.0,Po termínu,červená,49.70797,14.891,OK Mapy.com,,čeká na přesné geokódování,"telč, tyršova 157, zimní stadion, česká republika",2024-11-27,2024-11-27,-523.0,Po termínu,červená,2024-11-27 (plánovaná),Kalendář FZ - 6 měsíců.xlsx,332,2015,ano,,Marek Schmaus - tel.: 724 754 896,15 kVA/3F -20 minut,"Telč, Tyršova 157, zimní stadion",,,,,,,,,,,,27/24,,,9200,H+H technika,H+H technika,,,,,,,,,,,,,,,,,,,,,,,,,,,,,,,,,,,,,,,,,,,,,,,,,,,,,,,,,,,,,,,,,,,,,,1,,,,,"Telč, Tyršova 157, zimní stadion, Česká republika","Telč, Tyršova 157, zimní stadion, Česká republika"
"Teplice, Krupka - Mercor","Teplice, Krupka - Mercor","Teplice, Krupka, Mercor, Česká republika","R-SOZ 1-7, R-SOZ 8-13","R-SOZ 1-7, R-SOZ 8-13",,,Ústecký,za oba rozváděče,za oba rozváděče,2020-03-08,2020-03-08,-2248.0,Po termínu,červená,50.68449,13.85815,OK Mapy.com,,čeká na přesné geokódování,"teplice, krupka, mercor, česká republika",2020-03-08,2020-03-08,-2248.0,Po termínu,červená,2020-03-08 (plánovaná),"Kalendář FZ - 12 měsíců, 2023.xlsx",567,bez,,,,"R-SOZ 1-7, R-SOZ 8-13",,,,,8/20,,,,,,,,,,,,,,,,,,,,,,,,,,,,,,,,,,,,,,,,,,,,,,,,,,,,,,,,,,,,,,,,,,,,,,,,,,,,,,,,,,,1,"Teplice, Krupka - Mercor",,18000,,"Teplice, Krupka, Mercor, Česká republika","Teplice, Krupka, Mercor, Česká republika"
"Teplice, nám. Svobody 3316, OC Teplice","Teplice, nám. Svobody 3316, OC Teplice","Teplice, nám. Svobody 3316, OC Teplice, Česká republika",Astip Ps Liftback 20kVA/3F-sjezd,Astip Ps Liftback 20kVA/3F-sjezd,Lukáš Čepelka 724 738 130,Lukáš Čepelka 724 738 130,Ústecký,,,2026-12-16,,226.0,Více než 60 dnů,zelená,50.63954,13.82403,OK Mapy.com,,čeká na přesné geokódování,"teplice, nám. svobody 3316, oc teplice, česká republika",,2026-12-16,226.0,Více než 60 dnů,zelená,2026-12-16 (plánovaná),"Kalendář FZ - 12 měsíců, 2023.xlsx",568,2025,ano,,,Astip Ps Liftback 20kVA/3F-sjezd,,,,,,,,,,,,,,16/26,,,,,,,,,,,,,,,,,,,,,,,,,,,,,,,,,,,,,,,,,,,,,,,,,,,,,,,,,,,,,,,,,,,,,,,,,,1,"Teplice, nám. Svobody 3316, OC Teplice",,,,"Teplice, nám. Svobody 3316, OC Teplice, Česká republika","Teplice, nám. Svobody 3316, OC Teplice, Česká republika"
"Tetín, KC Svaté Ludmily","Tetín, KC Svaté Ludmily","Tetín, KC Svaté Ludmily, Česká republika","ASTIP STRONG 2 000VA/3F -30 minut,","ASTIP STRONG 2 000VA/3F -30 minut,",Ing. Kateřina Ostatnická 603 406 718,Ing. Kateřina Ostatnická 603 406 718,Středočeský,,,2025-06-10,2024-12-10,-328.0,Po termínu,červená,49.94932,14.10225,OK Mapy.com,,čeká na přesné geokódování,"tetín, kc svaté ludmily, česká republika",2024-12-10,2025-06-10,-328.0,Po termínu,červená,2024-12-10 (proběhlá); 2025-06-10 (plánovaná),Kalendář FZ - 6 měsíců.xlsx,333,2020,,,Ing. Kateřina Ostatnická 603 406 718,"ASTIP STRONG 2 000VA/3F -30 minut,","Tetín, KC Svaté Ludmily",,,,,,,10/25,,,,,,10/24,,,,,,,,,,,,,,,,,,,,,,,,,,,,,,,,,,,,,,,,,,,,,,,,,,,,,,,,,,,,,,,,,,,,,,,,,,2,,,,,"Tetín, KC Svaté Ludmily, Česká republika","Tetín, KC Svaté Ludmily, Česká republika"
"Tmaň, Prof. Krbce 300, DPS","Tmaň, Prof. Krbce 300, DPS","Tmaň, Prof. Krbce 300, DPS, Česká republika",ASTIP STRONG 86kVA/40kVA/3F-45 minut,ASTIP STRONG 86kVA/40kVA/3F-45 minut,Šimonová 797 668 313,Šimonová 797 668 313,,,,2026-09-03,2026-03-03,122.0,Více než 60 dnů,zelená,49.90331,14.03691,OK Mapy.com,,čeká na přesné geokódování,"tmaň, prof. krbce 300, dps, česká republika",2026-03-03,2026-09-03,122.0,Více než 60 dnů,zelená,2026-03-03 (proběhlá); 2026-09-03 (plánovaná),Kalendář FZ - 6 měsíců.xlsx,334,2023,,,Šimonová 797 668 313,ASTIP STRONG 86kVA/40kVA/3F-45 minut,"Tmaň, Prof. Krbce 300, DPS",,,,3/26,,,,,,3/26,,,,,,,,,,,,,,,,,,,,,,,,,,,,,,,,,,,,,,,,,,,,,,,,,,,,,,,,,,,,,,,,,,,,,,,,,,,,,2,,,,,"Tmaň, Prof. Krbce 300, DPS, Česká republika","Tmaň, Prof. Krbce 300, DPS, Česká republika"
"Topoľčany (SK), Hviezdoslavova 66, ZSS Moj Domov","Topoľčany (SK), Hviezdoslavova 66, ZSS Moj Domov","ZSS Moj Domov, Hviezdoslavova 66, Topoľčany (SK), Slovensko",2 x ASTIP PS 15kVA/3F -45 minut,2 x ASTIP PS 15kVA/3F -45 minut,"Lieskovský, +421 608296739","Lieskovský, +421 608296739",Slovensko,,,2023-11-29,2023-11-29,-887.0,Po termínu,červená,48.71241,17.79545,upraveno - znovu geokódovat,,Adresa automaticky upravena pro Mapy.com; spusť znovu geokodér.,"topoľčany (sk), hviezdoslavova 66, zss moj domov, slovensko",2023-11-29,2023-11-29,-887.0,Po termínu,červená,2023-11-29 (plánovaná),"Kalendář FZ - 12 měsíců, 2023.xlsx",569,,,,,2 x ASTIP PS 15kVA/3F -45 minut,,,,,,,,,,,,,29/23,,,,,,,,,,,,,,,,,,,,,,,,,,,,,,,,,,,,,,,,,,,,,,,,,,,,,,,,,,,,,,,,,,,,,,,,,,,1,"Topoľčany (SK), Hviezdoslavova 66, ZSS Moj Domov",,,,"Topoľčany (SK), Hviezdoslavova 66, ZSS Moj Domov, Slovensko","ZSS Moj Domov, Hviezdoslavova 66, Topoľčany (SK), Slovensko"
"Topoľčany (SK), OC Benátky","Topoľčany (SK), OC Benátky","Topoľčany (SK), OC Benátky, Slovensko",ASTIP PS 4000/3f-30 minut + RPO,ASTIP PS 4000/3f-30 minut + RPO,Kubáček 724 716 506,Kubáček 724 716 506,Slovensko,20/22 -vzít s sebou zelenou LED,20/22 -vzít s sebou zelenou LED,2026-09-18,,137.0,Více než 60 dnů,zelená,48.55596,18.18106,OK Mapy.com,,čeká na přesné geokódování,"topoľčany (sk), oc benátky, slovensko",,2026-09-18,137.0,Více než 60 dnů,zelená,2026-09-18 (plánovaná),"Kalendář FZ - 12 měsíců, 2023.xlsx",570,2016,,,,ASTIP PS 4000/3f-30 minut + RPO,,,,,,,,,,,18/26,,,,,,,,,,,,,,,,,,,,,,,,,,,,,,,,,,,,,,,,,,,,,,,,,,,,,,,,,,,,,,,,,,,,,,,,,,,,,1,"Topoľčany (SK), OC Benátky",,,,"Topoľčany (SK), OC Benátky, Slovensko","Topoľčany (SK), OC Benátky, Slovensko"
Trebišov (SK),Trebišov (SK),"Trebišov (SK), Slovensko",Rectifier 15kVA/3f-2 hodiny,Rectifier 15kVA/3f-2 hodiny,,,Slovensko,Nechtějí FZ,Nechtějí FZ,,,,Bez termínu,šedá,48.62862,21.72017,OK Mapy.com,,čeká na přesné geokódování,"trebišov (sk), slovensko",,,,Bez termínu,šedá,,Kalendář FZ - 6 měsíců.xlsx,335,2016,,,,  Rectifier 15kVA/3f-2 hodiny,Trebišov (SK),,,,,,,,,,,,,,,,,,,,,,,,,,,,,,,,,,,,,,,,,,,,,,,,,,,,,,,,,,,,,,,,,,,,,,,,,,,,,,,,,,,,,,,0,,,,,"Trebišov (SK), Slovensko","Trebišov (SK), Slovensko"
"Trenčín, Jaselská 2, veřejná knihovna","Trenčín, Jaselská 2, veřejná knihovna","veřejná knihovna, Jaselská 2, Trenčín, Slovensko",ASTIP PS Liftback 10 000/3F - 45 minut,ASTIP PS Liftback 10 000/3F - 45 minut,Buday +421 48208625,Buday +421 48208625,Slovensko,12.3.2025 - posílámna  j.kocis@zeva.sk 28.6.2024 - poslán dotaz na pana budaye,12.3.2025 - posílámna  j.kocis@zeva.sk 28.6.2024 - poslán dotaz na pana budaye,2023-08-08,2023-08-08,-1000.0,Po termínu,červená,50.16571,14.76431,upraveno - znovu geokódovat,,Adresa automaticky upravena pro Mapy.com; spusť znovu geokodér.,"trenčín, jaselská 2, veřejná knihovna, slovensko",2023-08-08,2023-08-08,-1000.0,Po termínu,červená,2023-08-08 (plánovaná),"Kalendář FZ - 12 měsíců, 2023.xlsx",571,2019,,,,ASTIP PS Liftback 10 000/3F - 45 minut,,,,,,,,,,8/23,,,,,,,,,,,,,,,,,,,,,,,,,,,,,,,,,,,,,,,,,,,,,,,,,,,,,,,,,,,,,,,,,,,,,,,,,,,,,,1,"Trenčín, Jaselská 2, veřejná knihovna",,,,"Trenčín, Jaselská 2, veřejná knihovna, Slovensko","veřejná knihovna, Jaselská 2, Trenčín, Slovensko"
"Trmava, Včelárska 9-16","Trmava, Včelárska 9-16","Trmava, Včelárska 9-16, Slovensko",ASTIP STRONG 120kVA/30kVA/3F-60 minut,ASTIP STRONG 120kVA/30kVA/3F-60 minut,Bc.Ľubomír Galáš  Tel: 0905 646 997,Bc.Ľubomír Galáš  Tel: 0905 646 997,Slovensko,,,2027-03-17,,317.0,Více než 60 dnů,zelená,48.37512,17.60767,OK Mapy.com,,čeká na přesné geokódování,"trmava, včelárska 9-16, slovensko",,2027-03-17,317.0,Více než 60 dnů,zelená,2027-03-17 (plánovaná),"Kalendář FZ - 12 měsíců, 2023.xlsx",577,2026,,,,ASTIP STRONG 120kVA/30kVA/3F-60 minut,,,,,17/27,,,,,,,,,,,,,,,,,,,,,,,,,,,,,,,,,,,,,,,,,,,,,,,,,,,,,,,,,,,,,,,,,,,,,,,,,,,,,,,,,,,1,"Trmava, Včelárska 9-16",,,,"Trmava, Včelárska 9-16, Slovensko","Trmava, Včelárska 9-16, Slovensko"
"Trnava u Zlína, Trnava 242, ZŠ a MŠ","Trnava u Zlína, Trnava 242, ZŠ a MŠ","ZŠ a MŠ, Trnava 242, Trnava u Zlína, Česká republika",STRONG 15kVA/3F -30 minut,STRONG 15kVA/3F -30 minut,"Gabrhelík 603 100 911, Štěpaník 602 511 491","Gabrhelík 603 100 911, Štěpaník 602 511 491",Zlínský,"2025 -nový pajšl, v.č. 25012301","2025 -nový pajšl, v.č. 25012301",2026-03-25,2025-09-25,-40.0,Po termínu,červená,49.25126,15.93063,upraveno - znovu geokódovat,,Adresa automaticky upravena pro Mapy.com; spusť znovu geokodér.,"trnava u zlína, trnava 242, zš a mš, česká republika",2025-09-25,2026-03-25,-40.0,Po termínu,červená,2025-09-25 (proběhlá); 2026-03-25 (plánovaná),Kalendář FZ - 6 měsíců.xlsx,336,"2019, nově 2025",,,"Gabrhelík 603 100 911, Štěpaník 602 511 491",STRONG 15kVA/3F -30 minut,"Trnava u Zlína, Trnava 242, ZŠ a MŠ",,,,25/26,,,,,,25/25,,,,,,,,,,,,,,,,,,,,,,,,,,,,,,,,,,,,,,,,,,,,,,,,,,,,,,,,,,,,,,,,,,,,,,,,,,,,,2,,,,,"Trnava u Zlína, Trnava 242, ZŠ a MŠ, Česká republika","ZŠ a MŠ, Trnava 242, Trnava u Zlína, Česká republika"
"Trnava, Včelárska 2","Trnava, Včelárska 2","Trnava, Včelárska 2, Slovensko",ASTIP STRONG 147kVA/30kVA/3F-60 minut,ASTIP STRONG 147kVA/30kVA/3F-60 minut,Bc.Ľubomír Galáš  Tel: 0905 646 997,Bc.Ľubomír Galáš  Tel: 0905 646 997,Slovensko,,,2027-01-13,,254.0,Více než 60 dnů,zelená,48.37489,17.6063,OK Mapy.com,,čeká na přesné geokódování,"trnava, včelárska 2, slovensko",,2027-01-13,254.0,Více než 60 dnů,zelená,2027-01-13 (plánovaná),"Kalendář FZ - 12 měsíců, 2023.xlsx",576,2023,ano,ano,,ASTIP STRONG 147kVA/30kVA/3F-60 minut,,,13/27,,,,,,,,,,,,,,,,,,,,,,,,,,,,,,,,,,,,,,,,,,,,,,,,,,,,,,,,,,,,,,,,,,,,,,,,,,,,,,,,,,,,,1,"Trnava, Včelárska 2",,,,"Trnava, Včelárska 2, Slovensko","Trnava, Včelárska 2, Slovensko"
"Turnov, Granátová 1897","Turnov, Granátová 1897","Turnov, Granátová 1897, Česká republika",PS 7500/3f-45 minut,PS 7500/3f-45 minut,"Krédlová 731 450 247, údržba 773 158 109","Krédlová 731 450 247, údržba 773 158 109",Liberecký,,,2026-08-24,2026-02-24,112.0,Více než 60 dnů,zelená,50.5803,15.15829,OK Mapy.com,,čeká na přesné geokódování,"turnov, granátová 1897, česká republika",2026-02-24,2026-08-24,112.0,Více než 60 dnů,zelená,2026-02-24 (proběhlá); 2026-08-24 (plánovaná),Kalendář FZ - 6 měsíců.xlsx,340,2016,ano,,"Krédlová 731 450 247, údržba 773 158 109",  PS 7500/3f-45 minut,"Turnov, Granátová 1897",,,24/26,,,,,,24/26,,,,,,,,,,,,,,,,,,,,,,,,,,,,,,,,,,,,,,,,,,,,,,,,,,,,,,,,,,,,,,,,,,,,,,,,,,,,,,2,,,,,"Turnov, Granátová 1897, Česká republika","Turnov, Granátová 1897, Česká republika"
"Turnov, Jana Palacha, zimní stadion","Turnov, Jana Palacha, zimní stadion","Turnov, Jana Palacha, zimní stadion, Česká republika",PS 10kVA/3f-15 minut,PS 10kVA/3f-15 minut,Mikeš - 775 646 487,Mikeš - 775 646 487,Liberecký,"tak mají tam už jiné zařízení - 28.6.2024 - mikeš neber telefony, píšu mu maila…","tak mají tam už jiné zařízení - 28.6.2024 - mikeš neber telefony, píšu mu maila…",,2023-12-07,,Bez termínu,šedá,50.58385,15.15566,OK Mapy.com,,čeká na přesné geokódování,"turnov, jana palacha, zimní stadion, česká republika",2023-12-07,,,Bez termínu,šedá,2023-12-07 (nezjištěno),"Kalendář FZ - 12 měsíců, 2023.xlsx",578,2015,,,,PS 10kVA/3f-15 minut,,,,,,,,,,,,,,7/23,,,,,,,,,,,,,,,,,,,,,,,,,,,,,,,,,,,,,,,,,,,,,,,,,,,,,,,,,,,,,,,,,,,,,,,,,,1,"Turnov, Jana Palacha, zimní stadion",,,,"Turnov, Jana Palacha, zimní stadion, Česká republika","Turnov, Jana Palacha, zimní stadion, Česká republika"
"Tábor, Chýnovská 3049, ALBERT","Tábor, Chýnovská 3049, ALBERT","Tábor, Chýnovská 3049, ALBERT, Česká republika",ASTIP STRONG 20kVA/3F-15 minut,ASTIP STRONG 20kVA/3F-15 minut,"Josef Mařík,  +420 727911708","Josef Mařík,  +420 727911708",Jihočeský,,,2027-07-19,2026-01-19,441.0,Více než 60 dnů,zelená,49.40852,14.68727,OK Mapy.com,,čeká na přesné geokódování,"tábor, chýnovská 3049, albert, česká republika",2026-01-19,2027-07-19,441.0,Více než 60 dnů,zelená,2026-01-19 (proběhlá); 2027-07-19 (plánovaná),Kalendář FZ - 6 měsíců.xlsx,331,2020,,,"Josef Mařík,  +420 727911708 ", ASTIP STRONG 20kVA/3F-15 minut,"Tábor, Chýnovská 3049, ALBERT",,19/26,,,,,,19/27,,,,,,,,,,,,,,,,,,,,,,,,,,,,,,,,,,,,,,,,,,,,,,,,,,,,,,,,,,,,,,,,,,,,,,,,,,,,,,,2,,,,,"Tábor, Chýnovská 3049, ALBERT, Česká republika","Tábor, Chýnovská 3049, ALBERT, Česká republika"
"Třebíč, Hasskova 102/2, městská knihovna","Třebíč, Hasskova 102/2, městská knihovna","Třebíč, Hasskova 102/2, městská knihovna, Česká republika",STRONG 45kVA/15kVA/3F-45 min.,STRONG 45kVA/15kVA/3F-45 min.,Dočkalová 728 239 672,Dočkalová 728 239 672,Vysočina,,,2026-07-15,2026-01-15,72.0,Více než 60 dnů,zelená,49.21535,15.8785,OK Mapy.com,,čeká na přesné geokódování,"třebíč, hasskova 102/2, městská knihovna, česká republika",2026-01-15,2026-07-15,72.0,Více než 60 dnů,zelená,2026-01-15 (proběhlá); 2026-07-15 (plánovaná),Kalendář FZ - 6 měsíců.xlsx,337,2021,,,Dočkalová 728 239 672,STRONG 45kVA/15kVA/3F-45 min.,"Třebíč, Hasskova 102/2, městská knihovna",,15/26,,,,,,15/26-vyměnit pomocku,,,,,,,,,,,,,,,,,,,,,,,,,,,,,,,,,,,,,,,,,,,,,,,,,,,,,,,,,,,,,,,,,,,,,,,,,,,,,,,2,,,,,"Třebíč, Hasskova 102/2, městská knihovna, Česká republika","Třebíč, Hasskova 102/2, městská knihovna, Česká republika"
"Třebíč, Karlovo nám. 31 , Měšťanský dům","Třebíč, Karlovo nám. 31 , Měšťanský dům","Měšťanský dům, Karlovo nám. 31, Třebíč, Česká republika",ASTIP PS 10kVA/3f-20 minut,ASTIP PS 10kVA/3f-20 minut,"Technici
568 838 117","Technici
568 838 117",Vysočina,,,2026-09-09,,128.0,Více než 60 dnů,zelená,49.21601,15.88265,upraveno - znovu geokódovat,,Adresa automaticky upravena pro Mapy.com; spusť znovu geokodér.,"třebíč, karlovo nám. 31, měšťanský dům, česká republika",,2026-09-09,128.0,Více než 60 dnů,zelená,2026-09-09 (plánovaná),"Kalendář FZ - 12 měsíců, 2023.xlsx",572,2022,,,,ASTIP PS 10kVA/3f-20 minut,,,,,,,,,,,9/26,,,,,,,,,,,,,,,,,,,,,,,,,,,,,,,,,,,,,,,,,,,,,,,,,,,,,,,,,,,,,,,,,,,,,,,,,,,,,1,"Třebíč, Karlovo nám. 31 , Měšťanský dům",,,,"Třebíč, Karlovo nám. 31, Měšťanský dům, Česká republika","Měšťanský dům, Karlovo nám. 31, Třebíč, Česká republika"
"Třebíč, Kremláčkova 455","Třebíč, Kremláčkova 455","Třebíč, Kremláčkova 455, Česká republika",STRONG 2000/1f - 10min.,STRONG 2000/1f - 10min.,Jiří Drašar 568 838 111,Jiří Drašar 568 838 111,Vysočina,,,2025-05-29,2025-05-29,-340.0,Po termínu,červená,49.21796,15.90707,OK Mapy.com,,čeká na přesné geokódování,"třebíč, kremláčkova 455, česká republika",2025-05-29,2025-05-29,-340.0,Po termínu,červená,2025-05-29 (plánovaná),"Kalendář FZ - 12 měsíců, 2023.xlsx",574,2019,,,,STRONG 2000/1f - 10min.,,,,,,,29/25,,,,,,,,,,,,,,,,,,,,,,,,,,,,,,,,,,,,,,,,,,,,,,,,,,,,,,,,,,,,,,,,,,,,,,,,,,,,,,,,,1,"Třebíč, Kremláčkova 455",,,,"Třebíč, Kremláčkova 455, Česká republika","Třebíč, Kremláčkova 455, Česká republika"
"Třebíč, Labyrint, Nad Zámkem 1174","Třebíč, Labyrint, Nad Zámkem 1174","Třebíč, Labyrint, Nad Zámkem 1174, Česká republika",ASTIP PS 1000/3F -10 minut,ASTIP PS 1000/3F -10 minut,"Korec 777 184 475, Novák 724 461 085, Svoboda 724 383 683","Korec 777 184 475, Novák 724 461 085, Svoboda 724 383 683",Vysočina,,,2026-08-25,2026-02-25,113.0,Více než 60 dnů,zelená,49.21749,15.87149,OK Mapy.com,,čeká na přesné geokódování,"třebíč, labyrint, nad zámkem 1174, česká republika",2026-02-25,2026-08-25,113.0,Více než 60 dnů,zelená,2026-02-25 (proběhlá); 2026-08-25 (plánovaná),Kalendář FZ - 6 měsíců.xlsx,338,2017,,,"Korec 777 184 475, Novák 724 461 085, Svoboda 724 383 683",ASTIP PS 1000/3F -10 minut,"Třebíč, Labyrint, Nad Zámkem 1174",,,25/26,,,,,,25/26,,,,,,,,,,,,,,,,,,,,,,,,,,,,,,,,,,,,,,,,,,,,,,,,,,,,,,,,,,,,,,,,,,,,,,,,,,,,,,2,,,,,"Třebíč, Labyrint, Nad Zámkem 1174, Česká republika","Třebíč, Labyrint, Nad Zámkem 1174, Česká republika"
"Třebíč, Polanka 1103/8, BD","Třebíč, Polanka 1103/8, BD","BD, Polanka 1103/8, Třebíč, Česká republika",ASTIP STRONG 1000VA/1F -10 minut,ASTIP STRONG 1000VA/1F -10 minut,pí. Sochorová 721 570 624,pí. Sochorová 721 570 624,Vysočina,,,2027-03-04,,304.0,Více než 60 dnů,zelená,49.21439,15.87054,upraveno - znovu geokódovat,,Adresa automaticky upravena pro Mapy.com; spusť znovu geokodér.,"třebíč, polanka 1103/8, bd, česká republika",,2027-03-04,304.0,Více než 60 dnů,zelená,2027-03-04 (plánovaná),"Kalendář FZ - 12 měsíců, 2023.xlsx",575,2021,,,,ASTIP STRONG 1000VA/1F -10 minut,,,,,4/27,,,,,,,,,,,,,,,,,,,,,,,,,,,,,,,,,,,,,,,,,,,,,,,,,,,,,,,,,,,,,,,,,,,,,,,,,,,,,,,,,,,1,"Třebíč, Polanka 1103/8, BD",,,,"Třebíč, Polanka 1103/8, BD, Česká republika","BD, Polanka 1103/8, Třebíč, Česká republika"
"Třebíč, Rafaelova 1115, TTS energo, teplárna","Třebíč, Rafaelova 1115, TTS energo, teplárna","TTS energo, teplárna, Rafaelova 1115, Třebíč, Česká republika",ASTIP STRONG 30kVA/3F-20 minut +750VA/1F-20 minut,ASTIP STRONG 30kVA/3F-20 minut +750VA/1F-20 minut,Ing. Jakeš 733 744 565,Ing. Jakeš 733 744 565,Vysočina,,,2026-09-09,,128.0,Více než 60 dnů,zelená,49.22453,15.89588,upraveno - znovu geokódovat,,Adresa automaticky upravena pro Mapy.com; spusť znovu geokodér.,"třebíč, rafaelova 1115, tts energo, teplárna, česká republika",,2026-09-09,128.0,Více než 60 dnů,zelená,2026-09-09 (plánovaná),"Kalendář FZ - 12 měsíců, 2023.xlsx",573,2021,,,,ASTIP STRONG 30kVA/3F-20 minut +750VA/1F-20 minut,,,,,,,,,,,9/26,,,,,,,,,,,,,,,,,,,,,,,,,,,,,,,,,,,,,,,,,,,,,,,,,,,,,,,,,,,,,,,,,,,,,,,,,,,,,1,"Třebíč, Rafaelova 1115, TTS energo, teplárna",,,,"Třebíč, Rafaelova 1115, TTS energo, teplárna, Česká republika","TTS energo, teplárna, Rafaelova 1115, Třebíč, Česká republika"
"Třinec, Nádražní 10, ZŠ a MŠ","Třinec, Nádražní 10, ZŠ a MŠ","Třinec, Nádražní 10, ZŠ a MŠ, Česká republika",PS 15 000/3F-30 minut + RPO,PS 15 000/3F-30 minut + RPO,Corradini 724 230 992,Corradini 724 230 992,Moravskoslezský,,,2026-07-20,2026-01-20,77.0,Více než 60 dnů,zelená,49.68316,18.66848,OK Mapy.com,,čeká na přesné geokódování,"třinec, nádražní 10, zš a mš, česká republika",2026-01-20,2026-07-20,77.0,Více než 60 dnů,zelená,2026-01-20 (proběhlá); 2026-07-20 (plánovaná),Kalendář FZ - 6 měsíců.xlsx,339,2022,,,Corradini 724 230 992,PS 15 000/3F-30 minut + RPO,"Třinec, Nádražní 10, ZŠ a MŠ",,20/26,,,,,,20/26,,,,,,,,,,,,,,,,,,,,,,,,,,,,,,,,,,,,,,,,,,,,,,,,,,,,,,,,,,,,,,,,,,,,,,,,,,,,,,,2,,,,,"Třinec, Nádražní 10, ZŠ a MŠ, Česká republika","Třinec, Nádražní 10, ZŠ a MŠ, Česká republika"
"Uherské Hradiště, Dukelských Hrdinů 1341, BD","Uherské Hradiště, Dukelských Hrdinů 1341, BD","BD, Dukelských Hrdinů 1341, Uherské Hradiště, Česká republika",ASTIP STRONG 1500/3F -10 minut,ASTIP STRONG 1500/3F -10 minut,pan Zemánek 602 584 721,pan Zemánek 602 584 721,Zlínský,,,2023-02-21,2023-02-21,-1168.0,Po termínu,červená,49.06897,17.46781,upraveno - znovu geokódovat,,Adresa automaticky upravena pro Mapy.com; spusť znovu geokodér.,"uherské hradiště, dukelských hrdinů 1341, bd, česká republika",2023-02-21,2023-02-21,-1168.0,Po termínu,červená,2023-02-21 (plánovaná),"Kalendář FZ - 12 měsíců, 2023.xlsx",579,2019,,,,ASTIP STRONG 1500/3F -10 minut,,,,21/23,,,,,,,,,,,,,,,,,,,,,,,,,,,,,,,,,,,,,,,,,,,,,,,,,,,,,,,,,,,,,,,,,,,,,,,,,,,,,,,,,,,,1,"Uherské Hradiště, Dukelských Hrdinů 1341, BD",,6000,,"Uherské Hradiště, Dukelských Hrdinů 1341, BD, Česká republika","BD, Dukelských Hrdinů 1341, Uherské Hradiště, Česká republika"
"Uherské Hradiště, Na Dědině 252, Vésky","Uherské Hradiště, Na Dědině 252, Vésky","Uherské Hradiště, Na Dědině 252, Vésky, Česká republika",ASTIP STRONG 2 000VA/3F -30 minut,ASTIP STRONG 2 000VA/3F -30 minut,Ing. Monika MARKOVÁ  603 349 975,Ing. Monika MARKOVÁ  603 349 975,Zlínský,,,2026-10-21,,170.0,Více než 60 dnů,zelená,49.04748,17.49649,OK Mapy.com,,čeká na přesné geokódování,"uherské hradiště, na dědině 252, vésky, česká republika",,2026-10-21,170.0,Více než 60 dnů,zelená,2026-10-21 (plánovaná),"Kalendář FZ - 12 měsíců, 2023.xlsx",580,2024,ano,,,ASTIP STRONG 2 000VA/3F -30 minut,,,,,,,,,,,,21/26,,,,,,,,,,,,,,,,,,,,,,,,,,,,,,,,,,,,,,,,,,,,,,,,,,,,,,,,,,,,,,,,,,,,,,,,,,,,1,"Uherské Hradiště, Na Dědině 252, Vésky",,,,"Uherské Hradiště, Na Dědině 252, Vésky, Česká republika","Uherské Hradiště, Na Dědině 252, Vésky, Česká republika"
"Uherské Hradiště, Za Olšávkou 365","Uherské Hradiště, Za Olšávkou 365","Uherské Hradiště, Za Olšávkou 365, Česká republika",PS 15 000/3f 45min.,PS 15 000/3f 45min.,Miroslav Santerník 775 371 633,Miroslav Santerník 775 371 633,Jihomoravský,,,2025-07-07,2025-01-07,-301.0,Po termínu,červená,49.05516,17.46704,OK Mapy.com,,čeká na přesné geokódování,"uherské hradiště, za olšávkou 365, česká republika",2025-01-07,2025-07-07,-301.0,Po termínu,červená,2025-01-07 (proběhlá); 2025-07-07 (plánovaná),Kalendář FZ - 6 měsíců.xlsx,341,2018,,,Miroslav Santerník 775 371 633,PS 15 000/3f 45min.,"Uherské Hradiště, Za Olšávkou 365",,7/25,,,,,,7/25,,,,,,,,,,,,,,,,,,,,,,,,,,,,,,,,,,,,,,,,,,,,,,,,,,,,,,,,,,,,,,,,,,,,,,,,,,,,,,,2,,,,,"Uherské Hradiště, Za Olšávkou 365, Česká republika","Uherské Hradiště, Za Olšávkou 365, Česká republika"
"Uherský Brod, Masarykovo náměstí 136, městský úřad","Uherský Brod, Masarykovo náměstí 136, městský úřad","Uherský Brod, Masarykovo náměstí 136, městský úřad, Česká republika",ASTIP STRONG 500/1F-30 minut,ASTIP STRONG 500/1F-30 minut,Onřej Rydlo 739 114 850,Onřej Rydlo 739 114 850,Zlínský,na toto kašlu…,na toto kašlu…,,2023-06-15,,Bez termínu,šedá,49.02424,17.6465,OK Mapy.com,,čeká na přesné geokódování,"uherský brod, masarykovo náměstí 136, městský úřad, česká republika",2023-06-15,,,Bez termínu,šedá,2023-06-15 (nezjištěno),"Kalendář FZ - 12 měsíců, 2023.xlsx",581,2016,,,,ASTIP STRONG 500/1F-30 minut,,,,,,,,15/23,,,,,,,,,,,,,,,,,,,,,,,,,,,,,,,,,,,,,,,,,,,,,,,,,,,,,,,,,,,,,,,,,,,,,,,,,,,,,,,,1,"Uherský Brod, Masarykovo náměstí 136, městský úřad",,,,"Uherský Brod, Masarykovo náměstí 136, městský úřad, Česká republika","Uherský Brod, Masarykovo náměstí 136, městský úřad, Česká republika"
"Uherský Brod, Olšava 2843, CTW bud. D","Uherský Brod, Olšava 2843, CTW bud. D","CTW bud. D, Olšava 2843, Uherský Brod, Česká republika",ASTIP STRONG 22kVA/3kVA/3F -45 min,ASTIP STRONG 22kVA/3kVA/3F -45 min,Uherek 730 939 278,Uherek 730 939 278,Zlínský,,,2026-12-16,,226.0,Více než 60 dnů,zelená,49.01476,17.64751,upraveno - znovu geokódovat,,Adresa automaticky upravena pro Mapy.com; spusť znovu geokodér.,"uherský brod, olšava 2843, ctw bud. d, česká republika",,2026-12-16,226.0,Více než 60 dnů,zelená,2026-12-16 (plánovaná),"Kalendář FZ - 12 měsíců, 2023.xlsx",585,2023,,,,ASTIP STRONG 22kVA/3kVA/3F -45 min,,,,,,,,,,,,,,16/26,,,,,,,,,,,,,,,,,,,,,,,,,,,,,,,,,,,,,,,,,,,,,,,,,,,,,,,,,,,,,,,,,,,,,,,,,,1,"Uherský Brod, Olšava 2843, CTW bud. D",,,,"Uherský Brod, Olšava 2843, CTW bud. D, Česká republika","CTW bud. D, Olšava 2843, Uherský Brod, Česká republika"
"Uherský Brod, U Mlýnů 2840, CTW bud. A","Uherský Brod, U Mlýnů 2840, CTW bud. A","CTW bud. A, U Mlýnů 2840, Uherský Brod, Česká republika",ASTIP STRONG 22kVA/3kVA/3F -45 min,ASTIP STRONG 22kVA/3kVA/3F -45 min,Uherek 730 939 278,Uherek 730 939 278,Zlínský,,,2026-12-16,,226.0,Více než 60 dnů,zelená,49.0147,17.64699,upraveno - znovu geokódovat,,Adresa automaticky upravena pro Mapy.com; spusť znovu geokodér.,"uherský brod, u mlýnů 2840, ctw bud. a, česká republika",,2026-12-16,226.0,Více než 60 dnů,zelená,2026-12-16 (plánovaná),"Kalendář FZ - 12 měsíců, 2023.xlsx",583,2023,,,,ASTIP STRONG 22kVA/3kVA/3F -45 min,,,,,,,,,,,,,,16/26,,,,,,,,,,,,,,,,,,,,,,,,,,,,,,,,,,,,,,,,,,,,,,,,,,,,,,,,,,,,,,,,,,,,,,,,,,1,"Uherský Brod, U Mlýnů 2840, CTW bud. A",,,,"Uherský Brod, U Mlýnů 2840, CTW bud. A, Česká republika","CTW bud. A, U Mlýnů 2840, Uherský Brod, Česká republika"
"Uherský Brod, U Mlýnů 2841, CTW bud. B","Uherský Brod, U Mlýnů 2841, CTW bud. B","CTW bud. B, U Mlýnů 2841, Uherský Brod, Česká republika",ASTIP STRONG 22kVA/3kVA/3F -45 min,ASTIP STRONG 22kVA/3kVA/3F -45 min,Uherek 730 939 278,Uherek 730 939 278,Zlínský,,,2026-12-16,,226.0,Více než 60 dnů,zelená,49.01433,17.64693,upraveno - znovu geokódovat,,Adresa automaticky upravena pro Mapy.com; spusť znovu geokodér.,"uherský brod, u mlýnů 2841, ctw bud. b, česká republika",,2026-12-16,226.0,Více než 60 dnů,zelená,2026-12-16 (plánovaná),"Kalendář FZ - 12 měsíců, 2023.xlsx",584,2023,,,,ASTIP STRONG 22kVA/3kVA/3F -45 min,,,,,,,,,,,,,,16/26,,,,,,,,,,,,,,,,,,,,,,,,,,,,,,,,,,,,,,,,,,,,,,,,,,,,,,,,,,,,,,,,,,,,,,,,,,1,"Uherský Brod, U Mlýnů 2841, CTW bud. B",,,,"Uherský Brod, U Mlýnů 2841, CTW bud. B, Česká republika","CTW bud. B, U Mlýnů 2841, Uherský Brod, Česká republika"
"Uherský Brod, Vazová 2143, ASSCO, RPGrecykling","Uherský Brod, Vazová 2143, ASSCO, RPGrecykling","Uherský Brod, Vazová 2143, ASSCO, RPGrecykling, Česká republika","Astip Strong 1000/1f, 30 min","Astip Strong 1000/1f, 30 min",Kunčík 725 389 182,Kunčík 725 389 182,Zlínský,STOP STAV,STOP STAV,2025-05-19,2024-11-19,-350.0,Po termínu,červená,49.02248,17.63376,OK Mapy.com,,čeká na přesné geokódování,"uherský brod, vazová 2143, assco, rpgrecykling, česká republika",2024-11-19,2025-05-19,-350.0,Po termínu,červená,2024-11-19 (proběhlá); 2025-05-19 (plánovaná),Kalendář FZ - 6 měsíců.xlsx,342,2018,,,Kunčík 725 389 182,"Astip Strong 1000/1f, 30 min","Uherský Brod, Vazová 2143, ASSCO, RPGrecykling",,,,,,19/25,,,,,,19/24,,,,,,,,,,,,,,,,,,,,,,,,,,,,,,,,,,,,,,,,,,,,,,,,,,,,,,,,,,,,,,,,,,,,,,,,,,,2,,,,,"Uherský Brod, Vazová 2143, ASSCO, RPGrecykling, Česká republika","Uherský Brod, Vazová 2143, ASSCO, RPGrecykling, Česká republika"
"Uherský Brod, Vlčnovská 2512, sklad Ptáček","Uherský Brod, Vlčnovská 2512, sklad Ptáček","sklad Ptáček, Vlčnovská 2512, Uherský Brod, Česká republika",ASTIP STRONG 2 000VA/3F -30 minut,ASTIP STRONG 2 000VA/3F -30 minut,Ing. Jan Všetečka 702 128 111,Ing. Jan Všetečka 702 128 111,Zlínský,,,2026-06-25,,52.0,30–60 dnů,žlutá,49.01857,17.63779,upraveno - znovu geokódovat,,Adresa automaticky upravena pro Mapy.com; spusť znovu geokodér.,"uherský brod, vlčnovská 2512, sklad ptáček, česká republika",,2026-06-25,52.0,30–60 dnů,žlutá,2026-06-25 (plánovaná),"Kalendář FZ - 12 měsíců, 2023.xlsx",582,2024,"ano, dát echo týden předem",ano,,ASTIP STRONG 2 000VA/3F -30 minut,,,,,,,,25/26,,,,,,,,,,,,,,,,,,,,,,,,,,,,,,,,,,,,,,,,,,,,,,,,,,,,,,,,,,,,,,,,,,,,,,,,,,,,,,,,1,"Uherský Brod, Vlčnovská 2512, sklad Ptáček",,,,"Uherský Brod, Vlčnovská 2512, sklad Ptáček, Česká republika","sklad Ptáček, Vlčnovská 2512, Uherský Brod, Česká republika"
"Uhlířské Janovice, DS,Topolová 918","Uhlířské Janovice, DS,Topolová 918","Uhlířské Janovice, DS, Topolová 918, Česká republika","Lift Back 120kVA/3f, 45 min","Lift Back 120kVA/3f, 45 min",Martin Vondráček 608 376 587,Martin Vondráček 608 376 587,Středočeský,,,2026-05-13,2025-11-13,9.0,7–30 dnů,oranžová,49.87546,15.06003,OK Mapy.com,,čeká na přesné geokódování,"uhlířské janovice, ds, topolová 918, česká republika",2025-11-13,2026-05-13,9.0,7–30 dnů,oranžová,2025-11-13 (proběhlá); 2026-05-13 (plánovaná),Kalendář FZ - 6 měsíců.xlsx,343,2016,,,Martin Vondráček 608 376 587,"Lift Back 120kVA/3f, 45 min","Uhlířské Janovice, DS,Topolová 918",,,,,,13/26,,,,,,13/25,,,,,,,,,,,,,,,,,,,,,,,,,,,,,,,,,,,,,,,,,,,,,,,,,,,,,,,,,,,,,,,,,,,,,,,,,,,2,,,,,"Uhlířské Janovice, DS, Topolová 918, Česká republika","Uhlířské Janovice, DS, Topolová 918, Česká republika"
"Unhošť, Tyršovo náměstí 211, Centrin","Unhošť, Tyršovo náměstí 211, Centrin","Unhošť, Tyršovo náměstí 211, Centrin, Česká republika",PS 10kVA/3f-45 minut,PS 10kVA/3f-45 minut,Nováková - 777 555 683,Nováková - 777 555 683,Středočeský,,,2021-09-30,2021-09-30,-1677.0,Po termínu,červená,50.08573,14.12741,OK Mapy.com,,čeká na přesné geokódování,"unhošť, tyršovo náměstí 211, centrin, česká republika",2021-09-30,2021-09-30,-1677.0,Po termínu,červená,2021-09-30 (plánovaná),Kalendář FZ - 6 měsíců.xlsx,344,2017,,,Nováková - 777 555 683,PS 10kVA/3f-45 minut,"Unhošť, Tyršovo náměstí 211, Centrin",,,,,,,,,,30/21,,,,,,,,,,,,,,,,,,,,,,,,,,,,,,,,,,,,,,,,,,,,,,,,,,,,,,,,,,,,,,,,,,,,,,,,,,,,,1,,,,,"Unhošť, Tyršovo náměstí 211, Centrin, Česká republika","Unhošť, Tyršovo náměstí 211, Centrin, Česká republika"
"Ustí N.L,Činoherní divadlo","Ustí N.L,Činoherní divadlo","Ustí N.L, Činoherní divadlo, Česká republika",PS 7500/3f-45 minut,PS 7500/3f-45 minut,"Mrákota 727 970 480, Lenk 606 757 062","Mrákota 727 970 480, Lenk 606 757 062",Ústecký,"28.6.2024 - pan Mrákota, mají úplně nový zdroj od jiného dodavatele….14.1.2021 - STOP STAV30.10.18 - do dvou let vyměnit baterie, Vyměnit 1x7,2Ah, DODAT TO 247, 8.11.19","28.6.2024 - pan Mrákota, mají úplně nový zdroj od jiného dodavatele….14.1.2021 - STOP STAV30.10.18 - do dvou let vyměnit baterie, Vyměnit 1x7,2Ah, DODAT TO 247, 8.11.19",,2021-01-14,,Bez termínu,šedá,50.65646,14.0481,OK Mapy.com,,čeká na přesné geokódování,"ustí n.l, činoherní divadlo, česká republika",2021-01-14,,,Bez termínu,šedá,2021-01-14 (nezjištěno),"Kalendář FZ - 12 měsíců, 2023.xlsx",586,2013,ano,,,  PS 7500/3f-45 minut,,,14/21,,,,,,,,,,,,,,,,,,,,,,,,,,,,,,,,,,,,,,,,,,,,,,,,,,,,,,,,,,,,,,,,,,,,,,,,,,,,,,,,,,,,,1,"Ustí N.L,Činoherní divadlo",,,,"Ustí N.L, Činoherní divadlo, Česká republika","Ustí N.L, Činoherní divadlo, Česká republika"
"Valašské Meziříčí, Bynina 212, Zahradní centrum pod kloboukem","Valašské Meziříčí, Bynina 212, Zahradní centrum pod kloboukem","Valašské Meziříčí, Bynina 212, Zahradní centrum pod kloboukem, Česká republika",ASTIP STRONG 2kVA/3F-10m/4C,ASTIP STRONG 2kVA/3F-10m/4C,Macíková 777 670 485,Macíková 777 670 485,Zlínský,,,2026-04-30,2025-10-30,-4.0,Po termínu,červená,49.49528,17.96299,OK Mapy.com,,čeká na přesné geokódování,"valašské meziříčí, bynina 212, zahradní centrum pod kloboukem, česká republika",2025-10-30,2026-04-30,-4.0,Po termínu,červená,2025-10-30 (proběhlá); 2026-04-30 (plánovaná),Kalendář FZ - 6 měsíců.xlsx,346,2017,,,Macíková 777 670 485,ASTIP STRONG 2kVA/3F-10m/4C,"Valašské Meziříčí, Bynina 212, Zahradní centrum pod kloboukem",,,,,30/26,,,,,,30/25,,,,,,,,,,,,,,,,,,,,,,,,,,,,,,,,,,,,,,,,,,,,,,,,,,,,,,,,,,,,,,,,,,,,,,,,,,,,2,,,,,"Valašské Meziříčí, Bynina 212, Zahradní centrum pod kloboukem, Česká republika","Valašské Meziříčí, Bynina 212, Zahradní centrum pod kloboukem, Česká republika"
"Valašské Meziříčí, Masarykova 33, EFIOS","Valašské Meziříčí, Masarykova 33, EFIOS","Valašské Meziříčí, Masarykova 33, EFIOS, Česká republika",ASTIP PS 50 000/3F -15 minut,ASTIP PS 50 000/3F -15 minut,Antonín Ondroušek 777 965 886,Antonín Ondroušek 777 965 886,Zlínský,,,2026-10-20,2026-04-20,169.0,Více než 60 dnů,zelená,49.48455,17.96328,OK Mapy.com,,čeká na přesné geokódování,"valašské meziříčí, masarykova 33, efios, česká republika",2026-04-20,2026-10-20,169.0,Více než 60 dnů,zelená,2026-04-20 (proběhlá); 2026-10-20 (plánovaná),Kalendář FZ - 6 měsíců.xlsx,347,2018,,,Antonín Ondroušek 777 965 886,ASTIP PS 50 000/3F -15 minut,"Valašské Meziříčí, Masarykova 33, EFIOS",,,,,20/26,,,,,,20/26,,,,,,,,,,,,,,,,,,,,,,,,,,,,,,,,,,,,,,,,,,,,,,,,,,,,,,,,,,,,,,,,,,,,,,,,,,,,2,,,,,"Valašské Meziříčí, Masarykova 33, EFIOS, Česká republika","Valašské Meziříčí, Masarykova 33, EFIOS, Česká republika"
"Valašské Meziříčí, Sokolská 582/85, JACOBS DOUWE EGBERTS","Valašské Meziříčí, Sokolská 582/85, JACOBS DOUWE EGBERTS","Valašské Meziříčí, Sokolská 582/85, JACOBS DOUWE EGBERTS, Česká republika",ASTIP PS 2000/3f-7 minut,ASTIP PS 2000/3f-7 minut,"Karel Kamarýt, tel.:603443985","Karel Kamarýt, tel.:603443985",Zlínský,,,2024-11-29,2024-05-29,-521.0,Po termínu,červená,49.4695,17.96155,OK Mapy.com,,čeká na přesné geokódování,"valašské meziříčí, sokolská 582/85, jacobs douwe egberts, česká republika",2024-05-29,2024-11-29,-521.0,Po termínu,červená,2024-05-29 (proběhlá); 2024-11-29 (plánovaná),Kalendář FZ - 6 měsíců.xlsx,348,2016,,,"Karel Kamarýt, tel.:603443985",ASTIP PS 2000/3f-7 minut,"Valašské Meziříčí, Sokolská 582/85, JACOBS DOUWE EGBERTS",,,,,,29/24,,,,,,29/24-vzít pomocku,,,,,,,,,,,,,,,,,,,,,,,,,,,,,,,,,,,,,,,,,,,,,,,,,,,,,,,,,,,,,,,,,,,,,,,,,,,2,,,,,"Valašské Meziříčí, Sokolská 582/85, JACOBS DOUWE EGBERTS, Česká republika","Valašské Meziříčí, Sokolská 582/85, JACOBS DOUWE EGBERTS, Česká republika"
"Valašské Meziříčí, Vsetínská 454","Valašské Meziříčí, Vsetínská 454","Valašské Meziříčí, Vsetínská 454, Česká republika",PS 20kVA/3f-30 minut,PS 20kVA/3f-30 minut,Fojtík - 775 625 040,Fojtík - 775 625 040,Zlínský,"12.3.205 -posílám znovu, 28.6.2024 -posílám maila…","12.3.205 -posílám znovu, 28.6.2024 -posílám maila…",2023-04-14,2023-04-14,-1116.0,Po termínu,červená,49.46651,17.97492,OK Mapy.com,,čeká na přesné geokódování,"valašské meziříčí, vsetínská 454, česká republika",2023-04-14,2023-04-14,-1116.0,Po termínu,červená,2023-04-14 (plánovaná),"Kalendář FZ - 12 měsíců, 2023.xlsx",589,2016,,,,PS 20kVA/3f-30 minut,,,,,,14/23,,,,,,,,,,,,,,,,,,,,,,,,,,,,,,,,,,,,,,,,,,,,,,,,,,,,,,,,,,,,,,,,,,,,,,,,,,,,,,,,,,1,"Valašské Meziříčí, Vsetínská 454",,,,"Valašské Meziříčí, Vsetínská 454, Česká republika","Valašské Meziříčí, Vsetínská 454, Česká republika"
"Valeč, Zámek Valeč","Valeč, Zámek Valeč","Valeč, Zámek Valeč, Česká republika",mraky zdrojů PS 3000/4000/7500,mraky zdrojů PS 3000/4000/7500,Aleš Musil 734 387 252,Aleš Musil 734 387 252,Vysočina,,,2026-06-18,2025-12-18,45.0,30–60 dnů,žlutá,49.14755,16.03603,OK Mapy.com,,čeká na přesné geokódování,"valeč, zámek valeč, česká republika",2025-12-18,2026-06-18,45.0,30–60 dnů,žlutá,2025-12-18 (proběhlá); 2026-06-18 (plánovaná),Kalendář FZ - 6 měsíců.xlsx,349,2012-2022,ano,,Aleš Musil 734 387 252,mraky zdrojů PS 3000/4000/7500,"Valeč, Zámek Valeč",,,,,,,18/26,,,,,,18/25,,,,,,,,,,,,,,,,,,,,,,,,,,,,,,,,,,,,,,,,,,,,,,,,,,,,,,,,,,,,,,,,,,,,,,,,,,2,,,,,"Valeč, Zámek Valeč, Česká republika","Valeč, Zámek Valeč, Česká republika"
"Valtice, Modřínová 537, DPS","Valtice, Modřínová 537, DPS","Valtice, Modřínová 537, DPS, Česká republika",ASTIP STRONG 20kVA/3F-60 minut,ASTIP STRONG 20kVA/3F-60 minut,Mgr. Marie Uttendorfská  733 535 816,Mgr. Marie Uttendorfská  733 535 816,Jihomoravský,,,2026-10-23,2026-04-23,172.0,Více než 60 dnů,zelená,48.74618,16.76292,OK Mapy.com,,čeká na přesné geokódování,"valtice, modřínová 537, dps, česká republika",2026-04-23,2026-10-23,172.0,Více než 60 dnů,zelená,2026-04-23 (proběhlá); 2026-10-23 (plánovaná),Kalendář FZ - 6 měsíců.xlsx,350,2023,ano,,Mgr. Marie Uttendorfská  733 535 816,ASTIP STRONG 20kVA/3F-60 minut,"Valtice, Modřínová 537, DPS",,,,,23/26,,,,,,23/26,,,,7500,,,,,,,,,,,,,,,,,,,,,,,,,,,,,,,,,,,,,,,,,,,,,,,,,,,,,,,,,,,,,,,,,,,,,,,,2,,,,,"Valtice, Modřínová 537, DPS, Česká republika","Valtice, Modřínová 537, DPS, Česká republika"
"Vamberk, Smetanovo nábřeží 334, VASPO","Vamberk, Smetanovo nábřeží 334, VASPO","Vamberk, Smetanovo nábřeží 334, VASPO, Česká republika",ASTIP STRONG 100kVA/15kVA/3F -60 minut,ASTIP STRONG 100kVA/15kVA/3F -60 minut,Pan Bačina 731 562 265,Pan Bačina 731 562 265,Královehradecký,,,2025-11-26,2025-11-26,-159.0,Po termínu,červená,50.11982,16.29292,OK Mapy.com,,čeká na přesné geokódování,"vamberk, smetanovo nábřeží 334, vaspo, česká republika",2025-11-26,2025-11-26,-159.0,Po termínu,červená,2025-11-26 (plánovaná),"Kalendář FZ - 12 měsíců, 2023.xlsx",590,2023,,ano,,ASTIP STRONG 100kVA/15kVA/3F -60 minut,,,,,,,,,,,,,26/25,,,,,,,,,,,,,,,,,,,,,,,,,,,,,,,,,,,,,,,,,,,,,,,,,,,,,,,,,,,,,,,,,,,,,,,,,,,1,"Vamberk, Smetanovo nábřeží 334, VASPO",,,,"Vamberk, Smetanovo nábřeží 334, VASPO, Česká republika","Vamberk, Smetanovo nábřeží 334, VASPO, Česká republika"
"Vejprty, Nerudova1221_14, DZR Krakonoš","Vejprty, Nerudova1221_14, DZR Krakonoš","Nerudova1221/14, DZR Krakonoš, Česká republika","ASTIP STRONG LIFTBACK 7,5kVA/3F-45 minut","ASTIP STRONG LIFTBACK 7,5kVA/3F-45 minut",Ortová 733 373 950,Ortová 733 373 950,Ústecký,,,2026-09-19,2026-03-19,138.0,Více než 60 dnů,zelená,,,zjednodušeno - geokódovat znovu,,"Dotaz zjednodušen na ulici/číslo + město + ČR/SR, bez názvů objektů.","vejprty, nerudova1221/14, dzr krakonoš, česká republika",2026-03-19,2026-09-19,138.0,Více než 60 dnů,zelená,2026-03-19 (proběhlá); 2026-09-19 (plánovaná),Kalendář FZ - 6 měsíců.xlsx,351,2025,ano,ano,Ortová 733 373 950,"ASTIP STRONG LIFTBACK 7,5kVA/3F-45 minut","Vejprty, Nerudova1221_14, DZR Krakonoš",,,,19/26,,,,,,19/26,,,,,,,,,,,,,,,,,,,,,,,,,,,,,,,,,,,,,,,,,,,,,,,,,,,,,,,,,,,,,,,,,,,,,,,,,,,,,2,,,,,"Vejprty, Nerudova1221/14, DZR Krakonoš, Česká republika","DZR Krakonoš, Nerudova1221/14, Vejprty, Česká republika"
"Velichovky, Lázně 100","Velichovky, Lázně 100","Velichovky, Lázně 100, Česká republika",LiftBack 20kVA/3F-45min,LiftBack 20kVA/3F-45min,Miroslav Všetečka 778435091,Miroslav Všetečka 778435091,Královehradecký,,,2026-10-21,2026-04-21,170.0,Více než 60 dnů,zelená,50.35627,15.84814,OK Mapy.com,,čeká na přesné geokódování,"velichovky, lázně 100, česká republika",2026-04-21,2026-10-21,170.0,Více než 60 dnů,zelená,2026-04-21 (proběhlá); 2026-10-21 (plánovaná),Kalendář FZ - 6 měsíců.xlsx,352,2017,,,Miroslav Všetečka 778435091,LiftBack 20kVA/3F-45min,"Velichovky, Lázně 100",,,,,21/26,,,,,,21/26,,,,,,,,,,,,,,,,,,,,,,,,,,,,,,,,,,,,,,,,,,,,,,,,,,,,,,,,,,,,,,,,,,,,,,,,,,,,2,,,,,"Velichovky, Lázně 100, Česká republika","Velichovky, Lázně 100, Česká republika"
"Velké Březno, Klášterní 1, DPS","Velké Březno, Klášterní 1, DPS","Velké Březno, Klášterní 1, DPS, Česká republika",PS 20 000/3f 45min.,PS 20 000/3f 45min.,"pan Šusta, údržba   - 607 035 429","pan Šusta, údržba   - 607 035 429",Ústecký,,,2026-09-18,2026-03-18,137.0,Více než 60 dnů,zelená,50.66618,14.14031,OK Mapy.com,,čeká na přesné geokódování,"velké březno, klášterní 1, dps, česká republika",2026-03-18,2026-09-18,137.0,Více než 60 dnů,zelená,2026-03-18 (proběhlá); 2026-09-18 (plánovaná),Kalendář FZ - 6 měsíců.xlsx,353,2018,,,"pan Šusta, údržba   - 607 035 429",PS 20 000/3f 45min.,"Velké Březno, Klášterní 1, DPS",,,,18/26,,,,,,18/26,,,,,,,,,,,,,,,,,,,,,,,,,,,,,,,,,,,,,,,,,,,,,,,,,,,,,,,,,,,,,,,,,,,,,,,,,,,,,2,,,,,"Velké Březno, Klášterní 1, DPS, Česká republika","Velké Březno, Klášterní 1, DPS, Česká republika"
Velké Losiny Areál zdraví,Velké Losiny Areál zdraví,"Velké Losiny Areál zdraví, Česká republika",PS 15 000/3f-35 minut,PS 15 000/3f-35 minut,Strnad 727 807 744,Strnad 727 807 744,Olomoucký,"10.9.2024 -proběhla komplet výměna pajšlu, nové v.č. 24090901","10.9.2024 -proběhla komplet výměna pajšlu, nové v.č. 24090901",2026-10-07,2026-04-07,156.0,Více než 60 dnů,zelená,50.03394,17.03586,OK Mapy.com,,čeká na přesné geokódování,"velké losiny areál zdraví, česká republika",2026-04-07,2026-10-07,156.0,Více než 60 dnů,zelená,2026-04-07 (proběhlá); 2026-10-07 (plánovaná),Kalendář FZ - 6 měsíců.xlsx,354,2013/nově 2024,ano,,Strnad 727 807 744,  PS 15 000/3f-35 minut,Velké Losiny Areál zdraví,,,,,7/26,,,,,,7/26,,,,,,,,,,,,,,,,,,,,,,,,,,,,,,,,,,,,,,,,,,,,,,,,,,,,,,,,,,,,,,,,,,,,,,,,,,,,2,,,,,"Velké Losiny Areál zdraví, Česká republika","Velké Losiny Areál zdraví, Česká republika"
"Velké Meziříčí, Průmyslová 2047, JOPP","Velké Meziříčí, Průmyslová 2047, JOPP","Velké Meziříčí, Průmyslová 2047, JOPP, Česká republika","PS 40000VA3f, OFF-line, 15 min.","PS 40000VA3f, OFF-line, 15 min.","p. Pelikán Mir. 731 506 634, JOPP","p. Pelikán Mir. 731 506 634, JOPP",Vysočina,"2023 -měnily se baterky od zákazníka, dodané","2023 -měnily se baterky od zákazníka, dodané",2027-04-29,,360.0,Více než 60 dnů,zelená,49.34372,16.03958,OK Mapy.com,,čeká na přesné geokódování,"velké meziříčí, průmyslová 2047, jopp, česká republika",,2027-04-29,360.0,Více než 60 dnů,zelená,2027-04-29 (plánovaná),"Kalendář FZ - 12 měsíců, 2023.xlsx",591,2018,,,,"PS 40000VA3f, OFF-line, 15 min.",,,,,,29/27,,,,,,,,,,,,,,,,,,,,,,,,,,,,,,,,,,,,,,,,,,,,,,,,,,,,,,,,,,,,,,,,,,,,,,,,,,,,,,,,,,1,"Velké Meziříčí, Průmyslová 2047, JOPP",,,,"Velké Meziříčí, Průmyslová 2047, JOPP, Česká republika","Velké Meziříčí, Průmyslová 2047, JOPP, Česká republika"
"Velké Meziříčí, U Světlé 9, DPS","Velké Meziříčí, U Světlé 9, DPS","Velké Meziříčí, U Světlé 9, DPS, Česká republika",ASTIP PS 64kVA/30kVA/3F-45 minut,ASTIP PS 64kVA/30kVA/3F-45 minut,"Marková Věra, Bc. 731 584 621","Marková Věra, Bc. 731 584 621",Vysočina,,,2026-10-01,2026-04-01,150.0,Více než 60 dnů,zelená,49.3578,16.0041,OK Mapy.com,,čeká na přesné geokódování,"velké meziříčí, u světlé 9, dps, česká republika",2026-04-01,2026-10-01,150.0,Více než 60 dnů,zelená,2026-04-01 (proběhlá); 2026-10-01 (plánovaná),Kalendář FZ - 6 měsíců.xlsx,355,2022,,ano,"Marková Věra, Bc. 731 584 621
",ASTIP PS 64kVA/30kVA/3F-45 minut,"Velké Meziříčí, U Světlé 9, DPS",,,,,1/26,,,,,,1/26,,,,,,,,,,,,,,,,,,,,,,,,,,,,,,,,,,,,,,,,,,,,,,,,,,,,,,,,,,,,,,,,,,,,,,,,,,,,2,,,,,"Velké Meziříčí, U Světlé 9, DPS, Česká republika","Velké Meziříčí, U Světlé 9, DPS, Česká republika"
"Velké Pavlovice, Dlouhá 1177-69, hotel Lotrinský","Velké Pavlovice, Dlouhá 1177-69, hotel Lotrinský","Velké Pavlovice, Dlouhá 1177-69, hotel Lotrinský, Česká republika",PS LiftBack 7500/3f-45 minut,PS LiftBack 7500/3f-45 minut,Ondráčková 703 891 614,Ondráčková 703 891 614,Jihomoravský,,,2026-03-11,2026-03-11,-54.0,Po termínu,červená,48.89846,16.81701,OK Mapy.com,,čeká na přesné geokódování,"velké pavlovice, dlouhá 1177-69, hotel lotrinský, česká republika",2026-03-11,2026-03-11,-54.0,Po termínu,červená,2026-03-11 (plánovaná),Kalendář FZ - 6 měsíců.xlsx,356,2017,,,Ondráčková 703 891 614,PS LiftBack 7500/3f-45 minut,"Velké Pavlovice, Dlouhá 1177-69, hotel Lotrinský",,,,11/26,,,,,,,,,,,,,,,,,,,,,,,,,,,,,,,,,,,,,,,,,,,,,,,,,,,,,,,,,,,,,,,,,,,,,,,,,,,,,,,,,,,1,,,,,"Velké Pavlovice, Dlouhá 1177-69, hotel Lotrinský, Česká republika","Velké Pavlovice, Dlouhá 1177-69, hotel Lotrinský, Česká republika"
"Velké Pavlovice, Za dvorem 14, BD","Velké Pavlovice, Za dvorem 14, BD","BD, Za dvorem 14, Velké Pavlovice, Česká republika",STRONG 2000VA/1F -15 minut,STRONG 2000VA/1F -15 minut,Ing. Hruboš 602 754 369,Ing. Hruboš 602 754 369,Jihomoravský,,,2025-11-18,2025-11-18,-167.0,Po termínu,červená,48.89559,16.81736,upraveno - znovu geokódovat,,Adresa automaticky upravena pro Mapy.com; spusť znovu geokodér.,"velké pavlovice, za dvorem 14, bd, česká republika",2025-11-18,2025-11-18,-167.0,Po termínu,červená,2025-11-18 (plánovaná),"Kalendář FZ - 12 měsíců, 2023.xlsx",592,2018,,,,STRONG 2000VA/1F -15 minut,,,,,,,,,,,,,18/25,,,,,,,,,,,,,,,,,,,,,,,,,,,,,,,,,,,,,,,,,,,,,,,,,,,,,,,,,,,,,,,,,,,,,,,,,,,1,"Velké Pavlovice, Za dvorem 14, BD",,,,"Velké Pavlovice, Za dvorem 14, BD, Česká republika","BD, Za dvorem 14, Velké Pavlovice, Česká republika"
"Velké Popovice, Ringhofferova 1, pivovar","Velké Popovice, Ringhofferova 1, pivovar","Velké Popovice, Ringhofferova 1, pivovar, Česká republika","ASTIP STRONG 76kVA/10kVA/3F-60 minut, MB100S-120S3","ASTIP STRONG 76kVA/10kVA/3F-60 minut, MB100S-120S3","Milan Hromádko, tel: 724 618 636","Milan Hromádko, tel: 724 618 636",Středočeský,,,2023-11-11,2023-05-05,-905.0,Po termínu,červená,49.92253,14.63607,OK Mapy.com,,čeká na přesné geokódování,"velké popovice, ringhofferova 1, pivovar, česká republika",2023-05-05,2023-11-11,-905.0,Po termínu,červená,2023-05-05 (proběhlá); 2023-11-11 (plánovaná),Kalendář FZ - 6 měsíců.xlsx,357,2022,,,"Milan Hromádko, tel: 724 618 636","ASTIP STRONG 76kVA/10kVA/3F-60 minut, MB100S-120S3","Velké Popovice, Ringhofferova 1, pivovar",,,,,,5/23,,,,,,11/23,,,,,,,,,,,,,,,,,,,,,,,,,,,,,,,,,,,,,,,,,,,,,,,,,,,,,,,,,,,,,,,,,,,,,,,,,,,2,,,,,"Velké Popovice, Ringhofferova 1, pivovar, Česká republika","Velké Popovice, Ringhofferova 1, pivovar, Česká republika"
"Velké Popovice, U parku 695","Velké Popovice, U parku 695","Velké Popovice, U parku 695, Česká republika",STRONG 12kVA/3F -45 minut,STRONG 12kVA/3F -45 minut,Jirešová 777 565 833,Jirešová 777 565 833,Středočeský,,,2025-10-03,2025-10-03,-213.0,Po termínu,červená,49.92252,14.63934,OK Mapy.com,,čeká na přesné geokódování,"velké popovice, u parku 695, česká republika",2025-10-03,2025-10-03,-213.0,Po termínu,červená,2025-10-03 (plánovaná),"Kalendář FZ - 12 měsíců, 2023.xlsx",593,2019,,,,STRONG 12kVA/3F -45 minut,,,,,,,,,,,,3/25,,,,,,,,,,,,,,,,,,,,,,,,,,,,,,,,,,,,,,,,,,,,,,,,,,,,,,,,,,,,,,,,,,,,,,,,,,,,1,"Velké Popovice, U parku 695",,,,"Velké Popovice, U parku 695, Česká republika","Velké Popovice, U parku 695, Česká republika"
"Velký Osek, U hřiště 844","Velký Osek, U hřiště 844","Velký Osek, U hřiště 844, Česká republika",STRONG 3000/3f,STRONG 3000/3f,Pivoňka - 777317737,Pivoňka - 777317737,Středočeský,"6.10.2021 -stop stav, přepětí v síti","6.10.2021 -stop stav, přepětí v síti",2026-02-10,2026-02-10,-83.0,Po termínu,červená,50.10124,15.19719,OK Mapy.com,,čeká na přesné geokódování,"velký osek, u hřiště 844, česká republika",2026-02-10,2026-02-10,-83.0,Po termínu,červená,2026-02-10 (plánovaná),"Kalendář FZ - 12 měsíců, 2023.xlsx",594,"2017, nový 2022",,,,STRONG 3000/3f,,,,10/26,,,,,,,,,,,,,,,,,,,,,,,,,,,,,,,,,,,,,,,,,,,,,,,,,,,,,,,,,,,,,,,,,,,,,,,,,,,,,,,,,,,,1,"Velký Osek, U hřiště 844",,,,"Velký Osek, U hřiště 844, Česká republika","Velký Osek, U hřiště 844, Česká republika"
"Velký Osek, U hřiště 845","Velký Osek, U hřiště 845","Velký Osek, U hřiště 845, Česká republika",ASTIP STRONG 3000VA/3F,ASTIP STRONG 3000VA/3F,Berger 724 417 331,Berger 724 417 331,Středočeský,12.3.2025 -posílám Bergerovi dotaz,12.3.2025 -posílám Bergerovi dotaz,2024-05-30,2024-05-30,-704.0,Po termínu,červená,50.10116,15.19788,OK Mapy.com,,čeká na přesné geokódování,"velký osek, u hřiště 845, česká republika",2024-05-30,2024-05-30,-704.0,Po termínu,červená,2024-05-30 (plánovaná),"Kalendář FZ - 12 měsíců, 2023.xlsx",595,2017,,,,ASTIP STRONG 3000VA/3F,,,,,,,30/24,,,,,,,,,,,,,,,,,,,,,,,,,,,,,,,,,,,,,,,,,,,,,,,,,,,,,,,,,,,,,,,,,,,,,,,,,,,,,,,,,1,"Velký Osek, U hřiště 845",,,,"Velký Osek, U hřiště 845, Česká republika","Velký Osek, U hřiště 845, Česká republika"
"Vlachovice, Vlachovice 50","Vlachovice, Vlachovice 50","Vlachovice, Vlachovice 50, Česká republika",PS 1500/3f-10 minut,PS 1500/3f-10 minut,,,Zlínský,FZ provádí jiná firma,FZ provádí jiná firma,2021-01-21,2021-01-21,-1929.0,Po termínu,červená,49.59798,16.04059,OK Mapy.com,,čeká na přesné geokódování,"vlachovice, vlachovice 50, česká republika",2021-01-21,2021-01-21,-1929.0,Po termínu,červená,2020-07-21 (nezjištěno); 2021-01-21 (plánovaná),Kalendář FZ - 6 měsíců.xlsx,358,2013,ano,,,  PS 1500/3f-10 minut,"Vlachovice, Vlachovice 50",,21/21,,,,,,21/20,,,,,,,,,,,,,,,,,,,,,,,,,,,,,,,,,,,,,,,,,,,,,,,,,,,,,,,,,,,,,,,,,,,,,,,,,,,,,,,2,,,,,"Vlachovice, Vlachovice 50, Česká republika","Vlachovice, Vlachovice 50, Česká republika"
"Volyně, Husova 795, BD KODUS","Volyně, Husova 795, BD KODUS","BD KODUS, Husova 795, Volyně, Česká republika",ASTIP STRONG 50kVA/20kVA/3F -45 minut,ASTIP STRONG 50kVA/20kVA/3F -45 minut,Ing. Vokrojová 702 027 041,Ing. Vokrojová 702 027 041,Jihočeský,,,2026-10-28,2026-04-28,177.0,Více než 60 dnů,zelená,49.04529,15.78947,upraveno - znovu geokódovat,,Adresa automaticky upravena pro Mapy.com; spusť znovu geokodér.,"volyně, husova 795, bd kodus, česká republika",2026-04-28,2026-10-28,177.0,Více než 60 dnů,zelená,2026-04-28 (proběhlá); 2026-10-28 (plánovaná),Kalendář FZ - 6 měsíců.xlsx,359,2023,,,Ing. Vokrojová 702 027 041,ASTIP STRONG 50kVA/20kVA/3F -45 minut,"Volyně, Husova 795, BD KODUS",,,,,28/26,,,,,,28/26,,,,,,,,,,,,,,,,,,,,,,,,,,,,,,,,,,,,,,,,,,,,,,,,,,,,,,,,,,,,,,,,,,,,,,,,,,,,2,,,,,"Volyně, Husova 795, BD KODUS, Česká republika","BD KODUS, Husova 795, Volyně, Česká republika"
"Vranovice, Náměstíčko 53","Vranovice, Náměstíčko 53","Vranovice, Náměstíčko 53, Česká republika",ASTIP PS 20 000/3f - 45 minut,ASTIP PS 20 000/3f - 45 minut,"Ivo Kocian 608 730 194, Janáková 777 566 500","Ivo Kocian 608 730 194, Janáková 777 566 500",Jihomoravský,,,2025-08-12,2025-02-12,-265.0,Po termínu,červená,48.96436,16.60896,OK Mapy.com,,čeká na přesné geokódování,"vranovice, náměstíčko 53, česká republika",2025-02-12,2025-08-12,-265.0,Po termínu,červená,2025-02-12 (proběhlá); 2025-08-12 (plánovaná),Kalendář FZ - 6 měsíců.xlsx,360,2021,,,"Ivo Kocian 608 730 194, Janáková 777 566 500",ASTIP PS 20 000/3f - 45 minut,"Vranovice, Náměstíčko 53",,,12/25,,,,,,12/25,,,,,,,,,,,,,,,,,,,,,,,,,,,,,,,,,,,,,,,,,,,,,,,,,,,,,,,,,,,,,,,,,,,,,,,,,,,,,,2,,,,,"Vranovice, Náměstíčko 53, Česká republika","Vranovice, Náměstíčko 53, Česká republika"
"Vranovice, U Floriánka 53","Vranovice, U Floriánka 53","Vranovice, U Floriánka 53, Česká republika",ASTIP STRONG 1500/3F -30 minut,ASTIP STRONG 1500/3F -30 minut,,,Jihomoravský,,,2025-01-24,2024-07-24,-465.0,Po termínu,červená,48.96475,16.60928,OK Mapy.com,,čeká na přesné geokódování,"vranovice, u floriánka 53, česká republika",2024-07-24,2025-01-24,-465.0,Po termínu,červená,2024-07-24 (proběhlá); 2025-01-24 (plánovaná),Kalendář FZ - 6 měsíců.xlsx,361,2019,,,,ASTIP STRONG 1500/3F -30 minut,"Vranovice, U Floriánka 53",,24/25,,,,,,24/24,,,,,,,,,,,,,,,,,,,,,,,,,,,,,,,,,,,,,,,,,,,,,,,,,,,,,,,,,,,,,,,,,,,,,,,,,,,,,,,2,,,,,"Vranovice, U Floriánka 53, Česká republika","Vranovice, U Floriánka 53, Česká republika"
"Vrané nad Vltavou, U Elektrárny 817, BD Matyáš","Vrané nad Vltavou, U Elektrárny 817, BD Matyáš","BD Matyáš, U Elektrárny 817, Vrané nad Vltavou, Česká republika",PS 2000/3f-20 minut,PS 2000/3f-20 minut,Povondrová 776 381 495,Povondrová 776 381 495,Středočeský,BD Matyáš,BD Matyáš,2027-02-12,,284.0,Více než 60 dnů,zelená,49.94006,14.38198,upraveno - znovu geokódovat,,Adresa automaticky upravena pro Mapy.com; spusť znovu geokodér.,"vrané nad vltavou, u elektrárny 817, bd matyáš, česká republika",,2027-02-12,284.0,Více než 60 dnů,zelená,2027-02-12 (plánovaná),"Kalendář FZ - 12 měsíců, 2023.xlsx",596,2017,ano,,,PS 2000/3f-20 minut,,,,12/27,,,,,,,,,,,,,,,,,,,,,,,,,,,,,,,,,,,,,,,,,,,,,,,,,,,,,,,,,,,,,,,,,,,,,,,,,,,,,,,,,,,,1,"Vrané nad Vltavou, U Elektrárny 817, BD Matyáš",,5100,,"Vrané nad Vltavou, U Elektrárny 817, BD Matyáš, Česká republika","BD Matyáš, U Elektrárny 817, Vrané nad Vltavou, Česká republika"
"Vrchlabí - Herlíkovice, Horská 547, Apartmány Mlýn Herlíkovice","Vrchlabí - Herlíkovice, Horská 547, Apartmány Mlýn Herlíkovice","Vrchlabí, Herlíkovice, Horská 547, Apartmány Mlýn Herlíkovice, Česká republika",ASTIP PS Liftback 15kVA/3F -45 minut,ASTIP PS Liftback 15kVA/3F -45 minut,Menyház 778 031 468,Menyház 778 031 468,Královehradecký,zár. 5 let od 14.6.18,zár. 5 let od 14.6.18,2026-09-24,2026-03-24,143.0,Více než 60 dnů,zelená,50.66366,15.59364,OK Mapy.com,,čeká na přesné geokódování,"vrchlabí, herlíkovice, horská 547, apartmány mlýn herlíkovice, česká republika",2026-03-24,2026-09-24,143.0,Více než 60 dnů,zelená,2026-03-24 (proběhlá); 2026-09-24 (plánovaná),Kalendář FZ - 6 měsíců.xlsx,362,2023,,ano,Menyház 778 031 468,ASTIP PS Liftback 15kVA/3F -45 minut,"Vrchlabí - Herlíkovice, Horská 547, Apartmány Mlýn Herlíkovice",,,,24/26,,,,,,24/26,,,,,10000,H+H technika,H+H technika,,,,,,,,,,,,,,,,,,,,,,,,,,,,,,,,,,,,,,,,,,,,,,,,,,,,,,,,,,,,,,,,,,,,,,2,,,,,"Vrchlabí, Herlíkovice, Horská 547, Apartmány Mlýn Herlíkovice, Česká republika","Vrchlabí, Herlíkovice, Horská 547, Apartmány Mlýn Herlíkovice, Česká republika"
"Vrchlabí, Horská 179","Vrchlabí, Horská 179","Vrchlabí, Horská 179, Česká republika",ASTIP STRONG 2000VA/1F -10 minut,ASTIP STRONG 2000VA/1F -10 minut,Richtr 603 217 012,Richtr 603 217 012,Královehradecký,,,2026-02-14,2025-08-14,-79.0,Po termínu,červená,50.64155,15.60898,OK Mapy.com,,čeká na přesné geokódování,"vrchlabí, horská 179, česká republika",2025-08-14,2026-02-14,-79.0,Po termínu,červená,2025-08-14 (proběhlá); 2026-02-14 (plánovaná),Kalendář FZ - 6 měsíců.xlsx,363,2020,,ano,Richtr 603 217 012,ASTIP STRONG 2000VA/1F -10 minut,"Vrchlabí, Horská 179",,,14/26,,,,,,14/25,,,,,,,,,,,,,,,,,,,,,,,,,,,,,,,,,,,,,,,,,,,,,,,,,,,,,,,,,,,,,,,,,,,,,,,,,,,,,,2,,,,,"Vrchlabí, Horská 179, Česká republika","Vrchlabí, Horská 179, Česká republika"
"Vsetín, Smetanova nákupní galerie","Vsetín, Smetanova nákupní galerie","Vsetín, Smetanova nákupní galerie, Česká republika",R - SOZ,R - SOZ,Corradini 724 230 992,Corradini 724 230 992,Zlínský,,,2022-11-10,2022-11-10,-1271.0,Po termínu,červená,49.33575,17.99489,OK Mapy.com,,čeká na přesné geokódování,"vsetín, smetanova nákupní galerie, česká republika",2022-11-10,2022-11-10,-1271.0,Po termínu,červená,2022-11-10 (plánovaná),"Kalendář FZ - 12 měsíců, 2023.xlsx",597,bez,,,,R - SOZ ,,,,,,,,,,,,,10/22,,,,,,,,,,,,,,,,,,,,,,,,,,,,,,,,,,,,,,,,,,,,,,,,,,,,,,,,,,,,,,,,,,,,,,,,,,,1,"Vsetín, Smetanova nákupní galerie ",,,,"Vsetín, Smetanova nákupní galerie, Česká republika","Vsetín, Smetanova nákupní galerie, Česká republika"
"Vysoké Mýto, Valcha 187, ApA Vamberk","Vysoké Mýto, Valcha 187, ApA Vamberk","Vysoké Mýto, Valcha 187, ApA Vamberk, Česká republika",STRONG 3000VA/3F -30 minut/EI30,STRONG 3000VA/3F -30 minut/EI30,Štětina 777 040 929,Štětina 777 040 929,Pardubický,,,2026-02-04,2026-02-04,-89.0,Po termínu,červená,50.11756,16.29067,OK Mapy.com,,čeká na přesné geokódování,"vysoké mýto, valcha 187, apa vamberk, česká republika",2026-02-04,2026-02-04,-89.0,Po termínu,červená,2026-02-04 (plánovaná),"Kalendář FZ - 12 měsíců, 2023.xlsx",599,2023,,,,STRONG 3000VA/3F -30 minut/EI30,,,,4/26,,,,,,,,,,,,,,,,,,,,,,,,,,,,,,,,,,,,,,,,,,,,,,,,,,,,,,,,,,,,,,,,,,,,,,,,,,,,,,,,,,,,1,"Vysoké Mýto, Valcha 187, ApA Vamberk",,,,"Vysoké Mýto, Valcha 187, ApA Vamberk, Česká republika","Vysoké Mýto, Valcha 187, ApA Vamberk, Česká republika"
"Vyškov, Mlýnská 12, zimní stadion","Vyškov, Mlýnská 12, zimní stadion","Vyškov, Mlýnská 12, zimní stadion, Česká republika",STRONG 20kVA/3F - 30 minut,STRONG 20kVA/3F - 30 minut,Křetínský 724 395 733,Křetínský 724 395 733,Jihomoravský,,,2026-10-14,2026-04-14,163.0,Více než 60 dnů,zelená,49.2841,16.99185,OK Mapy.com,,čeká na přesné geokódování,"vyškov, mlýnská 12, zimní stadion, česká republika",2026-04-14,2026-10-14,163.0,Více než 60 dnů,zelená,2026-04-14 (proběhlá); 2026-10-14 (plánovaná),Kalendář FZ - 6 měsíců.xlsx,364,2017,ano,,Křetínský 724 395 733,STRONG 20kVA/3F - 30 minut,"Vyškov, Mlýnská 12, zimní stadion",,,,,14/26,,,,,,14/26,,,,,,,,,,,,,,,,,,,,,,,,,,,,,,,,,,,,,,,,,,,,,,,,,,,,,,,,,,,,,,,,,,,,,,,,,,,,2,,,,,"Vyškov, Mlýnská 12, zimní stadion, Česká republika","Vyškov, Mlýnská 12, zimní stadion, Česká republika"
"Vyškov, Tovární 810,8d","Vyškov, Tovární 810,8d","Vyškov, Tovární 810, 8d, Česká republika",PS 2000VA/3f-15 minut,PS 2000VA/3f-15 minut,Roman 728 256 079,Roman 728 256 079,Jihomoravský,"14.10.19, jedou sundat zdroj - lukin","14.10.19, jedou sundat zdroj - lukin",,,,Bez termínu,šedá,49.29523,17.00855,OK Mapy.com,,čeká na přesné geokódování,"vyškov, tovární 810, 8d, česká republika",,,,Bez termínu,šedá,,"Kalendář FZ - 12 měsíců, 2023.xlsx",598,2015,,,,PS 2000VA/3f-15 minut,,,,,,,,,,,4,,,,,,,,,,,,,,,,,,,,,,,,,,,,,,,,,,,,,,,,,,,,,,,,,,,,,,,,,,,,,,,,,,,,,,,,,,,,,0,"Vyškov, Tovární 810,8d",,5500,,"Vyškov, Tovární 810, 8d, Česká republika","Vyškov, Tovární 810, 8d, Česká republika"
"Zadov, Stachy 349, Sporthotel Olympia","Zadov, Stachy 349, Sporthotel Olympia","Zadov, Stachy 349, Sporthotel Olympia, Česká republika",STRONG 75kVA/30kVA/3F -45 minut,STRONG 75kVA/30kVA/3F -45 minut,"Kuncl 739 074 790, Ján Geletič 777 755 401","Kuncl 739 074 790, Ján Geletič 777 755 401",Jihočeský,,,2026-06-17,2025-12-17,44.0,30–60 dnů,žlutá,49.06756,13.62071,OK Mapy.com,,čeká na přesné geokódování,"zadov, stachy 349, sporthotel olympia, česká republika",2025-12-17,2026-06-17,44.0,30–60 dnů,žlutá,2025-12-17 (proběhlá); 2026-06-17 (plánovaná),Kalendář FZ - 6 měsíců.xlsx,365,2019,,,"Kuncl 739 074 790, Ján Geletič 777 755 401",STRONG 75kVA/30kVA/3F -45 minut,"Zadov, Stachy 349, Sporthotel Olympia",,,,,,,17/26,,,,,,17/25,,8500,,,,,,,,,,,,,,,,,,,,,,,,,,,,,,,,,,,,,,,,,,,,,,,,,,,,,,,,,,,,,,,,,,,,,,,,2,,,,,"Zadov, Stachy 349, Sporthotel Olympia, Česká republika","Zadov, Stachy 349, Sporthotel Olympia, Česká republika"
"Zbiroh, Majerové 704, BD","Zbiroh, Majerové 704, BD","BD, Majerové 704, Zbiroh, Česká republika",2 x STRONG 12kVA/2kVA/3F -45 minut,2 x STRONG 12kVA/2kVA/3F -45 minut,Vlach 604 450 001,Vlach 604 450 001,Plzeňský,,,2027-03-19,,319.0,Více než 60 dnů,zelená,49.85856,13.77399,upraveno - znovu geokódovat,,Adresa automaticky upravena pro Mapy.com; spusť znovu geokodér.,"zbiroh, majerové 704, bd, česká republika",,2027-03-19,319.0,Více než 60 dnů,zelená,2027-03-19 (plánovaná),"Kalendář FZ - 12 měsíců, 2023.xlsx",600,2023,,,,2 x STRONG 12kVA/2kVA/3F -45 minut,,,,,19/27,,,,,,,,,,,,,,,,,,,,,,,,,,,,,,,,,,,,,,,,,,,,,,,,,,,,,,,,,,,,,,,,,,,,,,,,,,,,,,,,,,,1,"Zbiroh, Majerové 704, BD",,,,"Zbiroh, Majerové 704, BD, Česká republika","BD, Majerové 704, Zbiroh, Česká republika"
"Zbýšov u Brna, Masarykova 700, hasiči","Zbýšov u Brna, Masarykova 700, hasiči","Zbýšov u Brna, Masarykova 700, hasiči, Česká republika",ASTIP PS 15kVA/3F - 10 minut,ASTIP PS 15kVA/3F - 10 minut,Dobšík 737 479 909,Dobšík 737 479 909,Jihomoravský,,,2025-02-11,2025-02-11,-447.0,Po termínu,červená,49.15776,16.34903,OK Mapy.com,,čeká na přesné geokódování,"zbýšov u brna, masarykova 700, hasiči, česká republika",2025-02-11,2025-02-11,-447.0,Po termínu,červená,2025-02-11 (plánovaná),"Kalendář FZ - 12 měsíců, 2023.xlsx",601,2016,,,,ASTIP PS 15kVA/3F - 10 minut,,,,11/25,,,,,,,,,,,,,,,,,,,,,,,,,,,,,,,,,,,,,,,,,,,,,,,,,,,,,,,,,,,,,,,,,,,,,,,,,,,,,,,,,,,,1,"Zbýšov u Brna, Masarykova 700, hasiči",,,,"Zbýšov u Brna, Masarykova 700, hasiči, Česká republika","Zbýšov u Brna, Masarykova 700, hasiči, Česká republika"
"Zdiby, Ke Zdibsku 272, prodejna LIDL","Zdiby, Ke Zdibsku 272, prodejna LIDL","Zdiby, Ke Zdibsku 272, prodejna LIDL, Česká republika",ASTIP STRONG 4000VA/3F-30 minut,ASTIP STRONG 4000VA/3F-30 minut,Dobeš údržba 720 979 680 Chmelík manager 727 901 418,Dobeš údržba 720 979 680 Chmelík manager 727 901 418,Středočeský,,,2026-10-28,2026-04-28,177.0,Více než 60 dnů,zelená,50.17523,14.45029,OK Mapy.com,,čeká na přesné geokódování,"zdiby, ke zdibsku 272, prodejna lidl, česká republika",2026-04-28,2026-10-28,177.0,Více než 60 dnů,zelená,2026-04-28 (proběhlá); 2026-10-28 (plánovaná),Kalendář FZ - 6 měsíců.xlsx,366,2017,,,Dobeš údržba 720 979 680 Chmelík manager 727 901 418,ASTIP STRONG 4000VA/3F-30 minut,"Zdiby, Ke Zdibsku 272, prodejna LIDL",,,,,28/26,,,,,,28/26,,,,,,,,,,,,,,,,,,,,,,,,,,,,,,,,,,,,,,,,,,,,,,,,,,,,,,,,,,,,,,,,,,,,,,,,,,,,2,,,,,"Zdiby, Ke Zdibsku 272, prodejna LIDL, Česká republika","Zdiby, Ke Zdibsku 272, prodejna LIDL, Česká republika"
"Zlín tř. 3. května, ASKO nábytek","Zlín tř. 3. května, ASKO nábytek","Zlín tř. 3. května, ASKO nábytek, Česká republika",PS 25 000/3F -10 minut,PS 25 000/3F -10 minut,Krotký 724 031 482,Krotký 724 031 482,Zlínský,,,2024-10-30,2024-04-30,-551.0,Po termínu,červená,49.20342,17.56875,OK Mapy.com,,čeká na přesné geokódování,"zlín tř. 3. května, asko nábytek, česká republika",2024-04-30,2024-10-30,-551.0,Po termínu,červená,2024-04-30 (proběhlá); 2024-10-30 (plánovaná),Kalendář FZ - 6 měsíců.xlsx,367,2011,,,Krotký 724 031 482,PS 25 000/3F -10 minut,"Zlín tř. 3. května, ASKO nábytek",,,,,30/24,,,,,,30/24,,,,,,,,,,,,,,,,,,,,,,,,,,,,,,,,,,,,,,,,,,,,,,,,,,,,,,,,,,,,,,,,,,,,,,,,,,,,2,,,,,"Zlín tř. 3. května, ASKO nábytek, Česká republika","Zlín tř. 3. května, ASKO nábytek, Česká republika"
"Zlín, Cecilka 38, Promens","Zlín, Cecilka 38, Promens","Zlín, Cecilka 38, Promens, Česká republika","STRONG 5000/3f - 1H, STRONG 2kVA/1F/4C-1H","STRONG 5000/3f - 1H, STRONG 2kVA/1F/4C-1H","Mráz 724 811 605, Pastorcak - 733 789 020","Mráz 724 811 605, Pastorcak - 733 789 020",Zlínský,,,2026-10-09,2026-04-09,158.0,Více než 60 dnů,zelená,49.22387,17.71832,OK Mapy.com,,čeká na přesné geokódování,"zlín, cecilka 38, promens, česká republika",2026-04-09,2026-10-09,158.0,Více než 60 dnů,zelená,2026-04-09 (proběhlá); 2026-10-09 (plánovaná),Kalendář FZ - 6 měsíců.xlsx,368,"2017, 2021",,,"Mráz 724 811 605, Pastorcak - 733 789 020","STRONG 5000/3f - 1H, STRONG 2kVA/1F/4C-1H","Zlín, Cecilka 38, Promens",,,,,9/26-2kVA,,,,,,9/26-2kVA,,,,,,,,,,,,,,,,,,,,,,,,,,,,,,,,,,,,,,,,,,,,,,,,,,,,,,,,,,,,,,,,,,,,,,,,,,,,2,,,,,"Zlín, Cecilka 38, Promens, Česká republika","Zlín, Cecilka 38, Promens, Česká republika"
"Zlín, Hřebíčkova 1320, BD","Zlín, Hřebíčkova 1320, BD","BD, Hřebíčkova 1320, Zlín, Česká republika",2 x STRONG 1000VA/3F-10 minut,2 x STRONG 1000VA/3F-10 minut,Švorčík 736 473 563,Švorčík 736 473 563,Zlínský,,,2026-01-06,2026-01-06,-118.0,Po termínu,červená,49.2089,17.59422,upraveno - znovu geokódovat,,Adresa automaticky upravena pro Mapy.com; spusť znovu geokodér.,"zlín, hřebíčkova 1320, bd, česká republika",2026-01-06,2026-01-06,-118.0,Po termínu,červená,2026-01-06 (plánovaná),"Kalendář FZ - 12 měsíců, 2023.xlsx",603,2021,,,,2 x STRONG 1000VA/3F-10 minut,,,6/26,,,,,,,,,,,,,,,,,,,,,,,,,,,,,,,,,,,,,,,,,,,,,,,,,,,,,,,,,,,,,,,,,,,,,,,,,,,,,,,,,,,,,1,"Zlín, Hřebíčkova 1320, BD",,,,"Zlín, Hřebíčkova 1320, BD, Česká republika","BD, Hřebíčkova 1320, Zlín, Česká republika"
"Zlín, Lešetín 1 -7207, BD","Zlín, Lešetín 1 -7207, BD","BD, Lešetín 1 -7207, Zlín, Česká republika",STRONG 4 000/3F - 10 minut + RPO,STRONG 4 000/3F - 10 minut + RPO,Zuzana Voglová 734 795 258,Zuzana Voglová 734 795 258,Zlínský,,,2026-04-29,2026-04-29,-5.0,Po termínu,červená,49.22797,17.67283,upraveno - znovu geokódovat,,Adresa automaticky upravena pro Mapy.com; spusť znovu geokodér.,"zlín, lešetín 1 -7207, bd, česká republika",2026-04-29,2026-04-29,-5.0,Po termínu,červená,2026-04-29 (plánovaná),"Kalendář FZ - 12 měsíců, 2023.xlsx",604,2019,,,,STRONG 4 000/3F - 10 minut + RPO,,,,,,29/26,,,,,,,,,,,,,,,,,,,,,,,,,,,,,,,,,,,,,,,,,,,,,,,,,,,,,,,,,,,,,,,,,,,,,,,,,,,,,,,,,,1,"Zlín, Lešetín 1 -7207, BD",,,,"Zlín, Lešetín 1 -7207, BD, Česká republika","BD, Lešetín 1 -7207, Zlín, Česká republika"
"Zlín, NVZ Promens, U tescomy","Zlín, NVZ Promens, U tescomy","Zlín, NVZ Promens, U tescomy, Česká republika",Astip Strong 5000/1f,Astip Strong 5000/1f,,,Zlínský,,,2025-03-24,2024-09-24,-406.0,Po termínu,červená,49.22379,17.72966,OK Mapy.com,,čeká na přesné geokódování,"zlín, nvz promens, u tescomy, česká republika",2024-09-24,2025-03-24,-406.0,Po termínu,červená,2024-09-24 (proběhlá); 2025-03-24 (plánovaná),Kalendář FZ - 6 měsíců.xlsx,369,2019,,,,Astip Strong 5000/1f,"Zlín, NVZ Promens, U tescomy",,,,24/25,,,,,,24/24,,,,,,,,,,,,,,,,,,,,,,,,,,,,,,,,,,,,,,,,,,,,,,,,,,,,,,,,,,,,,,,,,,,,,,,,,,,,,2,,,,,"Zlín, NVZ Promens, U tescomy, Česká republika","Zlín, NVZ Promens, U tescomy, Česká republika"
"Zlín, Prior","Zlín, Prior","Zlín, Prior, Česká republika",R-SOZ,R-SOZ,Corradini 724 230 992,Corradini 724 230 992,Zlínský,,,2022-08-18,2022-08-18,-1355.0,Po termínu,červená,49.22246,17.66218,OK Mapy.com,,čeká na přesné geokódování,"zlín, prior, česká republika",2022-08-18,2022-08-18,-1355.0,Po termínu,červená,2022-08-18 (plánovaná),"Kalendář FZ - 12 měsíců, 2023.xlsx",605,bez,,,,R-SOZ,,,,,,,,,,18/22,,,,,,,,,,,,,,,,,,,,,,,,,,,,,,,,,,,,,,,,,,,,,,,,,,,,,,,,,,,,,,,,,,,,,,,,,,,,,,1,"Zlín, Prior",,,,"Zlín, Prior, Česká republika","Zlín, Prior, Česká republika"
"Zlín, Tř. Tomáše Bati 87","Zlín, Tř. Tomáše Bati 87","Zlín, Tř. Tomáše Bati 87, Česká republika",PS 3000/3f-45 minut,PS 3000/3f-45 minut,Petr Bílek - 777 885 570,Petr Bílek - 777 885 570,Zlínský,"POZOR - jedna baterka je asi nefunkční, snad ta nahoře, jsou špatně dostupné, nalepené na plechu","POZOR - jedna baterka je asi nefunkční, snad ta nahoře, jsou špatně dostupné, nalepené na plechu",2026-03-27,2026-03-27,-38.0,Po termínu,červená,49.22595,17.67531,OK Mapy.com,,čeká na přesné geokódování,"zlín, tř. tomáše bati 87, česká republika",2026-03-27,2026-03-27,-38.0,Po termínu,červená,2026-03-27 (plánovaná),"Kalendář FZ - 12 měsíců, 2023.xlsx",606,2015,,,,  PS 3000/3f-45 minut,,,,,27/26,,,,,,,,,,,,,,,,,,,,,,,,,,,,,,,,,,,,,,,,,,,,,,,,,,,,,,,,,,,,,,,,,,,,,,,,,,,,,,,,,,,1,"Zlín, Tř. Tomáše Bati 87",,,,"Zlín, Tř. Tomáše Bati 87, Česká republika","Zlín, Tř. Tomáše Bati 87, Česká republika"
"Zlín, Zálešná II -7229","Zlín, Zálešná II -7229","Zlín, Zálešná II -7229, Česká republika",ASTIP STRONG 3kVA/3F-60 minut,ASTIP STRONG 3kVA/3F-60 minut,Vogel 777888326,Vogel 777888326,Zlínský,,,2026-05-19,,15.0,7–30 dnů,oranžová,49.23029,17.68515,OK Mapy.com,,čeká na přesné geokódování,"zlín, zálešná ii -7229, česká republika",,2026-05-19,15.0,7–30 dnů,oranžová,2026-05-19 (plánovaná),"Kalendář FZ - 12 měsíců, 2023.xlsx",607,2021,,,,ASTIP STRONG 3kVA/3F-60 minut,,,,,,,19/26,,,,,,,,,,,,,,,,,,,,,,,,,,,,,,,,,,,,,,,,,,,,,,,,,,,,,,,,,,,,,,,,,,,,,,,,,,,,,,,,,1,"Zlín, Zálešná II -7229",,,,"Zlín, Zálešná II -7229, Česká republika","Zlín, Zálešná II -7229, Česká republika"
"Zlín, Čepkovská 7263, BD","Zlín, Čepkovská 7263, BD","BD, Čepkovská 7263, Zlín, Česká republika","ASTIP STRONG 50kVA/7,5kVA/3F -10 minut","ASTIP STRONG 50kVA/7,5kVA/3F -10 minut",Vhome- pí Voglová 773 777 182,Vhome- pí Voglová 773 777 182,Zlínský,"pan Žouželka - předseda SVJ, děsnej vysírač, děsnej…","pan Žouželka - předseda SVJ, děsnej vysírač, děsnej…",2024-07-19,2024-07-19,-654.0,Po termínu,červená,49.22953,17.66377,upraveno - znovu geokódovat,,Adresa automaticky upravena pro Mapy.com; spusť znovu geokodér.,"zlín, čepkovská 7263, bd, česká republika",2024-07-19,2024-07-19,-654.0,Po termínu,červená,2024-07-19 (plánovaná),"Kalendář FZ - 12 měsíců, 2023.xlsx",602,2022,,,,"ASTIP STRONG 50kVA/7,5kVA/3F -10 minut",,,,,,,,,19/24,,,,,,,,,,,,,,,,,,,,,,,,,,,,,,,,,,,,,,,,,,,,,,,,,,,,,,,,,,,,,,,,,,,,,,,,,,,,,,,1,"Zlín, Čepkovská 7263, BD",,,,"Zlín, Čepkovská 7263, BD, Česká republika","BD, Čepkovská 7263, Zlín, Česká republika"
"Zlín, Štefáníkova 150, koleje a menza","Zlín, Štefáníkova 150, koleje a menza","koleje a menza, Štefáníkova 150, Zlín, Česká republika",ASTIP STRONG 40kVA/3F -45 minut,ASTIP STRONG 40kVA/3F -45 minut,Ing. Pavel Valášek 603 882 392,Ing. Pavel Valášek 603 882 392,Zlínský,,,2026-05-13,2025-11-13,9.0,7–30 dnů,oranžová,49.22411,17.66939,upraveno - znovu geokódovat,,Adresa automaticky upravena pro Mapy.com; spusť znovu geokodér.,"zlín, štefáníkova 150, koleje a menza, česká republika",2025-11-13,2026-05-13,9.0,7–30 dnů,oranžová,2025-11-13 (proběhlá); 2026-05-13 (plánovaná),Kalendář FZ - 6 měsíců.xlsx,370,2022,,,Ing. Pavel Valášek 603 882 392,ASTIP STRONG 40kVA/3F -45 minut,"Zlín, Štefáníkova 150, koleje a menza",,,,,,13/26,,,,,,13/25,,,,,,,,,,,,,,,,,,,,,,,,,,,,,,,,,,,,,,,,,,,,,,,,,,,,,,,,,,,,,,,,,,,,,,,,,,,2,,,,,"Zlín, Štefáníkova 150, koleje a menza, Česká republika","koleje a menza, Štefáníkova 150, Zlín, Česká republika"
"Znojmo, Holandská 30","Znojmo, Holandská 30","Znojmo, Holandská 30, Česká republika",PS 40 000VA/3f,PS 40 000VA/3f,Mgr. Nováková 515 227 321,Mgr. Nováková 515 227 321,Jihomoravský,,,2026-08-13,2026-02-13,101.0,Více než 60 dnů,zelená,48.83978,16.0659,OK Mapy.com,,čeká na přesné geokódování,"znojmo, holandská 30, česká republika",2026-02-13,2026-08-13,101.0,Více než 60 dnů,zelená,2026-02-13 (proběhlá); 2026-08-13 (plánovaná),Kalendář FZ - 6 měsíců.xlsx,371,2018.2023,,,Mgr. Nováková 515 227 321,PS 40 000VA/3f,"Znojmo, Holandská 30",,,13/26,,,,,,13/26,,,,,,,,,,,,,,,,,,,,,,,,,,,,,,,,,,,,,,,,,,,,,,,,,,,,,,,,,,,,,,,,,,,,,,,,,,,,,,2,,,,,"Znojmo, Holandská 30, Česká republika","Znojmo, Holandská 30, Česká republika"
"Zruč nad Sázavou, Nám. Míru 597, Centrin","Zruč nad Sázavou, Nám. Míru 597, Centrin","Zruč nad Sázavou, Nám. Míru 597, Centrin, Česká republika",ASTIP PS 30 000/3f - 45 minut,ASTIP PS 30 000/3f - 45 minut,,,Středočeský,,,2025-01-03,2024-07-03,-486.0,Po termínu,červená,49.74357,15.08752,OK Mapy.com,,čeká na přesné geokódování,"zruč nad sázavou, nám. míru 597, centrin, česká republika",2024-07-03,2025-01-03,-486.0,Po termínu,červená,2024-07-03 (proběhlá); 2025-01-03 (plánovaná),Kalendář FZ - 6 měsíců.xlsx,372,2018,,,,ASTIP PS 30 000/3f - 45 minut,"Zruč nad Sázavou, Nám. Míru 597, Centrin",,3/25,,,,,,3/24,,,,,,,,,,,,,,,,,,,,,,,,,,,,,,,,,,,,,,,,,,,,,,,,,,,,,,,,,,,,,,,,,,,,,,,,,,,,,,,2,,,,,"Zruč nad Sázavou, Nám. Míru 597, Centrin, Česká republika","Zruč nad Sázavou, Nám. Míru 597, Centrin, Česká republika"
"Ústí nad Labem, Jizerská 29, 30, 32","Ústí nad Labem, Jizerská 29, 30, 32","Ústí nad Labem, Jizerská 29, 30, 32, Česká republika",3 x zdroj -LiftBack 5kVA/3F - 7 minut,3 x zdroj -LiftBack 5kVA/3F - 7 minut,Petr Hrdlička - 724 228 209,Petr Hrdlička - 724 228 209,Ústecký,,,,,,Bez termínu,šedá,50.67789,14.04292,OK Mapy.com,,čeká na přesné geokódování,"ústí nad labem, jizerská 29, 30, 32, česká republika",,,,Bez termínu,šedá,,"Kalendář FZ - 12 měsíců, 2023.xlsx",587,2017,,,,3 x zdroj -LiftBack 5kVA/3F - 7 minut ,,,,,,,,,,,,,,,,,,,,,,,,,,,,,,,,,,,,,,,,,,,,,,,,,,,,,,,,,,,,,,,,,,,,,,,,,,,,,,,,,,,,,,,,0,"Ústí nad Labem, Jizerská 29, 30, 32",,,,"Ústí nad Labem, Jizerská 29, 30, 32, Česká republika","Ústí nad Labem, Jizerská 29, 30, 32, Česká republika"
"Ústí nad Labem, K Pierburgu 1","Ústí nad Labem, K Pierburgu 1","Ústí nad Labem, K Pierburgu 1, Česká republika",ASTIP PS 7500/3f - 7 min,ASTIP PS 7500/3f - 7 min,pan Žoha 736 527 006,pan Žoha 736 527 006,Ústecký,,,2027-03-18,,318.0,Více než 60 dnů,zelená,50.65038,13.98741,OK Mapy.com,,čeká na přesné geokódování,"ústí nad labem, k pierburgu 1, česká republika",,2027-03-18,318.0,Více než 60 dnů,zelená,2027-03-18 (plánovaná),"Kalendář FZ - 12 měsíců, 2023.xlsx",588,2015,,,,ASTIP PS 7500/3f - 7 min,,,,,18/27,,,,,,,,,,,,,,,,,,,,,,,,,,,,,,,,,,,,,,,,,,,,,,,,,,,,,,,,,,,,,,,,,,,,,,,,,,,,,,,,,,,1,"Ústí nad Labem, K Pierburgu 1",,,,"Ústí nad Labem, K Pierburgu 1, Česká republika","Ústí nad Labem, K Pierburgu 1, Česká republika"
"Ústí nad Labem, Velká hradební, KD","Ústí nad Labem, Velká hradební, KD","Ústí nad Labem, Velká hradební, KD, Česká republika",ASTIP STRONG 15kVA/3F -45 minut,ASTIP STRONG 15kVA/3F -45 minut,Jiří Půst 777 901 715,Jiří Půst 777 901 715,Ústecký,,,2025-05-07,2024-11-07,-362.0,Po termínu,červená,50.66229,14.04197,OK Mapy.com,,čeká na přesné geokódování,"ústí nad labem, velká hradební, kd, česká republika",2024-11-07,2025-05-07,-362.0,Po termínu,červená,2024-11-07 (proběhlá); 2025-05-07 (plánovaná),Kalendář FZ - 6 měsíců.xlsx,345,nový 2023,,,Jiří Půst 777 901 715,ASTIP STRONG 15kVA/3F -45 minut,"Ústí nad Labem, Velká hradební, KD",,,,,,7/25,,,,,,7/24,,,,,,,,,,,,,,,,,,,,,,,,,,,,,,,,,,,,,,,,,,,,,,,,,,,,,,,,,,,,,,,,,,,,,,,,,,,2,,,,,"Ústí nad Labem, Velká hradební, KD, Česká republika","Ústí nad Labem, Velká hradební, KD, Česká republika"
"Čeladná, Čeladná 990, Golferia","Čeladná, Čeladná 990, Golferia","Čeladná, Čeladná 990, Golferia, Česká republika","PS 40kVA/3F -45 minut, PS 20kVA/3F -45 minut","PS 40kVA/3F -45 minut, PS 20kVA/3F -45 minut",Šubrtová 552 303 900,Šubrtová 552 303 900,Moravskoslezský,,,2024-08-15,2024-02-15,-627.0,Po termínu,červená,49.52991,18.32637,OK Mapy.com,,čeká na přesné geokódování,"čeladná, čeladná 990, golferia, česká republika",2024-02-15,2024-08-15,-627.0,Po termínu,červená,2024-02-15 (proběhlá); 2024-08-15 (plánovaná),Kalendář FZ - 6 měsíců.xlsx,62,2019,,,Šubrtová 552 303 900,"PS 40kVA/3F -45 minut, PS 20kVA/3F -45 minut","Čeladná, Čeladná 990, Golferia",,,15/24-1 x stop stav,,,,,,15/24,,,,,,,,,,,,,,,,,,,,,,,,,,,,,,,,,,,,,,,,,,,,,,,,,,,,,,,,,,,,,,,,,,,,,,,,,,,,,,2,,,,,"Čeladná, Čeladná 990, Golferia, Česká republika","Čeladná, Čeladná 990, Golferia, Česká republika"
"Černovice u Tábora, Bělohorského 367, ZŚ a MŠ","Černovice u Tábora, Bělohorského 367, ZŚ a MŠ","Bělohorského 367, Černovice u Tábora, Česká republika",ASTIP STRONG 2000VA/3F-30 minut,ASTIP STRONG 2000VA/3F-30 minut,pan Koblic 606 174 811,pan Koblic 606 174 811,Vysočina,,,2026-05-25,2025-11-25,21.0,7–30 dnů,oranžová,,,zjednodušeno - geokódovat znovu,,"Dotaz zjednodušen na ulici/číslo + město + ČR/SR, bez názvů objektů.","černovice u tábora, bělohorského 367, zś a mš, česká republika",2025-11-25,2026-05-25,21.0,7–30 dnů,oranžová,2025-11-25 (proběhlá); 2026-05-25 (plánovaná),Kalendář FZ - 6 měsíců.xlsx,64,2021,,,pan Koblic 606 174 811,ASTIP STRONG 2000VA/3F-30 minut,"Černovice u Tábora, Bělohorského 367, ZŚ a MŠ",,,,,,25/26,,,,,,25/25,,,,,,,,,,,,,,,,,,,,,,,,,,,,,,,,,,,,,,,,,,,,,,,,,,,,,,,,,,,,,,,,,,,,,,,,,,,2,,,,,"Černovice u Tábora, Bělohorského 367, ZŚ a MŠ, Česká republika","ZŚ a MŠ, Bělohorského 367, Černovice u Tábora, Česká republika"
"Černošice, Ostružinová, Alzheimcentrum","Černošice, Ostružinová, Alzheimcentrum","Ostružinová, Alzheimcentrum, Černošice, Česká republika",Astip PS 30 000/3f-30 minut + RPO,Astip PS 30 000/3f-30 minut + RPO,Jiří Šusta  778 494 050,Jiří Šusta  778 494 050,Středočeský,"pak komunikace s Kadavým, ale nic...7.3.2025 -poslán dotaz venuse.gollanova@alzheimerhome.cz, 30.4.2024 -poslaná aktualizace CN","pak komunikace s Kadavým, ale nic...7.3.2025 -poslán dotaz venuse.gollanova@alzheimerhome.cz, 30.4.2024 -poslaná aktualizace CN",2022-10-06,2022-10-06,-1306.0,Po termínu,červená,50.05901,14.49893,upraveno - znovu geokódovat,,Adresa automaticky upravena pro Mapy.com; spusť znovu geokodér.,"černošice, ostružinová, alzheimcentrum, česká republika",2022-10-06,2022-10-06,-1306.0,Po termínu,červená,2022-10-06 (plánovaná),Kalendář FZ - 6 měsíců.xlsx,63,2018,,,Jiří Šusta  778 494 050,Astip PS 30 000/3f-30 minut + RPO,"Černošice, Ostružinová, Alzheimcentrum",,,,,,,,,,,6/22,,,,,,,,,,,,,,,,,,,,,,,,,,,,,,,,,,,,,,,,,,,,,,,,,,,,,,,,,,,,,,,,,,,,,,,,,,,,1,,,,,"Černošice, Ostružinová, Alzheimcentrum, Česká republika","Ostružinová, Alzheimcentrum, Černošice, Česká republika"
"Černý Důl 89, hotel","Černý Důl 89, hotel","hotel, Černý Důl 89, Česká republika",STRONG 30kVA/15kVA/3f -45 minut,STRONG 30kVA/15kVA/3f -45 minut,Bombera 603 921 170,Bombera 603 921 170,,,,2025-06-06,2024-12-12,-332.0,Po termínu,červená,49.22697,16.58396,upraveno - znovu geokódovat,,Adresa automaticky upravena pro Mapy.com; spusť znovu geokodér.,"černý důl 89, hotel, česká republika",2024-12-12,2025-06-06,-332.0,Po termínu,červená,2024-12-12 (proběhlá); 2025-06-06 (plánovaná),Kalendář FZ - 6 měsíců.xlsx,65,2022,,,Bombera 603 921 170,STRONG 30kVA/15kVA/3f -45 minut,"Černý Důl 89, hotel",,,,,,,6/25,,,,,,12/24,,,,,,,,,,,,,,,,,,,,,,,,,,,,,,,,,,,,,,,,,,,,,,,,,,,,,,,,,,,,,,,,,,,,,,,,,,2,,,,,"Černý Důl 89, hotel, Česká republika","hotel, Černý Důl 89, Česká republika"
"Červený Kostelec, Lhota za Červeným Kostelcem 439","Červený Kostelec, Lhota za Červeným Kostelcem 439","Červený Kostelec, Lhota za Červeným Kostelcem 439, Česká republika",STRONG 60kVA/3f - 30min. + RPO,STRONG 60kVA/3f - 30min. + RPO,Hašek - 739 174 017,Hašek - 739 174 017,Královehradecký,ALBI,ALBI,2026-04-08,2026-04-08,-26.0,Po termínu,červená,50.47774,16.07272,OK Mapy.com,,čeká na přesné geokódování,"červený kostelec, lhota za červeným kostelcem 439, česká republika",2026-04-08,2026-04-08,-26.0,Po termínu,červená,2026-04-08 (plánovaná),Kalendář FZ - 6 měsíců.xlsx,66,2019,ano,,Hašek - 739 174 017,STRONG 60kVA/3f - 30min. + RPO,"Červený Kostelec, Lhota za Červeným Kostelcem 439",,,,,8/26,,,,,,,,,,,,,,,,,,,,,,,,,,,,,,,,,,,,,,,,,,,,,,,,,,,,,,,,,,,,,,,,,,,,,,,,,,,,,,,,,,1,,,,,"Červený Kostelec, Lhota za Červeným Kostelcem 439, Česká republika","Červený Kostelec, Lhota za Červeným Kostelcem 439, Česká republika"
"Česká Lípa, Bombardier","Česká Lípa, Bombardier","Česká Lípa, Bombardier, Česká republika",STRONG 4 000/1F - 60 minut,STRONG 4 000/1F - 60 minut,Moravčík 737 034 079,Moravčík 737 034 079,Liberecký,"2021 -máme nový zdroj na hale C, STRONG 1,5kVA/1F-60 minut, v.č.21080401 - poptat se i na revizi toho","2021 -máme nový zdroj na hale C, STRONG 1,5kVA/1F-60 minut, v.č.21080401 - poptat se i na revizi toho",2022-01-28,2022-01-28,-1557.0,Po termínu,červená,50.67325,14.52708,OK Mapy.com,,čeká na přesné geokódování,"česká lípa, bombardier, česká republika",2022-01-28,2022-01-28,-1557.0,Po termínu,červená,2022-01-28 (plánovaná),"Kalendář FZ - 12 měsíců, 2023.xlsx",142,2019,,,,STRONG 4 000/1F - 60 minut ,,,28/22,,,,,,,,,,,,,,,,,,,,,,,,,,,,,,,,,,,,,,,,,,,,,,,,,,,,,,,,,,,,,,,,,,,,,,,,,,,,,,,,,,,,,1,"Česká Lípa, Bombardier ",,,,"Česká Lípa, Bombardier, Česká republika","Česká Lípa, Bombardier, Česká republika"
"Česká Lípa, Děčínská 2740","Česká Lípa, Děčínská 2740","Česká Lípa, Děčínská 2740, Česká republika",ASTIP PS 10kVA/3F-45 minut,ASTIP PS 10kVA/3F-45 minut,Houžvička Jiři 778 494 455,Houžvička Jiři 778 494 455,Liberecký,,,2026-05-13,2025-11-13,9.0,7–30 dnů,oranžová,50.68925,14.51584,OK Mapy.com,,čeká na přesné geokódování,"česká lípa, děčínská 2740, česká republika",2025-11-13,2026-05-13,9.0,7–30 dnů,oranžová,2025-11-13 (proběhlá); 2026-05-13 (plánovaná),Kalendář FZ - 6 měsíců.xlsx,67,2017,,,Houžvička Jiři 778 494 455,ASTIP PS 10kVA/3F-45 minut,"Česká Lípa, Děčínská 2740",,,,,,13/26,,,,,,13/25,,,,,,,,,,,,,,,,,,,,,,,,,,,,,,,,,,,,,,,,,,,,,,,,,,,,,,,,,,,,,,,,,,,,,,,,,,,2,,,,,"Česká Lípa, Děčínská 2740, Česká republika","Česká Lípa, Děčínská 2740, Česká republika"
Česká u Brna - AQUAL,Česká u Brna - AQUAL,"Česká u Brna, AQUAL, Česká republika",PS 5 000/3F -30 minut,PS 5 000/3F -30 minut,Šustr - 603 156 216,Šustr - 603 156 216,Jihomoravský ,31.3.2021- prodloužení záruky o 18 měsíců,31.3.2021- prodloužení záruky o 18 měsíců,2026-05-13,,9.0,7–30 dnů,oranžová,49.28655,16.56234,OK Mapy.com,,čeká na přesné geokódování,"česká u brna, aqual, česká republika",,2026-05-13,9.0,7–30 dnů,oranžová,2026-05-13 (plánovaná),"Kalendář FZ - 12 měsíců, 2023.xlsx",143,2017,ano,,,PS 5 000/3F -30 minut,,,,,,,13/26,,,,,,,,,,,,,,,,,,,,,,,,,,,,,,,,,,,,,,,,,,,,,,,,,,,,,,,,,,,,,,,,,,,,,,,,,,,,,,,,,1,Česká u Brna - AQUAL,,6800,,"Česká u Brna, AQUAL, Česká republika","Česká u Brna, AQUAL, Česká republika"
"České Budějovice, BD Plukovníka Malého","České Budějovice, BD Plukovníka Malého","BD Plukovníka Malého, Česká republika",STRONG 2000/3f - 15min.,STRONG 2000/3f - 15min.,Šimková 607 015 365,Šimková 607 015 365,Jihočeský,25.11.2019 - poslán návrh servisní smlouvy,25.11.2019 - poslán návrh servisní smlouvy,2027-01-14,,255.0,Více než 60 dnů,zelená,48.97447,14.47434,OK final,,"Dotaz zjednodušen na ulici/číslo + město + ČR/SR, bez názvů objektů.","české budějovice, bd plukovníka malého, česká republika",,2027-01-14,255.0,Více než 60 dnů,zelená,2027-01-14 (plánovaná),"Kalendář FZ - 12 měsíců, 2023.xlsx",144,"2018, new 2022",,,,STRONG 2000/3f - 15min.,,,14/27,,,,,,,,,,,,,,,,,,,,,,,,,,,,,,,,,,,,,,,,,,,,,,,,,,,,,,,,,,,,,,,,,,,,,,,,,,,,,,,,,,,,,1,"České Budějovice, BD Plukovníka Malého",,,,"České Budějovice, BD Plukovníka Malého, Česká republika","BD Plukovníka Malého, České Budějovice, Česká republika"
"České Budějovice, Husova třída, výstaviště","České Budějovice, Husova třída, výstaviště","České Budějovice, Husova třída, výstaviště, Česká republika",ASTIP STRONG Liftback 30kVA/3F -10 minut,ASTIP STRONG Liftback 30kVA/3F -10 minut,"Pechač 606 658 272, ing.Kolář 602 643 514","Pechač 606 658 272, ing.Kolář 602 643 514",Jihočeský,,,2026-07-07,2026-01-07,64.0,Více než 60 dnů,zelená,48.97892,14.46088,OK Mapy.com,,čeká na přesné geokódování,"české budějovice, husova třída, výstaviště, česká republika",2026-01-07,2026-07-07,64.0,Více než 60 dnů,zelená,2026-01-07 (proběhlá); 2026-07-07 (plánovaná),Kalendář FZ - 6 měsíců.xlsx,68,2021,,,"Pechač 606 658 272, ing.Kolář 602 643 514",ASTIP STRONG Liftback 30kVA/3F -10 minut,"České Budějovice, Husova třída, výstaviště",,7/26,,,,,,7/26,,,,,,,,,,,,,,,,,,,,,,,,,,,,,,,,,,,,,,,,,,,,,,,,,,,,,,,,,,,,,,,,,,,,,,,,,,,,,,,2,,,,,"České Budějovice, Husova třída, výstaviště, Česká republika","České Budějovice, Husova třída, výstaviště, Česká republika"
"České Budějovice, Husova třída","České Budějovice, Husova třída","České Budějovice, Husova třída, Česká republika",PS 7500/3f-45 min,PS 7500/3f-45 min,Klinkl Pavel 777 567 169,Klinkl Pavel 777 567 169,Jihočeský,,,2026-09-11,,130.0,Více než 60 dnů,zelená,48.97841,14.45915,OK Mapy.com,,čeká na přesné geokódování,"české budějovice, husova třída, česká republika",,2026-09-11,130.0,Více než 60 dnů,zelená,2026-09-11 (plánovaná),"Kalendář FZ - 12 měsíců, 2023.xlsx",145,2017,,,,PS 7500/3f-45 min,,,,,,,,,,,11/26,,,,,,,,,,,,,,,,,,,,,,,,,,,,,,,,,,,,,,,,,,,,,,,,,,,,,,,,,,,,,,,,,,,,,,,,,,,,,1,"České Budějovice, Husova třída",,,,"České Budějovice, Husova třída, Česká republika","České Budějovice, Husova třída, Česká republika"
"České Budějovice, Kamarytova 2848_2, admin. budova f. Hauser","České Budějovice, Kamarytova 2848_2, admin. budova f. Hauser","admin. f. Hauser, Kamarytova 2848/2, České Budějovice, Česká republika",ASTIP STRONG 2kVA/3F-30 minut,ASTIP STRONG 2kVA/3F-30 minut,Hluštík 733 677 859,Hluštík 733 677 859,Jihočeský,,,2027-03-19,,319.0,Více než 60 dnů,zelená,48.96903,14.49418,upraveno - znovu geokódovat,,Adresa automaticky upravena pro Mapy.com; spusť znovu geokodér.,"české budějovice, kamarytova 2848/2, admin. budova f. hauser, česká republika",,2027-03-19,319.0,Více než 60 dnů,zelená,2027-03-19 (plánovaná),"Kalendář FZ - 12 měsíců, 2023.xlsx",146,2019,ano,,,ASTIP STRONG 2kVA/3F-30 minut,,,,,19/27,,,,,,,,,,,,,,,,,,,,,,,,,,,,,,,,,,,,,,,,,,,,,,,,,,,,,,,,,,,,,,,,,,,,,,,,,,,,,,,,,,,1,"České Budějovice, Kamarytova 2848_2, admin. budova f. Hauser",,,,"České Budějovice, Kamarytova 2848/2, admin. budova f. Hauser, Česká republika","admin. f. Hauser, Kamarytova 2848/2, České Budějovice, Česká republika"
"České Budějovice, Lidická 1, Jihočeská vědecká knihovna","České Budějovice, Lidická 1, Jihočeská vědecká knihovna","České Budějovice, Lidická 1, Jihočeská vědecká knihovna, Česká republika","ASTIP STRONG 20kVA/3F-60 min, RPO","ASTIP STRONG 20kVA/3F-60 min, RPO",Uhlíř 727 808 438,Uhlíř 727 808 438,Jihočeský,,,2026-07-14,2026-01-14,71.0,Více než 60 dnů,zelená,48.97049,14.47553,OK Mapy.com,,čeká na přesné geokódování,"české budějovice, lidická 1, jihočeská vědecká knihovna, česká republika",2026-01-14,2026-07-14,71.0,Více než 60 dnů,zelená,2026-01-14 (proběhlá); 2026-07-14 (plánovaná),Kalendář FZ - 6 měsíců.xlsx,69,2020,,,Uhlíř 727 808 438,"ASTIP STRONG 20kVA/3F-60 min, RPO","České Budějovice, Lidická 1, Jihočeská vědecká knihovna",,14/26,,,,,,14/26,,,,,,,,,,,,,,,,,,,,,,,,,,,,,,,,,,,,,,,,,,,,,,,,,,,,,,,,,,,,,,,,,,,,,,,,,,,,,,,2,,,,,"České Budějovice, Lidická 1, Jihočeská vědecká knihovna, Česká republika","České Budějovice, Lidická 1, Jihočeská vědecká knihovna, Česká republika"
"České Budějovice, Studentská 15, koleje a menzy","České Budějovice, Studentská 15, koleje a menzy","České Budějovice, Studentská 15, koleje a menzy, Česká republika",ASTIP STRONG Liftback 106kVA/30kVA/3F -45 minut,ASTIP STRONG Liftback 106kVA/30kVA/3F -45 minut,Ing.Lukáš Karas 602 461 565,Ing.Lukáš Karas 602 461 565,Jihočeský,,,2026-10-28,2026-04-28,177.0,Více než 60 dnů,zelená,48.97769,14.45056,OK Mapy.com,,čeká na přesné geokódování,"české budějovice, studentská 15, koleje a menzy, česká republika",2026-04-28,2026-10-28,177.0,Více než 60 dnů,zelená,2026-04-28 (proběhlá); 2026-10-28 (plánovaná),Kalendář FZ - 6 měsíců.xlsx,70,2022,,,Ing.Lukáš Karas 602 461 565,ASTIP STRONG Liftback 106kVA/30kVA/3F -45 minut,"České Budějovice, Studentská 15, koleje a menzy",,,,,28/26,,,,,,28/26,,,,,,,,,,,,,,,,,,,,,,,,,,,,,,,,,,,,,,,,,,,,,,,,,,,,,,,,,,,,,,,,,,,,,,,,,,,,2,,,,,"České Budějovice, Studentská 15, koleje a menzy, Česká republika","České Budějovice, Studentská 15, koleje a menzy, Česká republika"
"Český Krumlov, Náměstí Svornosti 12, hotel Old Inn","Český Krumlov, Náměstí Svornosti 12, hotel Old Inn","hotel Old Inn, Náměstí Svornosti 12, Český Krumlov, Česká republika",ASTIP STRONG 30kVA/3f-45 min,ASTIP STRONG 30kVA/3f-45 min,František Dubský,František Dubský,Jihočeský,,,2026-07-07,2026-01-07,64.0,Více než 60 dnů,zelená,48.81059,14.31456,upraveno - znovu geokódovat,,Adresa automaticky upravena pro Mapy.com; spusť znovu geokodér.,"český krumlov, náměstí svornosti 12, hotel old inn, česká republika",2026-01-07,2026-07-07,64.0,Více než 60 dnů,zelená,2026-01-07 (proběhlá); 2026-07-07 (plánovaná),Kalendář FZ - 6 měsíců.xlsx,71,2019,,,František Dubský ,ASTIP STRONG 30kVA/3f-45 min,"Český Krumlov, Náměstí Svornosti 12, hotel Old Inn",,7/26,,,,,,7/26,,,,,,,,,,,,,,,,,,,,,,,,,,,,,,,,,,,,,,,,,,,,,,,,,,,,,,,,,,,,,,,,,,,,,,,,,,,,,,,2,,,,,"Český Krumlov, Náměstí Svornosti 12, hotel Old Inn, Česká republika","hotel Old Inn, Náměstí Svornosti 12, Český Krumlov, Česká republika"
"Český Těšín, Komenského 6","Český Těšín, Komenského 6","Český Těšín, Komenského 6, Česká republika",PS 12kVA/3f-45 minut,PS 12kVA/3f-45 minut,605717339 p. Kaniová,605717339 p. Kaniová,Moravskoslezský,Domov Jistoty,Domov Jistoty,2026-07-20,2026-01-20,77.0,Více než 60 dnů,zelená,49.74472,18.61798,OK Mapy.com,,čeká na přesné geokódování,"český těšín, komenského 6, česká republika",2026-01-20,2026-07-20,77.0,Více než 60 dnů,zelená,2026-01-20 (proběhlá); 2026-07-20 (plánovaná),Kalendář FZ - 6 měsíců.xlsx,72,2015,,,605717339 p. Kaniová,  PS 12kVA/3f-45 minut,"Český Těšín, Komenského 6",,20/26,,,,,,20/26,,,,,,,,,,,,,,,,,,,,,,,,,,,,,,,,,,,,,,,,,,,,,,,,,,,,,,,,,,,,,,,,,,,,,,,,,,,,,,,2,,,,,"Český Těšín, Komenského 6, Česká republika","Český Těšín, Komenského 6, Česká republika"
"Český Těšín, Průmyslová 2007, KOVONA","Český Těšín, Průmyslová 2007, KOVONA","Český Těšín, Průmyslová 2007, KOVONA, Česká republika",Strong 10kVA/3f-30 minut,Strong 10kVA/3f-30 minut,Kotík - 731 104 137,Kotík - 731 104 137,Moravskoslezský,"2024 - Waluš -ano, prý zdroj kompletně předělali, je funkční a servisuje ho někdo jiný….Provozovatel předal kontroly zdroje jiné firmě","2024 - Waluš -ano, prý zdroj kompletně předělali, je funkční a servisuje ho někdo jiný….Provozovatel předal kontroly zdroje jiné firmě",,2022-06-21,,Bez termínu,šedá,49.74032,18.60229,OK Mapy.com,,čeká na přesné geokódování,"český těšín, průmyslová 2007, kovona, česká republika",2022-06-21,,,Bez termínu,šedá,2022-06-21 (nezjištěno),Kalendář FZ - 6 měsíců.xlsx,73,2016,,,Kotík - 731 104 137,Strong 10kVA/3f-30 minut,"Český Těšín, Průmyslová 2007, KOVONA",,,,,,,21/22,,,,,,,,,,,,,,,,,,,,,,,,,,,,,,,,,,,,,,,,,,,,,,,,,,,,,,,,,,,,,,,,,,,,,,,,,,,,,,,,1,,,,,"Český Těšín, Průmyslová 2007, KOVONA, Česká republika","Český Těšín, Průmyslová 2007, KOVONA, Česká republika"
"Český Těšín, Střelniční 257/3, Gerontocentrum","Český Těšín, Střelniční 257/3, Gerontocentrum","Český Těšín, Střelniční 257/3, Gerontocentrum, Česká republika",STRONG 55kVA/30kVA/3F-45 minut,STRONG 55kVA/30kVA/3F-45 minut,"Kneifel 792 374 930, 792 367 539","Kneifel 792 374 930, 792 367 539",Moravskoslezský,,,2026-07-20,2026-01-20,77.0,Více než 60 dnů,zelená,49.7431,18.62714,OK Mapy.com,,čeká na přesné geokódování,"český těšín, střelniční 257/3, gerontocentrum, česká republika",2026-01-20,2026-07-20,77.0,Více než 60 dnů,zelená,2026-01-20 (proběhlá); 2026-07-20 (plánovaná),Kalendář FZ - 6 měsíců.xlsx,74,2021,ano,ano,"Kneifel 792 374 930, 792 367 539",STRONG 55kVA/30kVA/3F-45 minut,"Český Těšín, Střelniční 257/3, Gerontocentrum",,20/26,,,,,,20/26,,,,,,,,,,,,,,,,,,,,,,,,,,,,,,,,,,,,,,,,,,,,,,,,,,,,,,,,,,,,,,,,,,,,,,,,,,,,,,,2,,,,,"Český Těšín, Střelniční 257/3, Gerontocentrum, Česká republika","Český Těšín, Střelniční 257/3, Gerontocentrum, Česká republika"
"Čimelice, SIKO koupelny","Čimelice, SIKO koupelny","Čimelice, SIKO koupelny, Česká republika",ASTIP PS 2000/3f-15 minut,ASTIP PS 2000/3f-15 minut,Zeithammel -737 260 153/jiří Vala 737 260 170,Zeithammel -737 260 153/jiří Vala 737 260 170,Jihočeský,,,2025-02-01,2025-02-01,-457.0,Po termínu,červená,49.46155,14.06926,OK Mapy.com,,čeká na přesné geokódování,"čimelice, siko koupelny, česká republika",2025-02-01,2025-02-01,-457.0,Po termínu,červená,2025-02-01 (plánovaná),"Kalendář FZ - 12 měsíců, 2023.xlsx",147,2018,ano,ano,,ASTIP PS 2000/3f-15 minut,,,,1/25,,,,,,,,,,,,,,,,,,,,,,,,,,,,,,,,,,,,,,,,,,,,,,,,,,,,,,,,,,,,,,,,,,,,,,,,,,,,,,,,,,,,1,"Čimelice, SIKO koupelny",,,,"Čimelice, SIKO koupelny, Česká republika","Čimelice, SIKO koupelny, Česká republika"
"Čáslav, Grand hotel, nám, J. Žižky z Trocnova 11","Čáslav, Grand hotel, nám, J. Žižky z Trocnova 11","Čáslav, Grand hotel, nám, J. Žižky z Trocnova 11, Česká republika","PS 7500/3f, 45 min.","PS 7500/3f, 45 min.","Čáslavská servisní, pí Janatová, 727 985 839","Čáslavská servisní, pí Janatová, 727 985 839",Středočeský,,,2026-02-26,2026-02-26,-67.0,Po termínu,červená,49.91065,15.39224,OK Mapy.com,,čeká na přesné geokódování,"čáslav, grand hotel, nám, j. žižky z trocnova 11, česká republika",2026-02-26,2026-02-26,-67.0,Po termínu,červená,2026-02-26 (plánovaná),Kalendář FZ - 6 měsíců.xlsx,59,2016,,,"Čáslavská servisní, pí Janatová, 727 985 839","PS 7500/3f, 45 min.","Čáslav, Grand hotel, nám, J. Žižky z Trocnova 11",,,26/26,,,,,,,,,,,,6000,Čáslavskou servisní,,,,,,,,,,,,,,,,,,,,,,,,,,,,,,,,,,,,,,,,,,,,,,,,,,,,,,,,,,,,,,,,,,,,,,,1,,,,,"Čáslav, Grand hotel, nám, J. Žižky z Trocnova 11, Česká republika","Čáslav, Grand hotel, nám, J. Žižky z Trocnova 11, Česká republika"
"Čáslav, Na Bělišti, Zimní  stadion","Čáslav, Na Bělišti, Zimní  stadion","Čáslav, Na Bělišti, Zimní stadion, Česká republika",PS 10kVA/3F - 15minut,PS 10kVA/3F - 15minut,Klinkáček - 736 452 001,Klinkáček - 736 452 001,Středočeský,,,2026-02-21,2025-08-21,-72.0,Po termínu,červená,49.91127,15.38199,OK Mapy.com,,čeká na přesné geokódování,"čáslav, na bělišti, zimní stadion, česká republika",2025-08-21,2026-02-21,-72.0,Po termínu,červená,2025-08-21 (proběhlá); 2026-02-21 (plánovaná),Kalendář FZ - 6 měsíců.xlsx,60,2016,,,Klinkáček - 736 452 001,PS 10kVA/3F - 15minut,"Čáslav, Na Bělišti, Zimní  stadion",,,21/26,,,,,,21/25,,,,,,7200,,,,,,,,,,,,,,,,,,,,,,,,,,,,,,,,,,,,,,,,,,,,,,,,,,,,,,,,,,,,,,,,,,,,,,,,2,,,,,"Čáslav, Na Bělišti, Zimní stadion, Česká republika","Čáslav, Na Bělišti, Zimní stadion, Česká republika"
"Čáslav, Nazaret 94, 59","Čáslav, Nazaret 94, 59","Nazaret 94, Čáslav, Česká republika",PS 4kVA/3f – 45 minut,PS 4kVA/3f – 45 minut,"Jar. Švarzová, 733 708 557","Jar. Švarzová, 733 708 557",Středočeský,"1.7.2021 -STOP STAV, měly se měnit lifepa, poslali zálohu, my jsme nedodrželi a nevyměnili, zálohu chtěli zpět a odstoupili od smlouvy","1.7.2021 -STOP STAV, měly se měnit lifepa, poslali zálohu, my jsme nedodrželi a nevyměnili, zálohu chtěli zpět a odstoupili od smlouvy",,2021-07-01,,Bez termínu,šedá,49.91379,15.38797,upraveno - znovu geokódovat,,Adresa automaticky upravena pro Mapy.com; spusť znovu geokodér.,"čáslav, nazaret 94, 59, česká republika",2021-07-01,,,Bez termínu,šedá,2021-07-01 (nezjištěno),Kalendář FZ - 6 měsíců.xlsx,61,2016,,,"Jar. Švarzová, 733 708 557",PS 4kVA/3f – 45 minut,"Čáslav, Nazaret 94, 59",,,,,,,,1/21,,,,,,,8500,Město Čáslav,Město Čáslav,,,,,,,,,,,,,,,,,,,,,,,,,,,,,,,,,,,,,,,,,,,,,,,,,,,,,,,,,,,,,,,,,,,,,,1,,,,,"Čáslav, Nazaret 94, 59, Česká republika","Nazaret 94, Čáslav, Česká republika"
"Říčany u Prahy, 17. listopadu, BD","Říčany u Prahy, 17. listopadu, BD","BD, 17. listopadu, Říčany u Prahy, Česká republika",ASTIP STRONG 5kVA/1kVA/30 minut,ASTIP STRONG 5kVA/1kVA/30 minut,Marvan 737 454 727,Marvan 737 454 727,Středočeský,,,2024-08-17,2024-08-17,-625.0,Po termínu,červená,49.9608,15.27856,upraveno - znovu geokódovat,,Adresa automaticky upravena pro Mapy.com; spusť znovu geokodér.,"říčany u prahy, 17. listopadu, bd, česká republika",2024-08-17,2024-08-17,-625.0,Po termínu,červená,2024-08-17 (plánovaná),"Kalendář FZ - 12 měsíců, 2023.xlsx",547,2022,,,,ASTIP STRONG 5kVA/1kVA/30 minut,,,,,,,,,,17/24,,,,,,,,,,,,,,,,,,,,,,,,,,,,,,,,,,,,,,,,,,,,,,,,,,,,,,,,,,,,,,,,,,,,,,,,,,,,,,1,"Říčany u Prahy, 17. listopadu, BD",,,,"Říčany u Prahy, 17. listopadu, BD, Česká republika","BD, 17. listopadu, Říčany u Prahy, Česká republika"
"Říčany, Mánesova 2630, Magic Hill","Říčany, Mánesova 2630, Magic Hill","Říčany, Mánesova 2630, Magic Hill, Česká republika","ASTIP PS 15kVA/3f-15 min, ASTIP PS 4kVA/3f-15 min","ASTIP PS 15kVA/3f-15 min, ASTIP PS 4kVA/3f-15 min",Löwy 739 365 282,Löwy 739 365 282,Středočeský,"u 4kVA - nutno dopojit signál sumární porucha, vzít svorky a vydrátovat","u 4kVA - nutno dopojit signál sumární porucha, vzít svorky a vydrátovat",2026-03-24,2025-09-24,-41.0,Po termínu,červená,49.99481,14.66283,OK Mapy.com,,čeká na přesné geokódování,"říčany, mánesova 2630, magic hill, česká republika",2025-09-24,2026-03-24,-41.0,Po termínu,červená,2025-09-24 (proběhlá); 2026-03-24 (plánovaná),Kalendář FZ - 6 měsíců.xlsx,318,2016,,,Löwy 739 365 282,"ASTIP PS 15kVA/3f-15 min, ASTIP PS 4kVA/3f-15 min","Říčany, Mánesova 2630, Magic Hill",,,,24/26,,,,,,24/25,,,,,,,,,,,,,,,,,,,,,,,,,,,,,,,,,,,,,,,,,,,,,,,,,,,,,,,,,,,,,,,,,,,,,,,,,,,,,2,,,,,"Říčany, Mánesova 2630, Magic Hill, Česká republika","Říčany, Mánesova 2630, Magic Hill, Česká republika"
"Šaľa, Admin. Budova 1236, centrum zdrav. starostlivosti","Šaľa, Admin. Budova 1236, centrum zdrav. starostlivosti","centrum zdrav. starostlivosti, Admin. 1236, Šaľa, Slovensko",ASTIP PS 30kVA/3F -45 minut,ASTIP PS 30kVA/3F -45 minut,"Ferenc +421 918 452 653, Lelovský +421 911 783 809","Ferenc +421 918 452 653, Lelovský +421 911 783 809",Slovensko,"není to PBZ, není k evakuačnímu výtahu,pouze jako pojistka…","není to PBZ, není k evakuačnímu výtahu,pouze jako pojistka…",2027-01-13,,254.0,Více než 60 dnů,zelená,50.20333,17.04268,upraveno - znovu geokódovat,,Adresa automaticky upravena pro Mapy.com; spusť znovu geokodér.,"šaľa, admin. budova 1236, centrum zdrav. starostlivosti, slovensko",,2027-01-13,254.0,Více než 60 dnů,zelená,2027-01-13 (plánovaná),"Kalendář FZ - 12 měsíců, 2023.xlsx",561,2023,,,,ASTIP PS 30kVA/3F -45 minut,,,13/27,,,,,,,,,,,,,,,,,,,,,,,,,,,,,,,,,,,,,,,,,,,,,,,,,,,,,,,,,,,,,,,,,,,,,,,,,,,,,,,,,,,,,1,"Šaľa, Admin. Budova 1236, centrum zdrav. starostlivosti",,,,"Šaľa, Admin. Budova 1236, centrum zdrav. starostlivosti, Slovensko","centrum zdrav. starostlivosti, Admin. 1236, Šaľa, Slovensko"
"Šestajovice, p.k. Solvent","Šestajovice, p.k. Solvent","Šestajovice, p.k. Solvent, Česká republika",R-SOZ,R-SOZ,,,Středočeský,,,2022-01-14,2022-01-14,-1571.0,Po termínu,červená,50.11886,14.66052,OK Mapy.com,,čeká na přesné geokódování,"šestajovice, p.k. solvent, česká republika",2022-01-14,2022-01-14,-1571.0,Po termínu,červená,2022-01-14 (plánovaná),"Kalendář FZ - 12 měsíců, 2023.xlsx",562,bez,,,,R-SOZ,,,14/22,,,,,,,,,,,,,,,,,,,,,,,,,,,,,,,,,,,,,,,,,,,,,,,,,,,,,,,,,,,,,,,,,,,,,,,,,,,,,,,,,,,,,1,"Šestajovice, p.k. Solvent",,,,"Šestajovice, p.k. Solvent, Česká republika","Šestajovice, p.k. Solvent, Česká republika"
"Šlapanice u Brna, Nádražní 9","Šlapanice u Brna, Nádražní 9","Šlapanice u Brna, Nádražní 9, Česká republika",PS 4000/3f - 30min.,PS 4000/3f - 30min.,Brunclík - 602 544 000,Brunclík - 602 544 000,Jihomoravský,"12.11.2020  - STOP STAV - strašné problémy, nechtěli platit faktury za FZ, rozešli jsme se ve zlém","12.11.2020  - STOP STAV - strašné problémy, nechtěli platit faktury za FZ, rozešli jsme se ve zlém",,2020-11-12,,Bez termínu,šedá,49.16578,16.72675,OK Mapy.com,,čeká na přesné geokódování,"šlapanice u brna, nádražní 9, česká republika",2020-11-12,,,Bez termínu,šedá,2020-11-12 (nezjištěno),"Kalendář FZ - 12 měsíců, 2023.xlsx",563,2018,ano,,,PS 4000/3f - 30min.,,,,,,,,,,,,,12/20,,,,,,,,,,,,,,,,,,,,,,,,,,,,,,,,,,,,,,,,,,,,,,,,,,,,,,,,,,,,,,,,,,,,,,,,,,,1,"Šlapanice u Brna, Nádražní 9",,,,"Šlapanice u Brna, Nádražní 9, Česká republika","Šlapanice u Brna, Nádražní 9, Česká republika"
"Šlapanice u Brna, Švehlova 80","Šlapanice u Brna, Švehlova 80","Šlapanice u Brna, Švehlova 80, Česká republika",ASTIP STRONG 2 Kva/3F-15 minut-Ei45,ASTIP STRONG 2 Kva/3F-15 minut-Ei45,pan Mlčoch 775 654 458,pan Mlčoch 775 654 458,Jihomoravský,,,2025-05-16,2025-05-16,-353.0,Po termínu,červená,49.15969,16.72391,OK Mapy.com,,čeká na přesné geokódování,"šlapanice u brna, švehlova 80, česká republika",2025-05-16,2025-05-16,-353.0,Po termínu,červená,2025-05-16 (plánovaná),"Kalendář FZ - 12 měsíců, 2023.xlsx",564,2021,ano,,,ASTIP STRONG 2 Kva/3F-15 minut-Ei45,,,,,,,16/25,,,,,,,,,,,,,,,,,,,,,,,,,,,,,,,,,,,,,,,,,,,,,,,,,,,,,,,,,,,,,,,,,,,,,,,,,,,,,,,,,1,"Šlapanice u Brna, Švehlova 80",,,,"Šlapanice u Brna, Švehlova 80, Česká republika","Šlapanice u Brna, Švehlova 80, Česká republika"
"Špindlerův Mlýn, Horní 348, BD","Špindlerův Mlýn, Horní 348, BD","BD, Horní 348, Špindlerův Mlýn, Česká republika","ASTIP STRONG 4 000VA/3F-45 minut + 75kVA/3F-15,45 minut","ASTIP STRONG 4 000VA/3F-45 minut + 75kVA/3F-15,45 minut",Ing. Šustek 775 706 121,Ing. Šustek 775 706 121,Královehradecký,,,2027-01-03,,244.0,Více než 60 dnů,zelená,50.04793,16.07916,upraveno - znovu geokódovat,,Adresa automaticky upravena pro Mapy.com; spusť znovu geokodér.,"špindlerův mlýn, horní 348, bd, česká republika",,2027-01-03,244.0,Více než 60 dnů,zelená,2027-01-03 (plánovaná); 2027-02-16 (plánovaná),"Kalendář FZ - 12 měsíců, 2023.xlsx",565,"2021, 2024",,,,"ASTIP STRONG 4 000VA/3F-45 minut + 75kVA/3F-15,45 minut",,,3/27-1x stop stav 2026,16/27,,,,,,,,,,,,,,,,,,,,,,,,,,,,,,,,,,,,,,,,,,,,,,,,,,,,,,,,,,,,,,,,,,,,,,,,,,,,,,,,,,,,2,"Špindlerův Mlýn, Horní 348, BD",,,,"Špindlerův Mlýn, Horní 348, BD, Česká republika","BD, Horní 348, Špindlerův Mlýn, Česká republika"
"Špindlerův Mlýn, Kostelní 347, hotel Palace","Špindlerův Mlýn, Kostelní 347, hotel Palace","hotel Palace, Kostelní 347, Špindlerův Mlýn, Česká republika",ASTIP STRONG 50kVA/30kVA/3F-45 minut,ASTIP STRONG 50kVA/30kVA/3F-45 minut,Drha 602 234 567,Drha 602 234 567,Královehradecký,,,2026-08-16,2026-02-16,104.0,Více než 60 dnů,zelená,50.46289,16.19097,upraveno - znovu geokódovat,,Adresa automaticky upravena pro Mapy.com; spusť znovu geokodér.,"špindlerův mlýn, kostelní 347, hotel palace, česká republika",2026-02-16,2026-08-16,104.0,Více než 60 dnů,zelená,2026-02-16 (proběhlá); 2026-08-16 (plánovaná),Kalendář FZ - 6 měsíců.xlsx,328,2021,,,Drha 602 234 567,ASTIP STRONG 50kVA/30kVA/3F-45 minut,"Špindlerův Mlýn, Kostelní 347, hotel Palace",,,16/26,,,,,,16/26,,,,,,,,,,,,,,,,,,,,,,,,,,,,,,,,,,,,,,,,,,,,,,,,,,,,,,,,,,,,,,,,,,,,,,,,,,,,,,2,,,,,"Špindlerův Mlýn, Kostelní 347, hotel Palace, Česká republika","hotel Palace, Kostelní 347, Špindlerův Mlýn, Česká republika"
"Špindlerův Mlýn, Okružní","Špindlerův Mlýn, Okružní","Špindlerův Mlýn, Okružní, Česká republika",PS 3kVA/3f-10 minut,PS 3kVA/3f-10 minut,Křivánek - 608 311 117,Křivánek - 608 311 117,Královehradecký,,,2027-02-16,,288.0,Více než 60 dnů,zelená,50.72821,15.60993,OK Mapy.com,,čeká na přesné geokódování,"špindlerův mlýn, okružní, česká republika",,2027-02-16,288.0,Více než 60 dnů,zelená,2027-02-16 (plánovaná),"Kalendář FZ - 12 měsíců, 2023.xlsx",566,"2015, nově 2025",,,,  PS 3kVA/3f-10 minut,,,,16/27,,,,,,,,,,,,,,,,,,,,,,,,,,,,,,,,,,,,,,,,,,,,,,,,,,,,,,,,,,,,,,,,,,,,,,,,,,,,,,,,,,,,1,"Špindlerův Mlýn, Okružní",,,,"Špindlerův Mlýn, Okružní, Česká republika","Špindlerův Mlýn, Okružní, Česká republika"
"Šternberk, Na Valech 14, DPS","Šternberk, Na Valech 14, DPS","Šternberk, Na Valech 14, DPS, Česká republika",LiftBack 10000/3f-45 minut,LiftBack 10000/3f-45 minut,Mačalová - 777 781 438,Mačalová - 777 781 438,Olomoucký,!!!! Paní Mačálová chce zkoušet 45 minut a je to kráva !!!,!!!! Paní Mačálová chce zkoušet 45 minut a je to kráva !!!,2026-07-12,2026-01-12,69.0,Více než 60 dnů,zelená,49.73363,17.30361,OK Mapy.com,,čeká na přesné geokódování,"šternberk, na valech 14, dps, česká republika",2026-01-12,2026-07-12,69.0,Více než 60 dnů,zelená,2026-01-12 (proběhlá); 2026-07-12 (plánovaná),Kalendář FZ - 6 měsíců.xlsx,329,2017,,,Mačalová - 777 781 438,LiftBack 10000/3f-45 minut,"Šternberk, Na Valech 14, DPS",,12/26,,,,,,12/26,,,,,,,5800,,,,,,,,,,,,,,,,,,,,,,,,,,,,,,,,,,,,,,,,,,,,,,,,,,,,,,,,,,,,,,,,,,,,,,,,2,,,,,"Šternberk, Na Valech 14, DPS, Česká republika","Šternberk, Na Valech 14, DPS, Česká republika"
"Šumperk, 17. listopadu, Hotel Perk","Šumperk, 17. listopadu, Hotel Perk","Šumperk, 17. listopadu, Hotel Perk, Česká republika",ASTIP STRONG Liftback 82kVA/15kVA/3F-45 minut,ASTIP STRONG Liftback 82kVA/15kVA/3F-45 minut,Kantor 606 705 804,Kantor 606 705 804,Olomoucký,,,2026-09-10,2026-03-10,129.0,Více než 60 dnů,zelená,49.96584,16.98008,OK Mapy.com,,čeká na přesné geokódování,"šumperk, 17. listopadu, hotel perk, česká republika",2026-03-10,2026-09-10,129.0,Více než 60 dnů,zelená,2026-03-10 (proběhlá); 2026-09-10 (plánovaná),Kalendář FZ - 6 měsíců.xlsx,330,2023,,,Kantor 606 705 804,ASTIP STRONG Liftback 82kVA/15kVA/3F-45 minut,"Šumperk, 17. listopadu, Hotel Perk",,,,10/26,,,,,,10/26,,,,,,,,,,,,,,,,,,,,,,,,,,,,,,,,,,,,,,,,,,,,,,,,,,,,,,,,,,,,,,,,,,,,,,,,,,,,,2,,,,,"Šumperk, 17. listopadu, Hotel Perk, Česká republika","Šumperk, 17. listopadu, Hotel Perk, Česká republika"
"Žatec, CTPark","Žatec, CTPark","Žatec, CTPark, Česká republika",STRONG 7 500VA/1F - 5 minut,STRONG 7 500VA/1F - 5 minut,Reichelt 774 071 308,Reichelt 774 071 308,Ústecký,,,2025-11-07,2025-11-07,-178.0,Po termínu,červená,50.37204,13.58041,OK Mapy.com,,čeká na přesné geokódování,"žatec, ctpark, česká republika",2025-11-07,2025-11-07,-178.0,Po termínu,červená,2025-11-07 (plánovaná),"Kalendář FZ - 12 měsíců, 2023.xlsx",608,2020,,,,STRONG 7 500VA/1F - 5 minut,,,,,,,,,,,,,7/25,,,,,,,,,,,,,,,,,,,,,,,,,,,,,,,,,,,,,,,,,,,,,,,,,,,,,,,,,,,,,,,,,,,,,,,,,,,1,"Žatec, CTPark",,,,"Žatec, CTPark, Česká republika","Žatec, CTPark, Česká republika"
"Žatec, průmyslová zona TRIANGEL, f GRAMMER","Žatec, průmyslová zona TRIANGEL, f GRAMMER","Žatec, průmyslová zona TRIANGEL, f GRAMMER, Česká republika",ASTIP STRONG 4 000VA/1F -5 minut,ASTIP STRONG 4 000VA/1F -5 minut,Tibitanzl 602 345 471,Tibitanzl 602 345 471,Ústecký,"2025 -4 x STRONG 2kVA, 1 x 3kVA","2025 -4 x STRONG 2kVA, 1 x 3kVA",2027-03-19,,319.0,Více než 60 dnů,zelená,50.37141,13.5798,OK Mapy.com,,čeká na přesné geokódování,"žatec, průmyslová zona triangel, f grammer, česká republika",,2027-03-19,319.0,Více než 60 dnů,zelená,2027-03-19 (plánovaná),"Kalendář FZ - 12 měsíců, 2023.xlsx",609,2020,,,,ASTIP STRONG 4 000VA/1F -5 minut,,,,,19/27,,,,,,,,,,,,,,,,,,,,,,,,,,,,,,,,,,,,,,,,,,,,,,,,,,,,,,,,,,,,,,,,,,,,,,,,,,,,,,,,,,,1,"Žatec, průmyslová zona TRIANGEL, f GRAMMER",,,,"Žatec, průmyslová zona TRIANGEL, f GRAMMER, Česká republika","Žatec, průmyslová zona TRIANGEL, f GRAMMER, Česká republika"
"Žebrák, Hradní 67, ZŠ","Žebrák, Hradní 67, ZŠ","Žebrák, Hradní 67, ZŠ, Česká republika",ASTIP STRONG 30kVA/3f-45 min,ASTIP STRONG 30kVA/3f-45 min,Křikavová 722 992 605,Křikavová 722 992 605,Středočeský,moc nechtějí provádět fz,moc nechtějí provádět fz,2026-06-02,2025-12-02,29.0,7–30 dnů,oranžová,49.87671,13.89359,OK Mapy.com,,čeká na přesné geokódování,"žebrák, hradní 67, zš, česká republika",2025-12-02,2026-06-02,29.0,7–30 dnů,oranžová,2025-12-02 (proběhlá); 2026-06-02 (plánovaná),Kalendář FZ - 6 měsíců.xlsx,373,2024,ano,,Křikavová 722 992 605,ASTIP STRONG 30kVA/3f-45 min,"Žebrák, Hradní 67, ZŠ",,,,,,,2/26,,,,,,2/25,,510e,,,,,,,,,,,,,,,,,,,,,,,,,,,,,,,,,,,,,,,,,,,,,,,,,,,,,,,,,,,,,,,,,,,,,,,,2,,,,,"Žebrák, Hradní 67, ZŠ, Česká republika","Žebrák, Hradní 67, ZŠ, Česká republika"
"Železná Ruda, Hotel Ostrý","Železná Ruda, Hotel Ostrý","Železná Ruda, Hotel Ostrý, Česká republika",PS 15 kVA/3f-45 minut,PS 15 kVA/3f-45 minut,Marcela Horáková - 731 749 433,Marcela Horáková - 731 749 433,Plzeňský,Horáková končí v nájmu,Horáková končí v nájmu,,,,Bez termínu,šedá,49.13757,13.2321,OK Mapy.com,,čeká na přesné geokódování,"železná ruda, hotel ostrý, česká republika",,,,Bez termínu,šedá,,"Kalendář FZ - 12 měsíců, 2023.xlsx",611,2014,ano,,,  PS 15 kVA/3f-45 minut,,,,10,,,,,,,,,,,,,,,,,,,,,,,,,,,,,,,,,,,,,,,,,,,,,,,,,,,,,,,,,,,,,,,,,,,,,,,,,,,,,,,,,,,,0,"Železná Ruda, Hotel Ostrý",,,,"Železná Ruda, Hotel Ostrý, Česká republika","Železná Ruda, Hotel Ostrý, Česká republika"
"Žiar nad Hronom, Priemyselná 100 (SK)","Žiar nad Hronom, Priemyselná 100 (SK)","Žiar nad Hronom, Priemyselná 100 (SK), Slovensko",2x 1500/3f,2x 1500/3f,Ing. Ján Vinarčík - 421908293061,Ing. Ján Vinarčík - 421908293061,Slovensko,,,2020-07-29,2020-07-29,-2105.0,Po termínu,červená,48.57455,18.86666,OK Mapy.com,,čeká na přesné geokódování,"žiar nad hronom, priemyselná 100 (sk), slovensko",2020-07-29,2020-07-29,-2105.0,Po termínu,červená,2020-07-29 (plánovaná),Kalendář FZ - 6 měsíců.xlsx,374,2018,,,Ing. Ján Vinarčík - 421908293061,2x 1500/3f,"Žiar nad Hronom, Priemyselná 100 (SK)",,,,,,,,29/20,,,,,,,7500,,,ano,,,,,,,,,,,,,,,,,,,,,,,,,,,,,,,,,,,,,,,,,,,,,,,,,,,,,,,,,,,,,,,,,,,,,1,,,,,"Žiar nad Hronom, Priemyselná 100 (SK), Slovensko","Žiar nad Hronom, Priemyselná 100 (SK), Slovensko"
"Židlochovice, Topolová 933, LAC s.r.o.","Židlochovice, Topolová 933, LAC s.r.o.","Židlochovice, Topolová 933, LAC s.r.o., Česká republika","STRONG 1000VA/1f, OFF-LINE","STRONG 1000VA/1f, OFF-LINE","Cyril Kunis, 777 566 349","Cyril Kunis, 777 566 349",Jihomoravský,,,2023-04-11,2023-04-11,-1119.0,Po termínu,červená,49.02684,16.62097,OK Mapy.com,,čeká na přesné geokódování,"židlochovice, topolová 933, lac s.r.o., česká republika",2023-04-11,2023-04-11,-1119.0,Po termínu,červená,2023-04-11 (plánovaná),Kalendář FZ - 6 měsíců.xlsx,375,2018,ano,,"Cyril Kunis, 777 566 349","STRONG 1000VA/1f, OFF-LINE","Židlochovice, Topolová 933, LAC s.r.o.",,,,,11/23,,,,,,,,,,,,,,,,,,,,,,,,,,,,,,,,,,,,,,,,,,,,,,,,,,,,,,,,,,,,,,,,,,,,,,,,,,,,,,,,,,1,,,,,"Židlochovice, Topolová 933, LAC s.r.o., Česká republika","Židlochovice, Topolová 933, LAC s.r.o., Česká republika"
"Žirovnice, Žižkova 394, KODUS","Žirovnice, Žižkova 394, KODUS","Žirovnice, Žižkova 394, KODUS, Česká republika",PS 10 000/3f - 30 min,PS 10 000/3f - 30 min,Matoušek - 723 289 370,Matoušek - 723 289 370,Vysočina,KODUS,KODUS,2026-09-24,2026-03-24,143.0,Více než 60 dnů,zelená,49.25488,15.1873,OK Mapy.com,,čeká na přesné geokódování,"žirovnice, žižkova 394, kodus, česká republika",2026-03-24,2026-09-24,143.0,Více než 60 dnů,zelená,2026-03-24 (proběhlá); 2026-09-24 (plánovaná),Kalendář FZ - 6 měsíců.xlsx,376,2017,,,Matoušek - 723 289 370,PS 10 000/3f - 30 min,"Žirovnice, Žižkova 394, KODUS",,,,24/26,,,,,,24/26,,,,,,,,,,,,,,,,,,,,,,,,,,,,,,,,,,,,,,,,,,,,,,,,,,,,,,,,,,,,,,,,,,,,,,,,,,,,,2,,,,,"Žirovnice, Žižkova 394, KODUS, Česká republika","Žirovnice, Žižkova 394, KODUS, Česká republika"
"Žďár nad Sázavou, Jamská 2678/83, hala","Žďár nad Sázavou, Jamská 2678/83, hala","hala, Jamská 2678/83, Žďár nad Sázavou, Česká republika",ASTIP STRONG 20kVA/2kVA/3F -30 min,ASTIP STRONG 20kVA/2kVA/3F -30 min,Ing. Lukáš Teplý 724 469 741,Ing. Lukáš Teplý 724 469 741,Vysočina,,,2027-04-01,,332.0,Více než 60 dnů,zelená,49.55248,15.95629,upraveno - znovu geokódovat,,Adresa automaticky upravena pro Mapy.com; spusť znovu geokodér.,"žďár nad sázavou, jamská 2678/83, hala, česká republika",,2027-04-01,332.0,Více než 60 dnů,zelená,2027-04-01 (plánovaná),"Kalendář FZ - 12 měsíců, 2023.xlsx",610,2024,,,,ASTIP STRONG 20kVA/2kVA/3F -30 min,,,,,,1/27,,,,,,,,,,,,,,,,,,,,,,,,,,,,,,,,,,,,,,,,,,,,,,,,,,,,,,,,,,,,,,,,,,,,,,,,,,,,,,,,,,1,"Žďár nad Sázavou, Jamská 2678/83, hala",,,,"Žďár nad Sázavou, Jamská 2678/83, hala, Česká republika","hala, Jamská 2678/83, Žďár nad Sázavou, Česká republika"
